sdp_identifier,state_code,state_name,payment_type,payment_type_normalised,provider_class,review_type,review_type_normalised,rating_period_start,rating_period_end,identifier_suffix,description,document_type,form_template,total_amount_cents,total_amount_usd,total_amount_raw,federal_share_cents,federal_share_raw,nonfederal_share_cents,nonfederal_share_raw,letter_amount_cents,letter_matched_phrase,amount_is_publishable,amount_unit_assumed,amount_implausible,amount_issue,cms_id_in_document,identifier_mismatch,identifier_repairs,identifier_issue,source_url,source_sha256,retrieved_at,excluded_reason,extraction_version
AR_Fee_BHI_New_20220101-20221231,AR,Arkansas,Fee,FEE,BHI,New,New,2022-01-01,2022-12-31,,"Uniform dollar increase for psychiatric residential treatment facilities not located in hospitals for the rating period covering January 1, 2022 through December 31, 2022, incorporated in the capitation rates through a separate payment term of up to $5,102,154.",approval,numbered,510215400.0,5102154.0,"$5,102,154",395468000.0,"$3,954,680",114747400.0,"$1,147,474",510215400.0,separate_payment_term,True,False,False,,,,,,https://www.medicaid.gov/medicaid/managed-care/downloads/ar-fee-bhi-new-20220101-20221231.pdf,4fc52e53079295ce5de81ae0274c43cf9639e219fba096882b67b2fc79b2e080,2026-09-30T16:30:09Z,,0.1.0
AR_Fee_HCBS.BHO.Oth_Amend2_20220101-20221231,AR,Arkansas,Fee,FEE,HCBS.BHO.Oth,Amend2,Amendment,2022-01-01,2022-12-31,,"The uniform percentage increase established by the state for certain providers of HCBS services for the rating period covering January 1, 2022 through December 31, 2022, incorporated in the capitation rates through a separate payment term of up to $54,542,328.",approval,numbered,5454232800.0,54542328.0,"Update: $54,542,328",4227649457.0,"Update: $42,276,494.57",1226583343.0,"Update: $12,265,833.43",5454232800.0,separate_payment_term,True,False,False,,,,,,https://www.medicaid.gov/medicaid/managed-care/downloads/ar-fee-hcbs.bho.oth-amend2-20220101-20221231.pdf,b986ddb351bcc4bb1622a75c6d0cb2f48c15384d3ac3d701801744da29c4fed7,2026-09-30T16:30:12Z,,0.1.0
AZ_Fee_AMC.PC.SP.D_Renewal_20251001-20260930,AZ,Arizona,Fee,FEE,AMC.PC.SP.D,Renewal,Renewal,2025-10-01,2026-09-30,,"Uniform percentage increase, entitled Access to Professional Services Initiative, established by the state for qualified practitioners affiliated with one of the designated hospitals for the rating period covering October 1, 2025 through September 30, 2026, incorporated into the capitation rate through a separate payment term of up to $388,330,000.",phase_down_determination,numbered,38833000000.0,388330000.0,$388.33 M including the impact of premium tax,28395000000.0,$283.95 M,10438000000.0,$104.38 M,38833000000.0,separate_payment_term,True,False,False,,AZ_Fee_AMC.PC.SP_Renewal_20251001-20260930,filename says 'AZ_Fee_AMC.PC.SP.D_Renewal_20251001-20260930'; document says 'AZ_Fee_AMC.PC.SP_Renewal_20251001-20260930',,,https://www.medicaid.gov/medicaid/managed-care/downloads/AZ_Fee_AMC.PC.SP.D_Renewal_20251001-20260930.pdf,07f0ac6d2233dc5c762714424a6183df7ae43e072f275500450274caef782155,2026-09-30T16:30:15Z,,0.1.0
AZ_Fee_AMC.PC.SP_Renewal_20241001-20250930,AZ,Arizona,Fee,FEE,AMC.PC.SP,Renewal,Renewal,2024-10-01,2025-09-30,,"Uniform percentage increase, entitled Access to Professional Services Initiative, established by the state for qualified practitioners affiliated with one of the designated hospitals for the rating period covering October 1, 2024 through September 30, 2025, incorporated into the capitation rate through a separate payment term of up to $310.4million.",form_only_no_letter,numbered,31040000000.0,310400000.0,$310.4 million including the impact of premium tax,22790000000.0,$227.9 M,8250000000.0,$82.5 M,,,True,False,False,,AZ_Fee_AMC_Renewal_20241001-20250930,filename says 'AZ_Fee_AMC.PC.SP_Renewal_20241001-20250930'; document says 'AZ_Fee_AMC_Renewal_20241001-20250930',,,https://www.medicaid.gov/medicaid/managed-care/downloads/AZ_Fee_AMC.PC.SP_Renewal_20241001-20250930.pdf,d0b8009ed2522684a44826646dee08b645c038070705bbf0735f7720f3b7e695,2026-09-30T16:30:22Z,,0.1.0
AZ_Fee_AMC_Amend2_20221001-20230930,AZ,Arizona,Fee,FEE,AMC,Amend2,Amendment,2022-10-01,2023-09-30,,"Uniform percentage increase, entitled Access to Professional Services Initiative, established by the state for qualified practitioners affiliated with one of the designated hospitals for the rating period covering October 1, 2022 through September 30, 2023, incorporated into the capitation rate through a separate payment term of up to $203.7 million.",form_only_no_letter,numbered,20370000000.0,203700000.0,$203.7 million including the impact of premium tax,15960000000.0,$159.6 M,4410000000.0,$44.1 M,,,True,False,False,,AZ_Fee_AMC_Amend_20221001-20230930 /AZ_Fee_AMC_Renewal_20221001-20230930,filename says 'AZ_Fee_AMC_Amend2_20221001-20230930'; document says 'AZ_Fee_AMC_Amend_20221001-20230930 /AZ_Fee_AMC_Renewal_20221001-20230930',,,https://www.medicaid.gov/medicaid/managed-care/downloads/AZ_Fee_AMC_Amend2_20221001-20230930.pdf,7f7919f52ff46c515039e9a1d9378c7d7508386e9f1ec2a0de8958bd4cc92601,2026-09-30T16:30:25Z,,0.1.0
AZ_Fee_AMC_Amend_ 20211001-20220930,AZ,Arizona,Fee,FEE,AMC,Amend,Amendment,2021-10-01,2022-09-30,,"Uniform percentage increase, entitled Access to Professional Services Initiative, established by the state for qualified practitioners affiliated with one of the designated hospitals for the rating period covering October 1, 2021 through September 30, 2022, incorporated into the capitation rate through a separate payment term of up to $158.6 million.",approval,numbered,15860000000.0,158600000.0,$158.6 million including the impact of premium tax,12720.0,127.2,3140.0,31.4,15860000000.0,separate_payment_term,True,False,False,,AZ_Fee_AMC_Renewal_20211001-20220930,filename says 'AZ_Fee_AMC_Amend_ 20211001-20220930'; document says 'AZ_Fee_AMC_Renewal_20211001-20220930',,,https://www.medicaid.gov/medicaid/managed-care/downloads/AZ_Fee_AMC_Amend_ 20211001-20220930.pdf,a5ab1d4e2d1c378840b3a0cd682a9ccb76739ab90eb118d60b9d8e7f678f2073,2026-09-30T16:30:34Z,,0.1.0
AZ_Fee_AMC_Amend_20221001-20230930,AZ,Arizona,Fee,FEE,AMC,Amend,Amendment,2022-10-01,2023-09-30,,"Uniform percentage increase, entitled Access to Professional Services Initiative, established by the state for qualified practitioners affiliated with one of the designated hospitals for the rating period covering October 1, 2022 through September 30, 2023, incorporated into the capitation rate through a separate payment term of up to $203.8 million.",approval,numbered,20380000000.0,203800000.0,$203.8 million including the impact of premium tax,15900000000.0,"$159,000,000",4480000000.0,"$44,800,000",20380000000.0,separate_payment_term,True,False,False,,AZ_Fee_AMC_Amend_20221001-20230930 /AZ_Fee_AMC_Renewal_20221001-20230930,,,,https://www.medicaid.gov/medicaid/managed-care/downloads/AZ_Fee_AMC_Amend_20221001-20230930.pdf,d08d17a62c8189cd8fc5405c1e7b5f02e8d526af524661e6b3f1c2defb2f2b1b,2026-09-30T16:30:41Z,,0.1.0
AZ_Fee_AMC_Renewal_20231001-20240930,AZ,Arizona,Fee,FEE,AMC,Renewal,Renewal,2023-10-01,2024-09-30,,"Uniform percentage increase, entitled Access to Professional Services Initiative, established by the state for qualified practitioners affiliated with one of the designated hospitals for the rating period covering October 1, 2023 through September 30, 2024, incorporated into the capitation rate through a separate payment term of up to $238.60 million.",approval,numbered,23860000000.0,238600000.0,$238.60 million including the impact of premium tax,17722000000.0,$177.22M,6138000000.0,$61.38M,23860000000.0,separate_payment_term,True,False,False,,AZ_Fee_AMC_Renewal_20231001-20240930,,,,https://www.medicaid.gov/medicaid/managed-care/downloads/az-fee-amc-renewal-20231001-20240930.pdf,2316d429d2efc955fa47d1ad303f4d56937c0f5e9e2af6df6541b1a1451323b3,2026-09-30T16:30:43Z,,0.1.0
AZ_Fee_HCBS.BHO1_Renewal_20221001-20230930,AZ,Arizona,Fee,FEE,HCBS.BHO1,Renewal,Renewal,2022-10-01,2023-09-30,,"Uniform percentage increase to registered providers who provide qualifying HCBS and Behavioral Health Outpatient services for the rating period, October 1, 2022 through September 30, 2023, incorporated into the capitation rates through a separate payment term up to $385.1 million.",form_only_no_letter,numbered,51073000000.0,510730000.0,$510.73 Million including the impact of premium tax,39697.0,396.97,11376.0,113.76,,,True,False,False,,AZ_Fee_HCBS.BHO1_Renewal_20211001-20220930,filename says 'AZ_Fee_HCBS.BHO1_Renewal_20221001-20230930'; document says 'AZ_Fee_HCBS.BHO1_Renewal_20211001-20220930',,,https://www.medicaid.gov/medicaid/managed-care/downloads/AZ_Fee_HCBS.BHO1_Renewal_20221001-20230930.pdf,c0e30ec94440d58a6d226d14eb09548b0d93820fe4d2161a1ede46bdba4b00b4,2026-09-30T16:30:45Z,,0.1.0
AZ_Fee_IP.OP.PC.SP.NF.HCBS.BHI.BHO.D_Renewal_20211001-20220930,AZ,Arizona,Fee,FEE,IP.OP.PC.SP.NF.HCBS.BHI.BHO.D,Renewal,Renewal,2021-10-01,2022-09-30,,"Uniform increase established by the state for Differential Adjusted Payments (DAP) program eligible providers for the rating period covering October 1, 2022 through September 30, 2023, and incorporated in the capitation rates through a risk based rate adjustment.",approval,numbered,13487000000.0,134870000.0,$134.87M (including the impact of premium tax),10430.0,104.30,3057.0,30.57,,,True,False,False,,AZ_Fee_IP.OP.PC.SP.NF.HCBS.BHI.BHO.D_Renewal_20221001-20230930,filename says 'AZ_Fee_IP.OP.PC.SP.NF.HCBS.BHI.BHO.D_Renewal_20211001-20220930'; document says 'AZ_Fee_IP.OP.PC.SP.NF.HCBS.BHI.BHO.D_Renewal_20221001-20230930',,,https://www.medicaid.gov/medicaid/managed-care/downloads/az-fee-ip.op.pc.sp.nf.hcbs.bhi.bho.d-renewal-20221001-20230930.pdf,a6e6dfeaea96fac946bb5edd7b88d167f919a262b2071685fc900f4eda11b90f,2026-09-30T16:30:48Z,,0.1.0
AZ_Fee_IPH.OPH.PC.SP.NF.HCBS.BHI.BHO.D_Amend_20251001-20260930,AZ,Arizona,Fee,FEE,IPH.OPH.PC.SP.NF.HCBS.BHI.BHO.D,Amend,Amendment,2025-10-01,2026-09-30,,"Uniform percentage increase established by the state for Differential Adjusted Payments (DAP) program eligible providers for the rating period covering October 1, 2025 through September 30, 2026, and incorporated in the capitation rates through a risk based adjustment up to $150,850,000.",phase_down_determination,prose,,,,,,,,15085000000.0,risk_based_adjustment,False,False,False,not read,,,,,https://www.medicaid.gov/medicaid/managed-care/downloads/AZ_Fee_IPH.OPH.PC.SP.NF.HCBS.BHI.BHO.D_Amend_20251001-20260930.pdf,2dae05d9085a687b84c0ac4a22702d0b00310fa149f330100c38364d7ef94b58,2026-09-30T16:30:50Z,,0.1.0
AZ_Fee_IPH.OPH.PC.SP.NF.HCBS.BHI.BHO.D_Renewal_20231001-20240930,AZ,Arizona,Fee,FEE,IPH.OPH.PC.SP.NF.HCBS.BHI.BHO.D,Renewal,Renewal,2023-10-01,2024-09-30,,"Uniform increase established by the state for Differential Adjusted Payments (DAP) program eligible providers for the rating period covering October 1, 2023 through September 30, 2024, and incorporated in the capitation rates through a risk based rate adjustment.",approval,numbered,14487000000.0,144870000.0,$144.87 million including the impact of premium tax,10496000000.0,$104.96 M,3991000000.0,$39.91M,,,True,False,False,,AZ_Fee_IP.OP.PC.SP.NF.HCBS.BHI.BHO.D_Renewal_20231001-20240930,filename says 'AZ_Fee_IPH.OPH.PC.SP.NF.HCBS.BHI.BHO.D_Renewal_20231001-20240930'; document says 'AZ_Fee_IP.OP.PC.SP.NF.HCBS.BHI.BHO.D_Renewal_20231001-20240930',,,https://www.medicaid.gov/medicaid/managed-care/downloads/AZ_Fee_IPH.OPH.PC.SP.NF.HCBS.BHI.BHO.D_Renewal_20231001-20240930.pdf,e4cb15e68373b54f031b7ff7b7094de247655b382385d702eecd714055ba9051,2026-09-30T16:30:52Z,,0.1.0
AZ_Fee_IPH.OPH.PC.SP.NF.HCBS.BHI.BHO.D_Renewal_20241001-20250930,AZ,Arizona,Fee,FEE,IPH.OPH.PC.SP.NF.HCBS.BHI.BHO.D,Renewal,Renewal,2024-10-01,2025-09-30,,"Uniform percentage increase established by the state for Differential Adjusted Payments (DAP) program eligible providers for the rating period covering October 1,2024 through September 30, 2025, and incorporated in the capitation rate through a risk based adjustment.",form_only_no_letter,numbered,16540000000.0,165400000.0,$165.4 million including the impact of premium tax,11930000000.0,$119.3 M,4610000000.0,$46.1M,,,True,False,False,,AZ_Fee_IP.OP.PC.SP.NF.HCBS.BHI.BHO.D_Renewal_20241001-20250930,filename says 'AZ_Fee_IPH.OPH.PC.SP.NF.HCBS.BHI.BHO.D_Renewal_20241001-20250930'; document says 'AZ_Fee_IP.OP.PC.SP.NF.HCBS.BHI.BHO.D_Renewal_20241001-20250930',,,https://www.medicaid.gov/medicaid/managed-care/downloads/AZ_Fee_IPH.OPH.PC.SP.NF.HCBS.BHI.BHO.D_Renewal_20241001-20250930.pdf,877fe8d6aa8789434bff8d66e8758d439a62a82f9b31b58a92aa02c8ceede069,2026-09-30T16:30:54Z,,0.1.0
AZ_Fee_IPH.OPH.PC.SP.NF.HCBS.BHI.BHO.D_Renewal_20251001-20260930,AZ,Arizona,Fee,FEE,IPH.OPH.PC.SP.NF.HCBS.BHI.BHO.D,Renewal,Renewal,2025-10-01,2026-09-30,,"Uniform percentage increase established by the state for Differential Adjusted Payments (DAP) program eligible providers for the rating period covering October 1, 2025 through September 30, 2026, and incorporated in the capitation rate through a risk based adjustment.",form_only_no_letter,prose,,,,,,,,,,False,False,False,not read,,,,,https://www.medicaid.gov/medicaid/managed-care/downloads/AZ_Fee_IPH.OPH.PC.SP.NF.HCBS.BHI.BHO.D_Renewal_20251001-20260930.pdf,c87165670794baa613ab0261986aeb692c21ab4f3301891a077926c511baf582,2026-09-30T16:30:56Z,,0.1.0
AZ_Fee_IPH.OPH1_Renewal_20231001-20240930,AZ,Arizona,Fee,FEE,IPH.OPH1,Renewal,Renewal,2023-10-01,2024-09-30,,"Uniform increase for inpatient and outpatient hospital services at freestanding children’s hospitals with more than 100 licensed pediatric beds for the rating period covering October 1, 2023 through September 30, 2024, and incorporated in the capitation rates through a separate payment term of up to $71,331,662.",approval,numbered,7133166200.0,71331662.0,"$71,331,662 including the impact of premium tax",4852113000.0,"$48,521,130",2281053200.0,"$22,810,532",7133166200.0,separate_payment_term,True,False,False,,AZ_Fee_IP.OP1_Renewal_20231001-20240930,filename says 'AZ_Fee_IPH.OPH1_Renewal_20231001-20240930'; document says 'AZ_Fee_IP.OP1_Renewal_20231001-20240930',,,https://www.medicaid.gov/medicaid/managed-care/downloads/AZ_Fee_IPH.OPH1_Renewal_20231001-20240930.pdf,863f7282d56ea86fa70e8b2fc1bdf34e3623ef373093d01d420498c2606e63a5,2026-09-30T16:30:58Z,,0.1.0
AZ_Fee_IPH.OPH1_Renewal_20241001-20250930,AZ,Arizona,Fee,FEE,IPH.OPH1,Renewal,Renewal,2024-10-01,2025-09-30,,"Uniform increase for inpatient and outpatient hospital services at freestanding children’s hospitals with more than 100 licensed pediatric beds for the rating period covering October 1, 2024 through September 30, 2025, and incorporated in the capitation rates through a separate payment term of up to $59,120,000.",form_only_no_letter,numbered,5912000000.0,59120000.0,$59.12M including the impact of premium tax,3912000000.0,$39.12 M,2000000000.0,$20.00 M,,,True,False,False,,AZ_Fee_IP.OP1_Renewal_20241001-20250930,filename says 'AZ_Fee_IPH.OPH1_Renewal_20241001-20250930'; document says 'AZ_Fee_IP.OP1_Renewal_20241001-20250930',,,https://www.medicaid.gov/medicaid/managed-care/downloads/AZ_Fee_IPH.OPH1_Renewal_20241001-20250930.pdf,787e21eaed84fcc54242dcab4e6e4dd23abed490ba7e033b0f96cadbf7bd1c31,2026-09-30T16:31:00Z,,0.1.0
AZ_Fee_IPH.OPH1_Renewal_20251001-20260930,AZ,Arizona,Fee,FEE,IPH.OPH1,Renewal,Renewal,2025-10-01,2026-09-30,,"Uniform increase for inpatient and outpatient hospital services at freestanding children’s hospitals with more than 100 licensed pediatric beds for the rating period covering October 1, 2025 through September 30, 2026, and incorporated in the capitation rates through a separate payment term of up to $104,870,000.",phase_down_determination,numbered,10487000000.0,104870000.0,$104.87M including the impact of premium tax,6887000000.0,$68.87M,3600000000.0,$36.00M,10487000000.0,separate_payment_term,True,False,False,,AZ_Fee_IP.OP1_Renewal_20251001-20260930,filename says 'AZ_Fee_IPH.OPH1_Renewal_20251001-20260930'; document says 'AZ_Fee_IP.OP1_Renewal_20251001-20260930',,,https://www.medicaid.gov/medicaid/managed-care/downloads/AZ_Fee_IPH.OPH1_Renewal_20251001-20260930.pdf,30a6da129c403ef5eb7f03944ac1e0795acc3ad2ba1fac6801577cb222893622,2026-09-30T16:31:02Z,,0.1.0
AZ_Fee_IPH.OPH2_Amend_20221001-20230930,AZ,Arizona,Fee,FEE,IPH.OPH2,Amend,Amendment,2022-10-01,2023-09-30,,"Uniform increase established by the state for acute inpatient and ambulatory outpatient services provided by Hospital Enhanced Access Leading to Health Improvements Initiative (HEALTHII) program eligible hospitals for the rating period covering October 1, 2022 through September 30, 2023, incorporated into the capitation rate through a separate payment term of up to $1.92 billion.",approval,numbered,192000000000.0,1920000000.0,Approximately $1.92 billion,148000000000.0,Approximately $1.48 Billion,44000000000.0,Approximately $440 million,192000000000.0,separate_payment_term,True,False,False,,AZ_Fee_IP.OP2_Renewal_20221001-20230930,filename says 'AZ_Fee_IPH.OPH2_Amend_20221001-20230930'; document says 'AZ_Fee_IP.OP2_Renewal_20221001-20230930',,,https://www.medicaid.gov/medicaid/managed-care/downloads/az-fee-iph-oph2-amend-20221001-20230930.pdf,fd2af89f6929bbcf2130e0f32096d7d83108898cc91dedb4a8ec095571683696,2026-09-30T16:31:04Z,,0.1.0
AZ_Fee_IPH.OPH2_New_20231001-20240930,AZ,Arizona,Fee,FEE,IPH.OPH2,New,New,2023-10-01,2024-09-30,,Uniform increase provided by the eligible public safety net hospital established by the,form_only_no_letter,numbered,28650000000.0,286500000.0,$286.5M,22460000000.0,$224.6M,6190000000.0,$61.9M,,,True,False,False,,AZ_Fee_IPH.OPH2_New_20231001-20240930,,,,https://www.medicaid.gov/medicaid/managed-care/downloads/AZ_Fee_IPH.OPH2_New_20231001-20240930.pdf,781a87f6cf6c1e51e600c89b4c5b3839dc23f5e5a16bd551b4c4bcea9c70a344,2026-09-30T16:31:06Z,,0.1.0
AZ_Fee_IPH.OPH2_Renewal_20231001-20240930,AZ,Arizona,Fee,FEE,IPH.OPH2,Renewal,Renewal,2023-10-01,2024-09-30,,"Uniform increase established by the state for acute inpatient and ambulatory outpatient services provided by Hospital Enhanced Access Leading to Health Improvements Initiative (HEALTHII) program eligible hospitals for the rating period covering October 1, 2023 through September 30, 2024, incorporated into the capitation rate through a separate payment term of up to $2.259 billion.",approval,numbered,225900000000.0,2259000000.0,Approximately $2.259 billion,172500000000.0,Approximately $1.725 Billion,53400000000.0,Approximately $534 million,225900000000.0,separate_payment_term,True,False,False,,AZ_Fee_IP.OP2_Renewal_20231001-20240930,filename says 'AZ_Fee_IPH.OPH2_Renewal_20231001-20240930'; document says 'AZ_Fee_IP.OP2_Renewal_20231001-20240930',,,https://www.medicaid.gov/medicaid/managed-care/downloads/az-fee-iph-oph2-renewal-20231001-20240930.pdf,5d80c8d40f383e7a98943c80b80df711d349a4c9452ee1deca9a58cc883239ce,2026-09-30T16:31:07Z,,0.1.0
AZ_Fee_IPH.OPH2_Renewal_20241001-20250930,AZ,Arizona,Fee,FEE,IPH.OPH2,Renewal,Renewal,2024-10-01,2025-09-30,,"Uniform increase established by the state for acute inpatient and ambulatory outpatient services provided by Hospital Enhanced Access Leading to Health Improvements Initiative (HEALTH) program eligible hospitals for the rating period covering October 1, 2024 through September 30, 2025, incorporated into the capitation rate through a separate payment term of up to $3.0931 billion.",form_only_no_letter,numbered,309310000000.0,3093100000.0,"Approximately $3,093.1 million including the impact of premium tax",234270000000.0,"Approximately $2,342.7 million",75040000000.0,Approximately $750.4 million,,,True,False,False,,AZ_Fee_IP.OP2_Renewal_20241001-20250930,filename says 'AZ_Fee_IPH.OPH2_Renewal_20241001-20250930'; document says 'AZ_Fee_IP.OP2_Renewal_20241001-20250930',,,https://www.medicaid.gov/medicaid/managed-care/downloads/AZ_Fee_IPH.OPH2_Renewal_20241001-20250930.pdf,bdeb36778d7b4f9882133c3ca3e6c6cb6f087df8e2f50423a6982df6f44aacc8,2026-09-30T16:31:09Z,,0.1.0
AZ_Fee_IPH.OPH2_Renewal_20251001-20260930,AZ,Arizona,Fee,FEE,IPH.OPH2,Renewal,Renewal,2025-10-01,2026-09-30,,"Uniform increase established by the state for acute inpatient and ambulatory outpatient services provided by Hospital Enhanced Access Leading to Health Improvements Initiative (HEALTH) program eligible hospitals for the rating period covering October 1,2025 through September 30, 2026, incorporated into the capitation rate through a separate payment term of up to $4,105.7 million.",phase_down_determination,prose,,,,,,,,410570000000.0,separate_payment_term,False,False,False,not read,,,,,https://www.medicaid.gov/medicaid/managed-care/downloads/AZ_Fee_IPH.OPH2_Renewal_20251001-20260930.pdf,9bfe0b222a28d566f38f0d748da7a42811d469119d0ccc7963fb1e76149769a8,2026-09-30T16:31:10Z,,0.1.0
AZ_Fee_IPH.OPH3_Renewal_20241001-20250930,AZ,Arizona,Fee,FEE,IPH.OPH3,Renewal,Renewal,2024-10-01,2025-09-30,,"Uniform increase provided by the eligible public safety net hospital established by the state for inpatient and outpatient hospital services for the rating period covering October 1, 2024 through September 30, 2025, incorporated into the capitation rate through a separate payment term of up to $388,500,819.",form_only_no_letter,numbered,38850081900.0,388500819.0,"$388,500,819  including the impact of premium tax",30021686200.0,"$300,216,862",8828395700.0,"$88,283,957",,,True,False,False,,AZ_FEE_SNSI_IPH.OPH2_New_20241001-20250930,filename says 'AZ_Fee_IPH.OPH3_Renewal_20241001-20250930'; document says 'AZ_FEE_SNSI_IPH.OPH2_New_20241001-20250930',,,https://www.medicaid.gov/medicaid/managed-care/downloads/AZ_Fee_IPH.OPH3_Renewal_20241001-20250930.pdf,b6898751d445a6dfd04893989130588b866eec40025f4d7bfcea3ac2105d6976,2026-09-30T16:31:11Z,,0.1.0
AZ_Fee_IPH.OPH3_Renewal_20251001-20260930,AZ,Arizona,Fee,FEE,IPH.OPH3,Renewal,Renewal,2025-10-01,2026-09-30,,"Uniform increase provided by the eligible public safety net hospital established by the state for inpatient and outpatient hospital services for the rating period covering October 1, 2025 through September 30, 2026, incorporated into the capitation rate through a separate payment term of up to $521,990,000.",phase_down_determination,numbered,52199000000.0,521990000.0,$521.99M  including the impact of premium tax,40720000000.0,$407.20M,11479000000.0,$114.79M,52199000000.0,separate_payment_term,True,False,False,,AZ_Fee_IPH.OPH3_Renewal_20251001-20260930,,,,https://www.medicaid.gov/medicaid/managed-care/downloads/AZ_Fee_IPH.OPH3_Renewal_20251001-20260930.pdf,fa62bdafe734d92a60eb89cc8991509e21d809fb33b1649839cc6cdee63b5439,2026-09-30T16:31:13Z,,0.1.0
AZ_Fee_NF_Renewal_20231001-20240930,AZ,Arizona,Fee,FEE,NF,Renewal,Renewal,2023-10-01,2024-09-30,,"Uniform dollar increase established by the state for nursing facility services for the rating period, October 1, 2023 through September 30, 2024, incorporated into the capitation rates through a separate payment term up to $ $95,851,058.",form_only_no_letter,numbered,9585105800.0,95851058.0,"$95,851,058 (including the impact of premium tax)",6353966600.0,"$63,539,666",3231139200.0,"$32,311,392",,,True,False,False,,AZ_Fee_NF_Renewal_20231001-20240930,,,,https://www.medicaid.gov/medicaid/managed-care/downloads/AZ_Fee_NF_Renewal_20231001-20240930.pdf,8ba349f32b11f9d3069bcfc3fb1cc93c45ca4db7b352a221bc7d475016e54327,2026-09-30T16:31:14Z,,0.1.0
AZ_Fee_NF_Renewal_20241001-20250930,AZ,Arizona,Fee,FEE,NF,Renewal,Renewal,2024-10-01,2025-09-30,,"Uniform dollar increase established by the state for nursing facility services for the rating period, October 1, 2024 through September 30, 2025, incorporated into the capitation rates through a separate payment term up to $92,400,000.",form_only_no_letter,numbered,9240000000.0,92400000.0,$92.4M (including the impact of premium tax),6000000000.0,$60M,3240000000.0,$32.4M,,,True,False,False,,AZ_Fee_NF_Renewal_20241001-20250930,,,,https://www.medicaid.gov/medicaid/managed-care/downloads/AZ_Fee_NF_Renewal_20241001-20250930.pdf,a41a1982e235df0606ae6fd6b02e245a3d8bf638c6e04dd8f360428cf2a78ff3,2026-09-30T16:37:33Z,,0.1.0
AZ_Fee_NF_Renewal_20251001-20260930,AZ,Arizona,Fee,FEE,NF,Renewal,Renewal,2025-10-01,2026-09-30,,"Uniform dollar increase established by the state for nursing facility services for the rating period, October 1, 2025 through September 30, 2026, incorporated into the capitation rates through a separate payment term up to $95,400,000.",phase_down_determination,numbered,9540000000.0,95400000.0,$95.40M (including the impact of premium tax),6138000000.0,$61.38M,3402000000.0,$34.02M,9540000000.0,separate_payment_term,True,False,False,,AZ_Fee_NF_Renewal_20251001-20260930,,,,https://www.medicaid.gov/medicaid/managed-care/downloads/AZ_Fee_NF_Renewal_20251001-20260930.pdf,15cd1019e42fd56ff1e9fad8b4a81f92ffb822e902e8f0994060f9aaabf1623b,2026-09-30T16:37:35Z,,0.1.0
AZ_Fee_PC.BHO.Oth_Renewal_20231001-20240930,AZ,Arizona,Fee,FEE,PC.BHO.Oth,Renewal,Renewal,2023-10-01,2024-09-30,,"Uniform increase by the state for primary care, behavioral health outpatient, and justice involved clinic services for the rating period October 1, 2023 through September 30, 2024, incorporated into the capitation rates through a separate payment term up to $59 million.",form_only_no_letter,numbered,5900000000.0,59000000.0,"$59M (All Areas of Concentration- BH, Justice, PCP)",4494000000.0,$44.94M,1406000000.0,$14.06M,,,True,False,False,,AZ_VBP_PC.BHO.Oth_Renewal_20231001-20240930,filename says 'AZ_Fee_PC.BHO.Oth_Renewal_20231001-20240930'; document says 'AZ_VBP_PC.BHO.Oth_Renewal_20231001-20240930',,,https://www.medicaid.gov/medicaid/managed-care/downloads/AZ_Fee_PC.BHO.Oth_Renewal_20231001-20240930.pdf,8a11eff4a17da6b1bd4164bbc03560ba4d7fda58e43cb4252da8102f14f4fdd6,2026-09-30T16:37:36Z,,0.1.0
AZ_Fee_PC.BHO.Oth_Renewal_20241001-20250930,AZ,Arizona,Fee,FEE,PC.BHO.Oth,Renewal,Renewal,2024-10-01,2025-09-30,,"Uniform increase by the state for primary care, behavioral health outpatient, and justice involved clinic services for the rating period October 1, 2024 through September 30, 2025, incorporated into the capitation rates through a separate payment term up to $62 million.",form_only_no_letter,numbered,6200000000.0,62000000.0,"$62M (All Areas of Concentration- BH, Justice, PCP)",4657000000.0,$46.57M,1543000000.0,$15.43M,,,True,False,False,,AZ_Fee_PC.BHO.Oth_Renewal_20241001-20250930.,filename says 'AZ_Fee_PC.BHO.Oth_Renewal_20241001-20250930'; document says 'AZ_Fee_PC.BHO.Oth_Renewal_20241001-20250930.',,,https://www.medicaid.gov/medicaid/managed-care/downloads/AZ_Fee_PC.BHO.Oth_Renewal_20241001-20250930.pdf,d6117d8c358c4d18e2c6625a20d9d8d5c0a0c9a700be5ad9eda1d298fab48568,2026-09-30T16:37:37Z,,0.1.0
AZ_Fee_PC.BHO.Oth_Renewal_20251001-20260930,AZ,Arizona,Fee,FEE,PC.BHO.Oth,Renewal,Renewal,2025-10-01,2026-09-30,,"Uniform increase by the state for primary care, behavioral health outpatient, and justice involved clinic services for the rating period October 1, 2025 through September 30, 2026, incorporated into the capitation rates through a separate payment term up to $50 million.",form_only_no_letter,prose,,,,,,,,,,False,False,False,not read,,,,,https://www.medicaid.gov/medicaid/managed-care/downloads/AZ_Fee_PC.BHO.Oth_Renewal_20251001-20260930.pdf,1f7c9b13e51fb5c1e0ac49103f2d998b6e3a3a0dbb568f14c1c2215e4e7d07d6,2026-09-30T16:37:38Z,,0.1.0
AZ_VBP.Fee_PC.BHO.Oth_New_20221001-20230930,AZ,Arizona,VBP.Fee,FEE.VBP,PC.BHO.Oth,New,New,2022-10-01,2023-09-30,,"The value-based payment and uniform increase by the state for primary care, behavioral health outpatient, and justice involved clinic services for the rating period October 1, 2022 through September 30, 2023, incorporated into the capitation rates through a separate payment term up to $18.5 million.",form_only_no_letter,numbered,1850000000.0,18500000.0,"$18.5 M (Areas of Concentration - BH, Justice, PCP)",1495000000.0,$14.95 M,355000000.0,$3.55 M,,,True,False,False,,AZ_VBP_PC.BHO.Oth_New_20221001-20230930,filename says 'AZ_VBP.Fee_PC.BHO.Oth_New_20221001-20230930'; document says 'AZ_VBP_PC.BHO.Oth_New_20221001-20230930',,,https://www.medicaid.gov/medicaid/managed-care/downloads/AZ_VBP.Fee_PC.BHO.Oth_New_20221001-20230930.pdf,e03cc86505c06fe093fc027e085684dede59855624dd338a8ba0fb76c4cf777a,2026-09-30T16:37:40Z,,0.1.0
AZ_VBP_BHO_Amend_20211001-20220930,AZ,Arizona,VBP,VBP,BHO,Amend,Amendment,2021-10-01,2022-09-30,,"The Targeted Investment program established by the state for behavioral health outpatient ambulatory focus areas for the rating period covering October 1, 2021 through September 30, 2022, and incorporated in the capitation rates through a separate payment term of up to $23.8 million.",form_only_no_letter,numbered,2380000000.0,23800000.0,$23.8M (for BH TI area of concentration),1750000000.0,$17.5M,630000000.0,$6.3M,,,True,False,False,,AZ_VBP_BHO_Renewal_20211001-20220930,filename says 'AZ_VBP_BHO_Amend_20211001-20220930'; document says 'AZ_VBP_BHO_Renewal_20211001-20220930',,,https://www.medicaid.gov/medicaid/managed-care/downloads/AZ_VBP_BHO_Amend_20211001-20220930.pdf,c8afa12c149ab5fb927889edaa91548e3acf411e2a28beff9c800cf83a63fa80,2026-09-30T16:37:41Z,,0.1.0
AZ_VBP_BHO_Renewal_20211001-20220930,AZ,Arizona,VBP,VBP,BHO,Renewal,Renewal,2021-10-01,2022-09-30,,"Targeted Investment program established by the state for behavioral health outpatient ambulatory focus areas for the rating period covering October 1, 2021 through September 30, 2022, and incorporated in the capitation rates through a separate payment term of up to $22.4 million.",approval,numbered,2240000000.0,22400000.0,$22.4 million (for BH TI area of concentration),1710.0,17.1,530.0,5.3,2240000000.0,separate_payment_term,True,False,False,,,,,,https://www.medicaid.gov/medicaid/managed-care/downloads/az-vbp-bho-renewal-20211001-20220930.pdf,a5d48c4b1beadf45fcf825e8b9939fe6beb7eef1c9cb8dd8dbe94c6679ae871b,2026-09-30T16:37:43Z,,0.1.0
AZ_VBP_IP_Renewal_20211001-20220930,AZ,Arizona,VBP,VBP,IP,Renewal,Renewal,2021-10-01,2022-09-30,,"Value Based Payment for targeted Investment program established by the state for inpatient services provided at eligible hospitals for the rating period covering October 1, 2021 through September 30, 2022 and incorporated in the capitation rates through a separate payment term of up to $1.7 million.",approval,numbered,170000000.0,1700000.0,$1.7 million (for Hospital TI area of concentration),130.0,1.3,400.0,.4,170000000.0,separate_payment_term,True,False,False,,,,,,https://www.medicaid.gov/medicaid/managed-care/downloads/az-vbp-ip-renewal-20211001-20220930.pdf,45048eec0c26e9ba5cf5ec1ed37e4f278c53d62c3cfcc49fb94755b69aa67cc9,2026-09-30T16:37:44Z,,0.1.0
AZ_VBP_PC.BHO_Renewal_20211001-20220930,AZ,No state,VBP,VBP,PC.BHO,Renewal,Renewal,2021-10-01,2022-09-30,,"Value based payment for targeted investment program established by the state for primary care and behavioral health outpatient focus areas for the rating period covering October 1, 2021 through September 30, 2022, and incorporated in the capitation rates through a separate payment term of up to $3.4 million.",approval,numbered,340000000.0,3400000.0,$3.4 million (for Justice area of concentration),260.0,2.6,800.0,.8,340000000.0,separate_payment_term,True,False,False,,,,,,https://www.medicaid.gov/medicaid/managed-care/downloads/az-vbp-pc.bho-renewal-20211001-20220930.pdf,e4b84d65586d39083006a9843facf26dfa16e36afe64d18dfff50acf0ccb638e,2026-09-30T16:37:45Z,,0.1.0
AZ_VBP_PC_Amend_20211001-20220930,AZ,Arizona,VBP,VBP,PC,Amend,Amendment,2021-10-01,2022-09-30,,"The Targeted Investment program for Primary Care Providers established by the state for the rating period covering October 1, 2021 through September 30, 2022 incorporated in the capitation rates through a separate payment term of up to $21.7 million.",form_only_no_letter,numbered,2170000000.0,21700000.0,$21.7M (for PCP TI area of concentration),1600000000.0,$16.0M,570000000.0,$5.7M,,,True,False,False,,AZ_VBP_PC_Renewal_20211001-20220930,filename says 'AZ_VBP_PC_Amend_20211001-20220930'; document says 'AZ_VBP_PC_Renewal_20211001-20220930',,,https://www.medicaid.gov/medicaid/managed-care/downloads/AZ_VBP_PC_Amend_20211001-20220930.pdf,f9e431bd79a68a869070d1d46d8f415874e2eb5a53f7b5814cea27d8dfe4fcd6,2026-09-30T16:37:47Z,,0.1.0
AZ_VBP_PC_Renewal_20211001-20220930,AZ,Arizona,VBP,VBP,PC,Renewal,Renewal,2021-10-01,2022-09-30,,"Value Based Payment for the targeted investment program for Primary Care Providers established by the state for the rating period covering October 1, 2021 through September 30, 2022 incorporated in the capitation rates through a separate payment term of up to $21.1 million.",approval,numbered,2110000000.0,21100000.0,$21.1 million (for PCP TI area of concentration),1610.0,16.1,500.0,5,2110000000.0,separate_payment_term,True,False,False,,,,,,https://www.medicaid.gov/medicaid/managed-care/downloads/az-vbp-pc-renewal-20211001-20220930.pdf,99df84ce70828d5a1d6f0baf4b12f1ac36c4b98f53e5e4fffcef16f85c6d2437,2026-09-30T16:37:48Z,,0.1.0
CA-Fee-D-Renewal-20230101-20231231,CA,California,Fee,FEE,D,Renewal,Renewal,2023-01-01,2023-12-31,,"Uniform dollar increase established by the state for dental services for the rating period covering January 1, 2023 through December 31, 2023, incorporated in the capitation rates through a risk-based rate adjustment.",approval,numbered,5110700000.0,51107000.0,"$51,107,000",6500.0,65%,3500.0,35%,,,True,False,False,,,,fields were hyphen separated,,https://www.medicaid.gov/medicaid/managed-care/downloads/ca-fee-d-renewal-20230101-20231231.pdf,b5c6176bbbcc2daf737737c7673995ff0ec7fc016cc9889e3ed36bfab823e21b,2026-09-30T16:37:49Z,,0.1.0
CA-Fee-PC-SP-BHO-Renewal-20230101-20231231,CA,California,Fee,FEE,PC_SP_BHO,Renewal,Renewal,2023-01-01,2023-12-31,,"Uniform dollar increases established by the state for specific services provided by network physicians for the rating period covering January 1, 2023 through December 31, 2023, incorporated in the capitation rates through a risk-based rate adjustment.",approval,numbered,129610800000.0,1296108000.0,"$1,296,108,000",6500.0,65%,3500.0,35%,,,True,False,False,,,,fields were hyphen separated,,https://www.medicaid.gov/medicaid/managed-care/downloads/ca-fee-pc-sp-bho-renewal-20230101-20231231.pdf,b86269c503da533be099480d472080d4fda2d56c5b6db5ae6b9f38802cac92a0,2026-09-30T16:37:51Z,,0.1.0
CA_Fee_D_Amend_20260101-20261231,CA,California,Fee,FEE,D,Amend,Amendment,2026-01-01,2026-12-31,,"Amendment to a uniform dollar increase established by the state for dental services for the rating period covering January 1, 2026 through December 31, 2026, incorporated in the capitation rates through a risk-based rate adjustment up to $35,407,000.",,,,,,,,,,,,False,False,False,,,,,,https://www.medicaid.gov/media/file/cafeedamend20260101-20261231.pdf,,2026-09-30T16:25:50Z,medicaid.gov/robots.txt disallows /media/*,0.1.0
CA_Fee_D_Renewal_20240101-20241231,CA,California,Fee,FEE,D,Renewal,Renewal,2024-01-01,2024-12-31,,"Uniform dollar increase established by the state for dental services for the rating period covering January 1, 2024 through December 31, 2024, incorporated in the capitation rates through a risk-based adjustment.",form_only_no_letter,numbered,3764300000.0,37643000.0,"$37,643,000",6500.0,65%,3500.0,35%,,,True,False,False,,,,,,https://www.medicaid.gov/medicaid/managed-care/downloads/CA_Fee_D_Renewal_20240101-20241231.pdf,543a8925fc85822ed99214d3cc8e804978f65a0dc6a1671389736fae3cc17996,2026-09-30T16:37:52Z,,0.1.0
CA_Fee_D_Renewal_20250101-20251231,CA,California,Fee,FEE,D,Renewal,Renewal,2025-01-01,2025-12-31,,"Uniform dollar increase established by the state for dental services for the rating period covering January 1, 2025 through December 31, 2025, incorporated in the capitation rates through a risk-based adjustment.",form_only_no_letter,numbered,3540700000.0,35407000.0,"$35,407,000.00",6000.0,60%,4000.0,40%,,,True,False,False,,,,,,https://www.medicaid.gov/medicaid/managed-care/downloads/CA_Fee_D_Renewal_20250101-20251231.pdf,ca704db7a38cac3cfa93148e2ed7ac6e922886546f94f0ead013d45b5805c593,2026-09-30T16:37:54Z,,0.1.0
CA_Fee_D_Renewal_20260101-20260630,CA,California,Fee,FEE,D,Renewal,Renewal,2026-01-01,2026-06-30,,"Uniform dollar increase established by the state for dental services for the rating period covering January 1, 2026 through June 30, 2026, incorporated in the capitation rates through a risk-based rate adjustment of up to $17,703,500.",form_only_no_letter,minimal,,,,,,,,,,False,False,False,not read,,,,,https://www.medicaid.gov/medicaid/managed-care/downloads/CA_Fee_D_Renewal_20260101-20260630.pdf,34fa8327f2b7ee7dc05130b90d57edfa5a1eb75d7a916d94538593a03093ad6b,2026-09-30T16:37:55Z,,0.1.0
CA_Fee_IPH.OPH.AMC.PC.SP.NF_Renewal_20230101-20231231,CA,California,Fee,FEE,IPH.OPH.AMC.PC.SP.NF,Renewal,Renewal,2023-01-01,2023-12-31,,"Uniform increases established by the state for eligible Designated Public Hospital Systems for the rating period covering July 1, 2023 through December 31, 2023, incorporated in the capitation rates through a separate payment term of up to $1,982,556,000.",approval,numbered,198255600000.0,1982556000.0,"$1,982,556,000",6500.0,65%,3500.0,35%,198255600000.0,separate_payment_term,True,False,False,,,,,,https://www.medicaid.gov/medicaid/managed-care/downloads/CA_Fee_IPH.OPH.AMC.PC.SP.NF_Renewal_20230101-20231231.pdf,ff7e23730981ad01dfc54cfb47fa29a79e5e618699237ae2b4c98b0f230429ff,2026-09-30T16:37:57Z,,0.1.0
CA_Fee_IPH.OPH.AMC.PC.SP.NF_Renewal_20240101-20241231,CA,California,Fee,FEE,IPH.OPH.AMC.PC.SP.NF,Renewal,Renewal,2024-01-01,2024-12-31,,"Uniform increases established by the state for eligible Designated Public Hospital Systems for the rating period covering January 1, 2024 through December 31, 2024, incorporated in the capitation rates through a separate payment term of up to $2,478,195,000.",form_only_no_letter,numbered,247819500000.0,2478195000.0,"$2,478,195,000",6500.0,65%,3500.0,35%,,,True,False,False,,,,,,https://www.medicaid.gov/medicaid/managed-care/downloads/CA_Fee_IPH.OPH.AMC.PC.SP.NF_Renewal_20240101-20241231.pdf,a306392443c98134209e05819bf232d6e42644075897e97f67b3094d5d2c803f,2026-09-30T16:37:58Z,,0.1.0
CA_Fee_IPH.OPH.AMC.PC.SP.NF_Renewal_20250101-20251231,CA,California,Fee,FEE,IPH.OPH.AMC.PC.SP.NF,Renewal,Renewal,2025-01-01,2025-12-31,,"Uniform increases established by the state for eligible Designated Public Hospital Systems for the rating period covering January 1, 2025 through December 31, 2025, incorporated in the capitation rates through a separate payment term of up to $3,865,000,000.",form_only_no_letter,numbered,386500000000.0,3865000000.0,"$3,865,000,000",6500.0,65%,3500.0,35%,,,True,False,False,,,,,,https://www.medicaid.gov/medicaid/managed-care/downloads/CA_Fee_IPH.OPH.AMC.PC.SP.NF_Renewal_20250101-20251231.pdf,b31e240b192df06d247854e9bf2ee6e06212f025471e41beaaefd0923ae02828,2026-09-30T16:37:59Z,,0.1.0
CA_Fee_IPH.OPH.NF_New_20230101-20231231,CA,California,Fee,FEE,IPH.OPH.NF,New,New,2023-01-01,2023-12-31,,"Uniform dollar increase established by the state for inpatient and outpatient hospital services at District Hospitals for the rating period covering January 1, 2023 through December 31, 2023, incorporated in the capitation rates through a separate payment term of up to $200,000,000.",approval,numbered,20000000000.0,200000000.0,"$200,000,000",6500.0,65%,3500.0,35%,20000000000.0,separate_payment_term,True,False,False,,,,,,https://www.medicaid.gov/medicaid/managed-care/downloads/CA_Fee_IPH.OPH.NF_New_20230101-20231231.pdf,9b04fc5ef950b2d50b7603fdbcfe9c39670a5cdc0dfbabda4d91a8f28bd361b9,2026-09-30T16:38:01Z,,0.1.0
CA_Fee_IPH.OPH.NF_Renewal_20240101-20241231,CA,California,Fee,FEE,IPH.OPH.NF,Renewal,Renewal,2024-01-01,2024-12-31,,"Uniform dollar increase established by the state for inpatient and outpatient hospital services at District Hospitals for the rating period covering January 1, 2024 through December 31, 2024, incorporated in the capitation rates through a separate payment term of up to $207,290,924.",form_only_no_letter,numbered,20729092400.0,207290924.0,"$207,290,924",6500.0,65%,3500.0,35%,,,True,False,False,,,,,,https://www.medicaid.gov/medicaid/managed-care/downloads/CA_Fee_IPH.OPH.NF_Renewal_20240101-20241231.pdf,eab681dce8442d652b58288185f144662e5ecc7640dc72d6115831854aa7f819,2026-09-30T16:38:02Z,,0.1.0
CA_Fee_IPH.OPH.NF_Renewal_20250101-20251231,CA,California,Fee,FEE,IPH.OPH.NF,Renewal,Renewal,2025-01-01,2025-12-31,,"Uniform dollar increase established by the state for inpatient and outpatient hospital services at District Hospitals for the rating period covering January 1, 2025 through December 31, 2025, incorporated in the capitation rates through a separate payment term of up to $842,391,000.",form_only_no_letter,numbered,84239100000.0,842391000.0,"$842,391,000",6500.0,65%,3500.0,35%,,,True,False,False,,,,,,https://www.medicaid.gov/medicaid/managed-care/downloads/CA_Fee_IPH.OPH.NF_Renewal_20250101-20251231.pdf,d93328cbf823a9dd71c61303d135d0b670dda6c149b7ee9d96031a71c49cbcb0,2026-09-30T16:38:03Z,,0.1.0
CA_Fee_IPH.OPH.Oth_New_20240101-20241231,CA,California,Fee,FEE,IPH.OPH.Oth,New,New,2024-01-01,2024-12-31,,"Uniform dollar increase for inpatient and outpatient services provided by eligible network children’s hospitals in the Children's Hospital Increased Reimbursement Program (CHIRP) for the portion of the rating period covering July 1, 2024 through December 31, 2024, incorporated in the capitation rates through a separate payment term amount of up to $115,000,000.",phase_down_determination,numbered,11500000000.0,115000000.0,"115,000,000",5000.0,50%,5000.0,50%,11500000000.0,separate_payment_term,False,True,False,no currency symbol or scale word; unit assumed,,,,,https://www.medicaid.gov/medicaid/managed-care/downloads/CA_Fee_IPH.OPH.Oth_New_20240101-20241231.pdf,2033bd55db13c1263c80e96692cd0c1585370ee14976452750d1cd140f45b5f9,2026-09-30T16:38:06Z,,0.1.0
CA_Fee_IPH.OPH.Oth_Renewal_20250101-20251231,CA,California,Fee,FEE,IPH.OPH.Oth,Renewal,Renewal,2025-01-01,2025-12-31,,"Uniform dollar increase for inpatient and outpatient services provided by eligible network children’s hospitals for Children's Hospital Supplemental Payment (CHSP) for the rating period covering January 1, 2025 through December 31, 2025, incorporated in the capitation rates through a separate payment term amount of up to $230,000,000.",phase_down_determination,numbered,23000000000.0,230000000.0,"$230,000,000",5000.0,50%,5000.0,50%,23000000000.0,separate_payment_term,True,False,False,,,,,,https://www.medicaid.gov/medicaid/managed-care/downloads/CA_Fee_IPH.OPH.Oth_Renewal_20250101-20251231.pdf,85b4522fd70a25ab26eb3c40a28043549a9512a00e8dfcae83c891a2146f9db7,2026-09-30T16:38:08Z,,0.1.0
CA_Fee_IPH.OPH1_Renewal_20230101-20231231,CA,California,Fee,FEE,IPH.OPH1,Renewal,Renewal,2023-01-01,2023-12-31,,Uniform increase for inpatient and outpatient services provided by private hospitals as,form_only_no_letter,numbered,539273089700.0,5392730897.0,"$5,392,730,897",6500.0,65%,3500.0,35%,,,True,False,False,,,,,,https://www.medicaid.gov/medicaid/managed-care/downloads/CA_Fee_IPH.OPH1_Renewal_20230101-20231231.pdf,e07713bfbd308d71148deb6a1a48c9e9c54143683e104fb1ef2aafe43b4f48b4,2026-09-30T16:38:10Z,,0.1.0
CA_Fee_IPH.OPH1_Renewal_20240101-20241231,CA,California,Fee,FEE,IPH.OPH1,Renewal,Renewal,2024-01-01,2024-12-31,,"Uniform increase for inpatient and outpatient services provided by private hospitals as defined in CA Welfare & Institutions Code § 14169.51(ap) for the rating period covering January 1, 2024 through December 31, 2024, incorporated in the capitation rates through a separate payment term of up to $7,187,256,629.",form_only_no_letter,numbered,718725662900.0,7187256629.0,"$7,187,256,629",6500.0,65%,3500.0,35%,,,True,False,False,,,,,,https://www.medicaid.gov/medicaid/managed-care/downloads/CA_Fee_IPH.OPH1_Renewal_20240101-20241231.pdf,0e9c3f32fb595e5c7b86f65ab846980372cfad32cffd4cea8bfb1d24723e9d89,2026-09-30T16:38:12Z,,0.1.0
CA_Fee_IPH.OPH1_Renewal_20250101-20251231,CA,California,Fee,FEE,IPH.OPH1,Renewal,Renewal,2025-01-01,2025-12-31,,"Uniform increase for inpatient and outpatient hospital services provided by private hospitals as defined in CA Welfare & Institutions Code (WIC) § 14169.51(ap) for the rating period covering January 1, 2025 through December 31, 2025, incorporated in the capitation rates through a separate payment term amount up to $8,811,746,000.",phase_down_determination,prose,,,,,,,,881174600000.0,separate_payment_term,False,False,False,not read,,,,,https://www.medicaid.gov/medicaid/managed-care/downloads/CA_Fee_IPH.OPH1_Renewal_20250101-20251231.pdf,542bc75a7161ee7c0321db415a200913bb8b8766f8840d9e7ac91f694e4f3af5,2026-09-30T16:38:16Z,,0.1.0
CA_Fee_IPH.OPH_Renewal_20260101-20261231,CA,California,Fee,FEE,IPH.OPH,Renewal,Renewal,2026-01-01,2026-12-31,,"Uniform increase for inpatient and outpatient services provided by eligible network children’s hospitals for the rating period covering January 1, 2026 through December 31, 2026, incorporated in the capitation rates through a separate payment term amount up to $230,000,000.",,,,,,,,,,,,False,False,False,,,,,,https://www.medicaid.gov/media/file/cafeeiphophrenewal20260101-20261231.pdf,,2026-09-30T16:25:50Z,medicaid.gov/robots.txt disallows /media/*,0.1.0
CA_Fee_NF_New_20230101-20231231,CA,California,Fee,FEE,NF,New,New,2023-01-01,2023-12-31,,"Uniform increase established by the State for Skilled Nursing Facility (SNF) Workforce and Quality Incentive Program (WQIP) eligible providers for the rating period covering January 1, 2023 through December 31, 2023, incorporated in the capitation rates through a separate payment term of up to $280,000,000.",form_only_no_letter,numbered,28000000000.0,280000000.0,"$280,000,000",5000.0,50%,5000.0,50%,,,True,False,False,,,,,,https://www.medicaid.gov/medicaid/managed-care/downloads/CA_Fee_NF_New_20230101-20231231.pdf,d862f5c73eb4b9528f8fac08212fc9f13c9e8062be1d640482a1a2c619eceee8,2026-09-30T16:38:19Z,,0.1.0
CA_Fee_NF_Renewal_20240101-20241231,CA,California,Fee,FEE,NF,Renewal,Renewal,2024-01-01,2024-12-31,,"Uniform increase established by the State for Skilled Nursing Facility (SNF) Workforce and Quality Incentive Program (WQIP) eligible providers for the rating period covering January 1, 2024 through December 31, 2024, incorporated in the capitation rates through a separate payment term of up to $295,393,244.",form_only_no_letter,numbered,29539324400.0,295393244.0,"$295,393,244",5000.0,50%,5000.0,50%,,,True,False,False,,,,,,https://www.medicaid.gov/medicaid/managed-care/downloads/CA_Fee_NF_Renewal_20240101-20241231.pdf,26a71f333d4d221b0eeb99ab17fb69ed99c86a437b5b2004b4c100a6ae339503,2026-09-30T16:38:21Z,,0.1.0
CA_Fee_Oth1_Renewal_20230101-20231231,CA,California,Fee,FEE,Oth1,Renewal,Renewal,2023-01-01,2023-12-31,,"Uniform dollar increase established by the state for developmental screening services for the rating period covering January 1, 2023 through December 31, 2023, incorporated in the capitation rates through a risk-based rate adjustment.",approval,minimal,,,,,,,,,,False,False,False,not read,,,,,https://www.medicaid.gov/medicaid/managed-care/downloads/CA_Fee_Oth1_Renewal_20230101-20231231.pdf,d6553e2e8ce5a760715a87b7885bfc5d7776946cb178397ddda48fac48266aec,2026-09-30T16:38:22Z,,0.1.0
CA_Fee_Oth1_Renewal_20240101-20241231,CA,California,Fee,FEE,Oth1,Renewal,Renewal,2024-01-01,2024-12-31,,"Uniform dollar increase established by the state for developmental screening services for the rating period covering January 1, 2024 through December 31, 2024, incorporated in the capitation rates through a risk-based rate adjustment.",form_only_no_letter,numbered,4074400000.0,40744000.0,"$40,744,000",5500.0,55%,4500.0,45%,,,True,False,False,,,,,,https://www.medicaid.gov/medicaid/managed-care/downloads/CA_Fee_Oth1_Renewal_20240101-20241231.pdf,147f20d82562058371a31795fb7ed36df4a1d440f4e9b725aaa4acdf06f11ef2,2026-09-30T16:38:24Z,,0.1.0
CA_Fee_Oth1_Renewal_20250101-20251231,CA,California,Fee,FEE,Oth1,Renewal,Renewal,2025-01-01,2025-12-31,,"Uniform dollar increase established by the state for developmental screening services for the rating period covering January 1, 2025 through December 31, 2025, incorporated in the capitation rates through a risk-based rate adjustment.",form_only_no_letter,numbered,4721800000.0,47218000.0,"$47,218,000",5500.0,55%,4500.0,45%,,,True,False,False,,,,,,https://www.medicaid.gov/medicaid/managed-care/downloads/CA_Fee_Oth1_Renewal_20250101-20251231.pdf,4486369742886f902205a0ccd78ba6b593487110504c9d353bfdef715bfddd90,2026-09-30T16:38:25Z,,0.1.0
CA_Fee_Oth2_Renewal_20220101-20221231,CA,California,Fee,FEE,Oth2,Renewal,Renewal,2022-01-01,2022-12-31,,"Uniform dollar increase established by the state for Family Planning services for the rating period covering January 1, 2022 through December 31, 2022, incorporated in the capitation rates through a risk-based rate adjustment.",approval,numbered,40354600000.0,403546000.0,"$403,546,000",6500.0,65%,3500.0,35%,,,True,False,False,,,,,,https://www.medicaid.gov/medicaid/managed-care/downloads/CA_Fee_Oth2_Renewal_20220101-20221231.pdf,caeb0dd743ec3392dd153491338c8100728cc732e36ad41aa142ceb4af6fcc25,2026-09-30T16:38:27Z,,0.1.0
CA_Fee_Oth2_Renewal_20230101-20231231,CA,California,Fee,FEE,Oth2,Renewal,Renewal,2023-01-01,2023-12-31,,"Uniform dollar increase established by the state for Family Planning services for the rating period covering January 1, 2023 through December 31, 2023, incorporated in the capitation rates through a risk-based rate adjustment.",approval,numbered,41863400000.0,418634000.0,"$418,634,000",9000.0,90%,1000.0,10%,,,True,False,False,,,,,,https://www.medicaid.gov/medicaid/managed-care/downloads/CA_Fee_Oth2_Renewal_20230101-20231231.pdf,2031b226c1666714e7b0d14f3d2b3af0be038e3e3a011c86acb7e5db46ea4a3a,2026-09-30T16:38:28Z,,0.1.0
CA_Fee_Oth2_Renewal_20240101-20241231,CA,California,Fee,FEE,Oth2,Renewal,Renewal,2024-01-01,2024-12-31,,"Uniform dollar increase established by the state for Family Planning services for the rating period covering January 1, 2024 through December 31, 2024, incorporated in the capitation rates through a risk-based rate adjustment.",form_only_no_letter,numbered,29960000000.0,299600000.0,"$299,600,000",9000.0,90%,1000.0,10%,,,True,False,False,,,,,,https://www.medicaid.gov/medicaid/managed-care/downloads/CA_Fee_Oth2_Renewal_20240101-20241231.pdf,86bbc9de0c6f18d712daa50d7d6b9049ba7513bfd853faa9937faf66409fdec1,2026-09-30T16:38:30Z,,0.1.0
CA_Fee_Oth2_Renewal_20250101-20251231,CA,California,Fee,FEE,Oth2,Renewal,Renewal,2025-01-01,2025-12-31,,"Uniform dollar increase established by the state for Family Planning services for the rating period covering January 1, 2025 through December 31, 2025, incorporated in the capitation rates through a risk-based rate adjustment.",form_only_no_letter,numbered,32500000000.0,325000000.0,"$325,000,000",9000.0,90%,1000.0,10%,,,True,False,False,,,,,,https://www.medicaid.gov/medicaid/managed-care/downloads/CA_Fee_Oth2_Renewal_20250101-20251231.pdf,3d3e8be18b4c8ff23426d4ab9f88e75b963f997e767b86216fb692f0fa1bfac9,2026-09-30T16:38:31Z,,0.1.0
CA_VBP_IPH.OPH2_Amend_20210101-20231231,CA,California,VBP,VBP,IPH.OPH2,Amend,Amendment,2021-01-01,2023-12-31,,"Quality Incentive Pool for Designated Public Hospital systems for the rating periods covering January 1, 2021 through December 31, 2023, incorporated in the CY 2023 capitation rates through a separate payment term of up to $2,040,316,388.17.",form_only_no_letter,prose,,,,,,,,,,False,False,False,not read,,,,,https://www.medicaid.gov/medicaid/managed-care/downloads/CA_VBP_IPH.OPH2_Amend_20210101-20231231.pdf,671c3ac0637689888b9c07f09e66c22e6e549b3181ab686d3aca1e72d35a8ea1,2026-09-30T16:38:32Z,,0.1.0
CA_VBP_IPH.OPH2_Renewal_20240101-20241231,CA,California,VBP,VBP,IPH.OPH2,Renewal,Renewal,2024-01-01,2024-12-31,,"Quality Incentive Pool for Designated Public Hospital systems for the rating period of January 1, 2024 through December 31, 2024, incorporated in the capitation rates through a separate payment term of up to $2,037,470,000.",form_only_no_letter,numbered,203747000000.0,2037470000.0,"$2,037,470,000.00",6500.0,65%,3500.0,35%,,,True,False,False,,,,,,https://www.medicaid.gov/medicaid/managed-care/downloads/CA_VBP_IPH.OPH2_Renewal_20240101-20241231.pdf,1b9b094b7e96fa80bde9f0e94f35afbb8b87921a26cbe736b1f990b74790336b,2026-09-30T16:38:34Z,,0.1.0
CA_VBP_IPH.OPH2_Renewal_20250101-20251231,CA,California,VBP,VBP,IPH.OPH2,Renewal,Renewal,2025-01-01,2025-12-31,,"Quality Incentive Pool for Designated Public Hospital systems for the rating period of January 1, 2025 through December 31, 2025, incorporated in the capitation rates through a separate payment term of up to $3,463,690,000.",form_only_no_letter,numbered,346369000000.0,3463690000.0,"$3,463,690,000.00",6500.0,65%,3500.0,35%,,,True,False,False,,,,,,https://www.medicaid.gov/medicaid/managed-care/downloads/CA_VBP_IPH.OPH2_Renewal_20250101-20251231.pdf,6624433b5fd64f1aff6be8e0a9b78218f30875d60b92e9bb6e686138e12c01ac,2026-09-30T16:38:35Z,,0.1.0
CA_VBP_IPH.OPH_Amend_20210101-20231231,CA,California,VBP,VBP,IPH.OPH,Amend,Amendment,2021-01-01,2023-12-31,,"Quality Incentive Pool for District and Municipal Public Hospital Systems for the rating periods covering January 1, 2021 through December 31, 2023, incorporated in the CY 2023 capitation rates through a separate payment term of up to $192,062,936.53.",form_only_no_letter,prose,,,,,,,,,,False,False,False,not read,,,,,https://www.medicaid.gov/medicaid/managed-care/downloads/CA_VBP_IPH.OPH_Amend_20210101-20231231.pdf,c118961963cca2881ea82ed796cdbeff931fc843d9e1b18c6b2959744b79f9cf,2026-09-30T16:38:36Z,,0.1.0
CA_VBP_IPH.OPH_Renewal_20240101-20241231,CA,California,VBP,VBP,IPH.OPH,Renewal,Renewal,2024-01-01,2024-12-31,,"Quality Incentive Pool for District and Municipal Public Hospital Systems for the rating period of January 1, 2024 through December 31, 2024, incorporated in the capitation rates through a separate payment term of up to $172,099,711.",form_only_no_letter,numbered,17209971100.0,172099711.0,"$ 172,099,711",6500.0,65%,3500.0,35%,,,True,False,False,,,,,,https://www.medicaid.gov/medicaid/managed-care/downloads/CA_VBP_IPH.OPH_Renewal_20240101-20241231.pdf,1c1497d8fd84d87b936c37187987283039f1f85d5aef94064d7b89c5d29993ff,2026-09-30T16:38:37Z,,0.1.0
CA_VBP_IPH.OPH_Renewal_20250101-20251231,CA,California,VBP,VBP,IPH.OPH,Renewal,Renewal,2025-01-01,2025-12-31,,"Quality Incentive Pool for District and Municipal Public Hospital Systems for the rating period of January 1, 2025 through December 31, 2025, incorporated in the capitation rates through a separate payment term of up to $178,517,000.",form_only_no_letter,numbered,17851700000.0,178517000.0,"$178,517,000",6500.0,65%,3500.0,35%,,,True,False,False,,,,,,https://www.medicaid.gov/medicaid/managed-care/downloads/CA_VBP_IPH.OPH_Renewal_20250101-20251231.pdf,9e9a86ad6c970871207580e6761ebc20218003665bf5906d745263e9e4dd5238,2026-09-30T16:38:38Z,,0.1.0
CA_VBP_IPH.Oth_New_20220101-20241231,CA,California,VBP,VBP,IPH.Oth,New,New,2022-01-01,2024-12-31,,"Value-based payment arrangement for providers of eligible organ and bone marrow transplant services for the rating periods covering January 1, 2022 through December 31, 2024, incorporated in the capitation rates through a risk-based rate adjustment.",approval,numbered,202200.0,2022.0,"CY 2022: $116,492,000",6500.0,65%,3500.0,35%,,,False,True,False,no currency symbol or scale word; unit assumed,,,,,https://www.medicaid.gov/medicaid/managed-care/downloads/ca-vbp-iph.oth-new-20220101-20241231.pdf,37d76ff9a2822b94ce4af5dd6ce6d5a61c2b6690cb53c33b6865ba33ff32213e,2026-09-30T16:38:40Z,,0.1.0
CA_VBP_NF.Oth_New_20230101-20251231,CA,California,VBP,VBP,NF.Oth,New,New,2023-01-01,2025-12-31,,"Long-term care delivery system reform, transitioning coverage from fee-for-service to managed care at fee-for-service per-diem rates, for the rating periods covering January 1,2023 through December 31, 2025, incorporated into the capitation rates through a risk-based rate adjustment.",form_only_no_letter,numbered,202300.0,2023.0,"CY 2023: $(33,019,423); CY 2024: $(32,572,968); CY 2025: $(11,514,828)",5000.0,50%,5000.0,50%,,,False,True,False,no currency symbol or scale word; unit assumed,,,,,https://www.medicaid.gov/medicaid/managed-care/downloads/CA_VBP_NF.Oth_New_20230101-20251231.pdf,806221f8240df5452c3d7a15123f64ebfd670a536d101589d0e0cdad4a3b9f17,2026-09-30T16:38:41Z,,0.1.0
CA_VBP_NF_Renewal_20250101-20251231 (was CA_Fee_NF_Renewal_20250101-20251231),CA,California,VBP,VBP,NF,Renewal,Renewal,2025-01-01,2025-12-31,(was CA_Fee_NF_Renewal_20250101-20251231),"Skilled Nursing Facility (SNF) Workforce and Quality Incentive Program (WQIP) established by the state for eligible providers for the rating period covering January 1, 2025 through December 31, 2025, incorporated in the capitation rates through a separate payment term amount up to $304,825,403.",phase_down_determination,prose,,,,,,,,30482540300.0,separate_payment_term,False,False,False,not read,,,,,https://www.medicaid.gov/medicaid/managed-care/downloads/CA_VBP_NF_Renewal_20250101-20251231.pdf,bcb3ad849267420dc472734c17fcf8c8c2b4ecaddc1d2aa5f0217545ed4af5ce,2026-09-30T16:38:43Z,,0.1.0
CO_Fee_AMC_New_20250701-20260630,CO,Colorado,Fee,FEE,AMC,New,New,2025-07-01,2026-06-30,,"Uniform increase for professional medical services at an academic medical center for rating periods covering July 1, 2025, through June 30, 2026, incorporated in the capitation rates through a separate payment term amount of up to $11,331,455.",phase_down_determination,minimal,,,,,,,,1133145500.0,separate_payment_term,False,False,False,not read,,,,,https://www.medicaid.gov/medicaid/managed-care/downloads/CO_Fee_AMC_New_20250701-20260630.pdf,bd447144d642a6e21a13089cd733a9c52ab3d6e4e893e990f381e33ccc865706,2026-09-30T16:38:44Z,,0.1.0
CO_Fee_BHO_Amend_20250701-20260630,CO,Colorado,Fee,FEE,BHO,Amend,Amendment,2025-07-01,2026-06-30,,"Minimum Fee Schedule for behavioral health outpatient services for the rating periodcovering July 1, 2025 through June 30, 2026, incorporated in the capitation rates througha risk-based rate adjustment up to $522,726,178.",,,,,,,,,,,,False,False,False,,,,,,https://www.medicaid.gov/media/file/cofeebhoamend20250701-20260630.pdf,,2026-09-30T16:25:50Z,medicaid.gov/robots.txt disallows /media/*,0.1.0
CO_Fee_BHO_Renewal_20250701-20260630,CO,Colorado,Fee,FEE,BHO,Renewal,Renewal,2025-07-01,2026-06-30,,"Minimum Fee Schedule for behavioral health outpatient services for the rating period covering July 1, 2025 through June 30, 2026, incorporated in the capitation rates through a risk-based rate adjustment up to $522,726,178.",form_only_no_letter,minimal,,,,,,,,,,False,False,False,not read,,,,,https://www.medicaid.gov/medicaid/managed-care/downloads/CO_Fee_BHO_Renewal_20250701-20260630.pdf,e5c270f47b30b3d54c2ad0361f70662719328328f5c8a1536c6f4081d12e5137,2026-09-30T16:38:45Z,,0.1.0
CO_Fee_IPH.OPH.BHI.BHO_New_20250701-20260630,CO,Colorado,Fee,FEE,IPH.OPH.BHI.BHO,New,New,2025-07-01,2026-06-30,,"Uniform increase for inpatient and outpatient hospital services and behavioral health inpatient and outpatient services for rating periods covering July 1, 2025 through June 30, 2026, incorporated in the capitation rates through a separate payment term amount of up to $725,112,312.",phase_down_determination,minimal,,,,,,,,72511231200.0,separate_payment_term,False,False,False,not read,,,,,https://www.medicaid.gov/medicaid/managed-care/downloads/CO_Fee_IPH.OPH.BHI.BHO_New_20250701-20260630.pdf,a707fbbbf777d7e7eca674a0a27b759e23dfa554a82f5e224613bc85b919ad0c,2026-09-30T16:38:47Z,,0.1.0
CO_VBP_BHO_New_20240701-20250630,CO,Colorado,VBP,VBP,BHO,New,New,2024-07-01,2025-06-30,,"Minimum Fee Schedule for Community Mental Health Centers and Comprehensive Behavioral Health Providers for the rating period covering July 1, 2024 through June 30,2025, incorporated in the capitation rates through a risk-based rate adjustment.",form_only_no_letter,numbered,45837122300.0,458371223.0,"$458,371,223",29546065600.0,"$295,460,656",16291056700.0,"$162,910,567",,,True,False,False,,,,,,https://www.medicaid.gov/medicaid/managed-care/downloads/CO_Fee_BHO_New_20240701-20250630.pdf,2152532a0c82ba2045bf20c3daa5edd8fb96f7d87a04178ecfa5bfbfc69fe2f1,2026-09-30T16:38:49Z,,0.1.0
DC_Fee_IPH.OPH_New_20241001-20250930,DC,District of Columbia,Fee,FEE,IPH.OPH,New,New,2024-10-01,2025-09-30,,"Uniform percentage increase for inpatient and outpatient hospital services for the rating period covering October 1, 2024 through September 30, 2025, incorporated in the capitation rates through a separate payment term amount of up to $485,154,441.",phase_down_determination,numbered,48515444100.0,485154441.0,"$485,154,441",37602967800.0,"$376,029,678",10912476300.0,"$109,124,763",48515444100.0,separate_payment_term,True,False,False,,,,,,https://www.medicaid.gov/medicaid/managed-care/downloads/DC_Fee_IPH.OPH_New_20241001-20250930.pdf,e5af200d9e9b72a9ff95a2761757ea3e258af6f0f6f6d3c575a12ea567046caf,2026-09-30T16:38:51Z,,0.1.0
DC_Fee_IPH.OPH_Renewal_20251001-20260930,DC,District of Columbia,Fee,FEE,IPH.OPH,Renewal,Renewal,2025-10-01,2026-09-30,,"Uniform percentage increase for inpatient and outpatient hospital services for the rating period covering October 1, 2025 through September 30, 2026, incorporated in the capitation rates through a separate payment term amount up to $658,711,422.",,,,,,,,,,,,False,False,False,,,,,,https://www.medicaid.gov/media/file/dcfeeiphophrenewal20251001-20260930.pdf,,2026-09-30T16:25:50Z,medicaid.gov/robots.txt disallows /media/*,0.1.0
DC_Fee_IPH_New_20231001-20240930,DC,District of Columbia,Fee,FEE,IPH,New,New,2023-10-01,2024-09-30,,"The maximum fee schedule for inpatient hospital services established by the state for the rating period, October 1, 2023 through September 30, 2024, incorporated into the capitation rates through a risk based rate adjustment.",form_only_no_letter,numbered,0.0,0.0,0,0.0,0,0.0,0,,,False,True,False,no currency symbol or scale word; unit assumed,,,,,https://www.medicaid.gov/medicaid/managed-care/downloads/DC_Fee_IPH_New_20231001-20240930.pdf,fe00379d204579a8880f13bca832acc2575e46c1330a0ed08a549f21e6f02eaa,2026-09-30T16:38:53Z,,0.1.0
DC_Fee_OPH_New_20231001-20240930,DC,District of Columbia,Fee,FEE,OPH,New,New,2023-10-01,2024-09-30,,"The maximum fee schedule for outpatient hospital services established by the state for the rating period, October 1, 2023 through September 30, 2024, incorporated in the capitation rates through a risk-based rate adjustment.",form_only_no_letter,numbered,3834725100.0,38347251.0,"-38,347,251",2699837000.0,"-26,998,370.00",1134888100.0,"-11,348,881.00",,,False,True,False,no currency symbol or scale word; unit assumed,,,,,https://www.medicaid.gov/medicaid/managed-care/downloads/DC_Fee_OPH_New_20231001-20240930.pdf,168e25ca1213b61dced805e57c266513c2899ddce61d3291d79bebbf30fa1d68,2026-09-30T16:38:58Z,,0.1.0
DE_Fee_HCBS_New_20250101-20251231,DE,Delaware,Fee,FEE,HCBS,New,New,2025-01-01,2025-12-31,,"Uniform percentage increase established by the state for personal care service claims for the rating period covering January 1, 2025 through December 31, 2025, incorporated in the capitation rates through a risk-based rate adjustment.",form_only_no_letter,numbered,1455458000.0,14554580.0,"$14,554,580",875458000.0,"$8,754,580",580000000.0,"$5,800,000",,,True,False,False,,,,,,https://www.medicaid.gov/medicaid/managed-care/downloads/DE_Fee_HCBS_New_20250101-20251231.pdf,1ca71db92631d9aea4d5fbadeaa50653a0c3bdbba7d20637953d054329b642c4,2026-09-30T16:39:00Z,,0.1.0
DE_Fee_HCBS_Renewal_20260101-20261231,DE,Delaware,Fee,FEE,HCBS,Renewal,Renewal,2026-01-01,2026-12-31,,"Uniform percentage increase established by the state for personal care service claims for the rating period covering January 1, 2026 through December 31, 2026, incorporated in the capitation rates through a risk-based rate adjustment of up to $14,563,263.",form_only_no_letter,numbered,1456326300.0,14563263.0,"$14,563,263",865203500.0,"$8,652,035",591122800.0,"$5,911,228",,,True,False,False,,,,,,https://www.medicaid.gov/medicaid/managed-care/downloads/DE_Fee_HCBS_Renewal_20260101-20261231.pdf,5a32e3da2ab9096a537c95fffac9073f04168dec448026eec552b6ad60a11d9d,2026-09-30T16:39:02Z,,0.1.0
DE_Fee_IPH.OPH.BHI.BHO_New_20250101-20251231,DE,Delaware,Fee,FEE,IPH.OPH.BHI.BHO,New,New,2025-01-01,2025-12-31,,"Uniform increase for inpatient and outpatient hospital services and behavioral health inpatient and outpatient services for rating periods covering January 1, 2025 through December 31, 2025, incorporated in the capitation rates through a separate payment term amount up to $309,503,881.",phase_down_determination,minimal,,,,,,,,30950388100.0,separate_payment_term,False,False,False,not read,,,,,https://www.medicaid.gov/medicaid/managed-care/downloads/DE_Fee_IPH.OPH.BHI.BHO_New_20250101-20251231.pdf,108ca9d4950a206e52f0ec773b5b57592d2199f1cb95fbe2c42f8f5b92300862,2026-09-30T16:39:04Z,,0.1.0
DE_Fee_IPH.OPH.BHI.BHO_Renewal_20260101-20261231,DE,Delaware,Fee,FEE,IPH.OPH.BHI.BHO,Renewal,Renewal,2026-01-01,2026-12-31,,"Uniform increase for inpatient and outpatient hospital services and behavioral health inpatient and outpatient services for rating periods covering January 1, 2026 through December 31, 2026, incorporated in the capitation rates through a separate payment term amount of up to $309,503,881.",phase_down_determination,minimal,,,,,,,,30950388100.0,separate_payment_term,False,False,False,not read,,,,,https://www.medicaid.gov/medicaid/managed-care/downloads/DE_Fee_IPH.OPH.BHI.BHO_Renewal_20260101-20261231.pdf,08c471e8b951a891f03f86b8c4e0e168c8c4ffc3f9db63eabdf4792ba7f8785e,2026-09-30T16:39:07Z,,0.1.0
DE_Fee_NF2_New_20250101-20251231,DE,Delaware,Fee,FEE,NF2,New,New,2025-01-01,2025-12-31,,"Minimum Fee Schedule for nursing facility services for the rating period covering January 1, 2025 through December 31, 2025, incorporated in the capitation rates through a risk-based rate adjustment of up to $235,637,606.",phase_down_determination,numbered,23563760600.0,235637606.0,"$235,637,606",14173602000.0,"$141,736,020",9390158600.0,"$93,901,586",23563760600.0,risk_based_adjustment,True,False,False,,,,,,https://www.medicaid.gov/medicaid/managed-care/downloads/DE_Fee_NF2_New_20250101-20251231.pdf,c7c9611ef2e1ce8a099629369fd8f6b70498b611558a2e30099a40ab44494399,2026-09-30T16:39:10Z,,0.1.0
DE_Fee_NF2_Renewal_20260101-20261231,DE,Delaware,Fee,FEE,NF2,Renewal,Renewal,2026-01-01,2026-12-31,,"Minimum Fee Schedule for nursing facility services for the rating period covering January 1, 2026 through December 31, 2026, incorporated in the capitation rates through a risk-based rate adjustment up to $24,348,968.",phase_down_determination,prose,,,,,,,,2434896800.0,risk_based_adjustment,False,False,False,not read,,,,,https://www.medicaid.gov/medicaid/managed-care/downloads/DE_Fee_NF2_Renewal_20260101-20261231.pdf,6d28795523793a9294d24ea8f3ab4e1e83fc589d5adb576396446c275767a708,2026-09-30T16:39:11Z,,0.1.0
DE_Fee_NF_New_20230101-20231231,DE,Delaware,Fee,FEE,NF,New,New,2023-01-01,2023-12-31,,"Uniform increase established by the state for nursing facility services for the rating period covering January 1, 2023 through December 31, 2023, incorporated in the capitation rates through a separate payment term of up to $25,464,731.",approval,numbered,2546473100.0,25464731.0,"$25,464,731",1546473100.0,"$15,464,731",1000000000.0,"$10,000,000",2546473100.0,separate_payment_term,True,False,False,,,,,,https://www.medicaid.gov/medicaid/managed-care/downloads/DE_Fee_NF_New_20230101-20231231.pdf,839190b2a2a79736c730f532820cdcee4d03e2afca9747802b8fba3883570dd2,2026-09-30T16:39:13Z,,0.1.0
DE_VBP_IPH.OPH.PC.SP_New_20250101-20271231,DE,Delaware,VBP,VBP,IPH.OPH.PC.SP,New,New,2025-01-01,2027-12-31,,"Quality incentive program for inpatient hospital services, outpatient hospital services, primary care services, and specialty physician services at Nemours Children’s Hospital for the rating period covering January 1, 2025 through December 31, 2027, incorporated in the capitation rates through a risk-based rate adjustment.",form_only_no_letter,numbered,202500.0,2025.0,"CY 2025: $5,000,000. CY 2026: $15,000,000. CY 2027: $18,000,000",202500.0,"CY 2025: $3,007,500. CY 2026: $8,911,500. CY 2027: $10,693,800.",202500.0,"CY 2025: $1,992,500. CY 2026: $6,088,500. CY 2027: $7,306,200.",,,False,True,False,no currency symbol or scale word; unit assumed,,,,,https://www.medicaid.gov/medicaid/managed-care/downloads/DE_VBP_IPH.OPH.PC.SP_New_20250101-20271231.pdf,cddb3ce775fe3beffa5ebe51ea7f9acaf508f0bd5552d2074a21da27d35a0d23,2026-09-30T16:39:14Z,,0.1.0
FL-Fee-HCBS-BHO-Oth-New-20221001-20230930,FL,Florida,Fee,FEE,HCBS_BHO_Oth,New,New,2022-10-01,2023-09-30,,"Uniform percentage increase established by the state for home and community-based services, behavioral health outpatient services, and eligible non-waiver services for the rating period covering October 1, 2022 through September 30, 2023, incorporated in the capitation rates through a separate payment term of up to $296,534,267.",approval,numbered,29653426700.0,296534267.0,"$296,534,267",19289554100.0,"$192,895,541",10363872600.0,"$103,638,726",29653426700.0,separate_payment_term,True,False,False,,,,fields were hyphen separated,,https://www.medicaid.gov/medicaid/managed-care/downloads/fl-fee-hcbs-bho-oth-new-20221001-20230930.pdf,f4220823ff467bc45003106c7a5303f8b86b1f9b8ecf0312811e3e5ea230860c,2026-09-30T16:39:16Z,,0.1.0
FL_Fee.IPH.OPH5_Renewal_20241001-20250131,FL,Florida,Fee,FEE.IPH.OPH5,IPH.OPH5,Renewal,Renewal,2024-10-01,2025-01-31,,"Uniform Percentage Increase for inpatient and outpatient hospital services for rating periods covering October 1, 2024 through January 31, 2025, incorporated in the capitation rates through a separate payment term amount up to $138,445,303.",phase_down_determination,prose,,,,,,,,13844530300.0,separate_payment_term,False,False,False,not read,,,payment type and provider class were one token,,https://www.medicaid.gov/medicaid/managed-care/downloads/FL_Fee.IPH.OPH5_Renewal_20241001-20250131.pdf,6148473459f6a13a6f2af0622e2cb513adb1669aa068acf5a9e17e82f188b374,2026-09-30T16:39:17Z,,0.1.0
FL_Fee.IPH.OPH5_Renewal_20250201-20250930,FL,Florida,Fee,FEE.IPH.OPH5,IPH.OPH5,Renewal,Renewal,2025-02-01,2025-09-30,,"Uniform Percentage Increase for inpatient and outpatient hospital services for rating periods covering February 1, 2025 through September 30, 2025, incorporated in the capitation rates through a separate payment term amount up to $272,388,320.",phase_down_determination,prose,,,,,,,,27238832000.0,separate_payment_term,False,False,False,not read,,,payment type and provider class were one token,,https://www.medicaid.gov/medicaid/managed-care/downloads/FL_Fee.IPH.OPH5_Renewal_20250201-20250930.pdf,1532a0e71f75b805f22af5ae812473f8fba22172d8e5273ec24b7ae37250f134,2026-09-30T16:39:18Z,,0.1.0
FL_Fee_AMC_Amend_20241001-20250131,FL,Florida,Fee,FEE,AMC,Amend,Amendment,2024-10-01,2025-01-31,,"Uniform percentage increase for professional services at an academic medical center for the rating period covering October 1, 2024 through January 31, 2025, incorporated in the capitation rates through a separate payment term amount of up to $130,462,908.",phase_down_determination,prose,,,,,,,,13046290800.0,separate_payment_term,False,False,False,not read,,,,,https://www.medicaid.gov/medicaid/managed-care/downloads/FL_Fee_AMC_Amend_20241001-20250131.pdf,524064c8bb6826efa4a3cca2550c7abe83ecd79ac4590a03fb1c30d4b8b73492,2026-09-30T16:39:20Z,,0.1.0
FL_Fee_AMC_Amend_20250201-20250930,FL,Florida,Fee,FEE,AMC,Amend,Amendment,2025-02-01,2025-09-30,,"Uniform percentage increase for professional services at an academic medical center for the rating period covering February 1, 2025 through September 30, 2025, incorporated in the capitation rates through a separate payment term amount of up to $260,925,815.",phase_down_determination,prose,,,,,,,,26092581500.0,separate_payment_term,False,False,False,not read,,,,,https://www.medicaid.gov/medicaid/managed-care/downloads/FL_Fee_AMC_Amend_20250201-20250930.pdf,d2f1a6ae71a58fd5ab97509a4b4316502539fd0848b3ece1e0e113a3f7971d4e,2026-09-30T16:39:21Z,,0.1.0
FL_Fee_AMC_Renewal_ 20231001-20240930,FL,Florida,Fee,FEE,AMC,Renewal,Renewal,2023-10-01,2024-09-30,,"Uniform percentage increase established by the state for professional services at an academic medical center for the rating period, October 1, 2023 through September 30, 2024, incorporated into the capitation rates through a separate payment term up to $326,033,561.",form_only_no_letter,numbered,32603356100.0,326033561.0,"$326,033,561",18896905200.0,"$188,969,052",13706450900.0,"$137,064,509",,,True,False,False,,,,,,https://www.medicaid.gov/medicaid/managed-care/downloads/FL_Fee_AMC_Renewal_ 20231001-20240930.pdf,9ce5c17591d9d9cc4e6e14ea074e76f855fde37a9b5b29ea92dd57c6a672f331,2026-09-30T16:39:22Z,,0.1.0
FL_Fee_AMC_Renewal_20221001-20230930,FL,Florida,Fee,FEE,AMC,Renewal,Renewal,2022-10-01,2023-09-30,,"Uniform percentage increase established by the state for professional services at an academic medical center for the rating period covering October 1, 2022 through September 30, 2023, incorporated in the capitation rates through a separate payment term of up to $265,157,436.",approval,numbered,26515743600.0,265157436.0,"$265,157,436",15922704000.0,"$159,227,040",10593039600.0,"$105,930,396",26515743600.0,separate_payment_term,True,False,False,,FL_Fee_AMC_Renewal_20221001-20230930,,,,https://www.medicaid.gov/medicaid/managed-care/downloads/FL_Fee_AMC_Renewal_20221001-20230930.pdf,109d8962f5e76e7ab0f4dc09bfbe9c32455f56bab0186ecd6042ea1f7dbdcbe1,2026-09-30T16:39:24Z,,0.1.0
FL_Fee_AMC_Renewal_20241001-20250131,FL,Florida,Fee,FEE,AMC,Renewal,Renewal,2024-10-01,2025-01-31,,"Uniform percentage increase for professional services at an academic medical center for rating periods covering October 1, 2024 through January 31, 2025, incorporated in the capitation rates through a separate payment term amount of up to $113,819,515.",phase_down_determination,numbered,11381951500.0,113819515.0,"$113,819,515",6507061700.0,"$65,070,617",4874889800.0,"$48,748,898",11381951500.0,separate_payment_term,True,False,False,,FL_Fee_AMC_Renewal_20241001-20250131,,,,https://www.medicaid.gov/medicaid/managed-care/downloads/FL_Fee_AMC_Renewal_20241001-20250131.pdf,3f8d24fb25a0f19eaa0fdf8759f6fd6fcb2b1119c4bea6d8be784315e783ef8c,2026-09-30T16:39:25Z,,0.1.0
FL_Fee_AMC_Renewal_20250201-20250930,FL,Florida,Fee,FEE,AMC,Renewal,Renewal,2025-02-01,2025-09-30,,"Uniform percentage increase for professional services at an academic medical center for rating periods covering February 1, 2025 through September 30, 2025, incorporated in the capitation rates through a separate payment term amount of up to $227,639,029.",phase_down_determination,numbered,22763902900.0,227639029.0,"$227,639,029",13014123300.0,"$130,141,233",9749779600.0,"$97,497,796",22763902900.0,separate_payment_term,True,False,False,,"February 1, 2025 through September 30, 2025","filename says 'FL_Fee_AMC_Renewal_20250201-20250930'; document says 'February 1, 2025 through September 30, 2025'",,,https://www.medicaid.gov/medicaid/managed-care/downloads/FL_Fee_AMC_Renewal_20250201-20250930.pdf,9a243b29ca6db8315ee98e2b3a1767ed0368f3699f51f279d1809ff99ab05cc6,2026-09-30T16:39:26Z,,0.1.0
FL_Fee_AMC_Renewal_20251001-20260930,FL,Florida,Fee,FEE,AMC,Renewal,Renewal,2025-10-01,2026-09-30,,"Uniform percentage increase for professional services at an academic medical center for the rating period covering October 1, 2025 through September 30, 2026, incorporated in the capitation rates through a separate payment term amount up to $442,867,123.",phase_down_determination,prose,,,,,,,,44286712300.0,separate_payment_term,False,False,False,not read,,,,,https://www.medicaid.gov/medicaid/managed-care/downloads/FL_Fee_AMC_Renewal_20251001-20260930.pdf,a08aa837dba62c53b28b0800dc4adcf331a582a856b4cdedb0c4aef4677d66d5,2026-09-30T16:39:28Z,,0.1.0
FL_Fee_D_New_20231001-20240930,FL,Florida,Fee,FEE,D,New,New,2023-10-01,2024-09-30,,"Uniform percentage increase established by the state for eligible dental services for the rating period, October 1, 2023 through September 30, 2024, incorporated into the capitation rates through a separate payment term up to $100,000.",form_only_no_letter,numbered,10000000.0,100000.0,"$100,000",5796000.0,"$57,960",4204000.0,"$42,040",,,True,False,False,,,,,,https://www.medicaid.gov/medicaid/managed-care/downloads/FL_Fee_D_New_20231001-20240930.pdf,31bfddec38c6d2bafc488fd22464202b4aeb4b5acb11dd16c7687d1d6cd1008f,2026-09-30T16:39:29Z,,0.1.0
FL_Fee_D_Renewal_20241001-20250131,FL,Florida,Fee,FEE,D,Renewal,Renewal,2024-10-01,2025-01-31,,"Minimum fee schedule for dental services for rating period covering October 1, 2024through January 31, 2025, incorporated in the capitation rates through a risk-based rate adjustment amount of up to $27,557.",form_only_no_letter,minimal,,,,,,,,,,False,False,False,not read,,,,,https://www.medicaid.gov/medicaid/managed-care/downloads/FL_Fee_D_Renewal_20241001-20250131.pdf,96ed08121489c72c3bda5660685009482291ff50636d45eb8e85a462366c8ed1,2026-09-30T16:39:30Z,,0.1.0
FL_Fee_D_Renewal_20250201-20250930,FL,Florida,Fee,FEE,D,Renewal,Renewal,2025-02-01,2025-09-30,,"Minimum fee schedule for dental services for rating period covering February 1, 2025through September 30, 2025, incorporated in the capitation rates through a risk-based rate adjustment amount of up to $58,465.",form_only_no_letter,minimal,,,,,,,,,,False,False,False,not read,,,,,https://www.medicaid.gov/medicaid/managed-care/downloads/FL_Fee_D_Renewal_20250201-20250930.pdf,366aebb5414dde537ad11dfb6d2d78e9523543aa2c7be686a308a3ed13d67845,2026-09-30T16:39:31Z,,0.1.0
FL_Fee_D_Renewal_20251001-20260930,FL,Florida,Fee,FEE,D,Renewal,Renewal,2025-10-01,2026-09-30,,"Minimum Fee Schedule for dental services for the rating period covering October 1,2025 through September 30, 2026, incorporated in the capitation rates through a risk-based rate adjustment up to $150,000.",form_only_no_letter,prose,,,,,,,,,,False,False,False,not read,,,,,https://www.medicaid.gov/medicaid/managed-care/downloads/FL_Fee_D_Renewal_20251001-20260930.pdf,54105e24510aec46107adaeb8be70fe2663882b824f2c3640d43b69f996e2816,2026-09-30T16:39:33Z,,0.1.0
FL_Fee_IPH.OPH2_Renewal_ 20231001-20240930,FL,Florida,Fee,FEE,IPH.OPH2,Renewal,Renewal,2023-10-01,2024-09-30,,"Maximum fee schedule established by the state for eligible inpatient and outpatient hospital services for the rating period, October 1, 2023 through September 30, 2024, incorporated into the capitation rates through a risk-based rate adjustment",form_only_no_letter,numbered,12000.0,120.0,"We are not able to explicitly value the full impact of the minimum or maximum fee schedules for hospitals, because the initiative has been in place for several years, and we do not know what current plan contracting levels would be in the absence of the initiative (i.e., if plans were able to contract above 120% of FFS Medicaid, we do not know the volume of contracts that would be renegotiated above 120% and the estimated percentage above 120%). However, we do point out that because this maximum fee schedule limits provider reimbursement, it does not add costs to the Florida Medicaid program; the financial impact, if any, is a cost savings.",,,,,,,False,True,False,no currency symbol or scale word; unit assumed,,,,,https://www.medicaid.gov/medicaid/managed-care/downloads/FL_Fee_IPH.OPH2_Renewal_ 20231001-20240930.pdf,3b21a12e356f189baaa6be15fb5fe4b416126caada4c3f204e6542fa037a3190,2026-09-30T16:39:34Z,,0.1.0
FL_Fee_IPH.OPH2_Renewal_20221001-20230930,FL,Florida,Fee,FEE,IPH.OPH2,Renewal,Renewal,2022-10-01,2023-09-30,,"Maximum fee schedule established by the state for eligible inpatient and outpatient hospital services for the rating period covering October 1, 2022 through September 30,2023, incorporated in the capitation rates through a risk-based rate adjustment.",approval,numbered,12000.0,120.0,"We are not able to explicitly value the full impact of the minimum or maximum fee schedules for hospitals, because the initiative has been in place for several years, and we do not know what current plan contracting levels would be in the absence of the initiative (i.e., if plans were able to contract above 120% of FFS Medicaid, we do not know the volume of contracts that would be renegotiated above 120% and the estimated percentage above 120%). However, we do point out that because this maximum fee schedule limits provider reimbursement, it does not add costs to the Florida Medicaid program; the financial impact, if any, is a cost savings.",,,,,,,False,True,False,no currency symbol or scale word; unit assumed,,,,,https://www.medicaid.gov/medicaid/managed-care/downloads/fl-fee-iph-oph2-renewal-20221001-20230930.pdf,f122bd9aa29f732df1f77c8c568ec1082bcf56ea5d194b362aee1b458acbcb01,2026-09-30T16:39:35Z,,0.1.0
FL_Fee_IPH.OPH2_Renewal_20241001-20250131,FL,Florida,Fee,FEE,IPH.OPH2,Renewal,Renewal,2024-10-01,2025-01-31,,"Maximum Fee Schedule for inpatient hospital services and outpatient hospital services for the rating period covering October 1, 2024 through January 31, 2025, incorporated in the capitation rates through a risk-based rate adjustment.",phase_down_determination,minimal,,,,,,,,,,False,False,False,not read,,,,,https://www.medicaid.gov/medicaid/managed-care/downloads/FL_Fee_IPH.OPH2_Renewal_20241001-20250131.pdf,c23ff206bd43386c23c8e10856566186ea227b66aefff491510fd6703fecb468,2026-09-30T16:39:36Z,,0.1.0
FL_Fee_IPH.OPH2_Renewal_20250201-20250930,FL,Florida,Fee,FEE,IPH.OPH2,Renewal,Renewal,2025-02-01,2025-09-30,,"Maximum Fee Schedule for inpatient hospital services and outpatient hospital services for the rating period covering February 1, 2025 through September 30, 2025,incorporated in the capitation rates through a risk-based rate adjustment.",phase_down_determination,minimal,,,,,,,,,,False,False,False,not read,,,,,https://www.medicaid.gov/medicaid/managed-care/downloads/FL_Fee_IPH.OPH2_Renewal_20250201-20250930.pdf,d1bece6cf2836bbe88f153b839d7e0d71c8d5df93d2dced0f6e65cff86f0c401,2026-09-30T16:39:38Z,,0.1.0
FL_Fee_IPH.OPH3_Renewal_202221001-20230930,FL,Florida,Fee,FEE,IPH.OPH3,Renewal,Renewal,,2023-09-30,,"Uniform percentage increase established by the state for inpatient and outpatient hospital services at qualifying cancer hospitals for the rating period covering October 1, 2022 through September 30, 2023, incorporated in the capitation rates through a separate payment term of up to $129,312,167.",approval,numbered,12931216700.0,129312167.0,"$129,312,167",7765195640.0,"77,651,956.40",5166021079.0,"51,660,210.79",12931216700.0,separate_payment_term,True,False,False,,FL_Fee_IPH.OPH3_ Renewal_20221001-20230930,filename says 'FL_Fee_IPH.OPH3_Renewal_202221001-20230930'; document says 'FL_Fee_IPH.OPH3_ Renewal_20221001-20230930',"date has 9 digits, expected 8","date has 9 digits, expected 8",https://www.medicaid.gov/medicaid/managed-care/downloads/FL_Fee_IPH.OPH3_Renewal_202221001-20230930.pdf,b93a43ace3dc54840d5491feff8d1da6a6f1dd9919c349e050cf4df0ed7f72c6,2026-09-30T16:39:39Z,,0.1.0
FL_Fee_IPH.OPH3_Renewal_20231001-20240930,FL,Florida,Fee,FEE,IPH.OPH3,Renewal,Renewal,2023-10-01,2024-09-30,,"Uniform percentage increase established by the state for inpatient and outpatient hospital services at qualifying cancer hospitals in Region 6 and Region 11 for the rating period, October 1, 2023 through September 30, 2024, incorporated into the capitation rates through a separate payment term up to $114,215,247.",form_only_no_letter,numbered,11421524700.0,114215247.0,"$114,215,247",6619915800.0,"$66,199,158",4801609000.0,"$48,016,090",,,True,False,False,,,,,,https://www.medicaid.gov/medicaid/managed-care/downloads/FL_Fee_IPH.OPH3_Renewal_20231001-20240930.pdf,b95d3be5eab0ef55bac1a66ffe3ae898de539a51aa89f3d711a6f905088fdc09,2026-09-30T16:39:40Z,,0.1.0
FL_Fee_IPH.OPH3_Renewal_20241001-20250131,FL,Florida,Fee,FEE,IPH.OPH3,Renewal,Renewal,2024-10-01,2025-01-31,,"Uniform percentage increase for inpatient and outpatient hospital services for rating periods covering October 1, 2024 through January 31, 2025, incorporated in the capitation rates through a separate payment term amount up to $108,835,976.",phase_down_determination,minimal,,,,,,,,10883597600.0,separate_payment_term,False,False,False,not read,,,,,https://www.medicaid.gov/medicaid/managed-care/downloads/FL_Fee_IPH.OPH3_Renewal_20241001-20250131.pdf,119062a683097f41d7c0d25b3c1b32017943e75231460ab79be89e442d3ce3b1,2026-09-30T16:39:42Z,,0.1.0
FL_Fee_IPH.OPH3_Renewal_20250201-20250930,FL,Florida,Fee,FEE,IPH.OPH3,Renewal,Renewal,2025-02-01,2025-09-30,,"Uniform percentage increase for inpatient and outpatient hospital services for the rating period covering February 1, 2025 through September 30, 2025, incorporated in the capitation rates through a risk-based rate adjustment amount up to$217,671,953.",phase_down_determination,minimal,,,,,,,,,,False,False,False,not read,,,,,https://www.medicaid.gov/medicaid/managed-care/downloads/FL_Fee_IPH.OPH3_Renewal_20250201-20250930.pdf,86b6763f771def20a36199fff6166c448ed88410a384ae5d77ae5d159dc7493f,2026-09-30T16:39:43Z,,0.1.0
FL_Fee_IPH.OPH4_Renewal_20221001-20230930,FL,Florida,Fee,FEE,IPH.OPH4,Renewal,Renewal,2022-10-01,2023-09-30,,"Uniform percentage increase established by the state for eligible inpatient and outpatient hospital services for the rating period covering October 1, 2022 through September 30, 2023, incorporated in the capitation rates through a separate payment term of up to $3,430,910,455.",approval,numbered,343091045500.0,3430910455.0,"$3,430,910,455",198855570000.0,"$1,988,555,700",144235475500.0,"$1,442,354,755",343091045500.0,separate_payment_term,True,False,False,,FL_Fee.IPH.OPH4,filename says 'FL_Fee_IPH.OPH4_Renewal_20221001-20230930'; document says 'FL_Fee.IPH.OPH4',,,https://www.medicaid.gov/medicaid/managed-care/downloads/FL_Fee_IPH.OPH4_Renewal_20221001-20230930.pdf,bdd5e17509d048dad5d03a0d92e4e2393724798c89a44b1422335513b905b34b,2026-09-30T16:39:44Z,,0.1.0
FL_Fee_IPH.OPH4_Renewal_20231001-20240930,FL,Florida,Fee,FEE,IPH.OPH4,Renewal,Renewal,2023-10-01,2024-09-30,,"Uniform percentage increase established by the state for eligible inpatient and outpatient hospital services, excluding cancer hospitals, for the rating period, October 1, 2023 through September 30, 2024, incorporated into the capitation rates through a separate payment term up to $3,362,969,548.",form_only_no_letter,numbered,336296954800.0,3362969548.0,"$3,362,969,548",192490031100.0,"$1,924,900,311",143806923700.0,"$1,438,069,237",,,True,False,False,,,,,,https://www.medicaid.gov/medicaid/managed-care/downloads/FL_Fee_IPH.OPH4_Renewal_20231001-20240930.pdf,8bf8c287ce503f64084ed92ce43b068147dc4fb74bef51fb70566566e342ff91,2026-09-30T16:39:46Z,,0.1.0
FL_Fee_IPH.OPH4_Renewal_20241001-20250131,FL,Florida,Fee,FEE,IPH.OPH4,Renewal,Renewal,2024-10-01,2025-01-31,,"Performance Improvement Initiative, Value-Based Purchasing Model, and Uniform Percentage Increase for inpatient hospital services and outpatient hospital services for the rating period covering October 1, 2024 through January 31, 2025, incorporated in the capitation rates through a separate payment term up to $2,470,111,272.",phase_down_determination,prose,,,,,,,,247011127200.0,separate_payment_term,False,False,False,not read,,,,,https://www.medicaid.gov/medicaid/managed-care/downloads/FL_Fee_IPH.OPH4_Renewal_20241001-20250131.pdf,6b9e0fbd2bfb5819f613a4aed2afd821fd3504dd0c78bd26b078480cd6a4efcb,2026-09-30T16:39:47Z,,0.1.0
FL_Fee_IPH.OPH4_Renewal_20250201-20250930,FL,Florida,Fee,FEE,IPH.OPH4,Renewal,Renewal,2025-02-01,2025-09-30,,"Performance Improvement Initiative, Value-Based Purchasing Model, and Uniform Percentage Increase for inpatient hospital services and outpatient hospital services for the rating period covering February 1, 2025 through September 30, 2025, incorporated in the capitation rates through a separate payment term amount up to $5,413,222,576.",phase_down_determination,prose,,,,,,,,541322257600.0,separate_payment_term,False,False,False,not read,,,,,https://www.medicaid.gov/medicaid/managed-care/downloads/FL_Fee_IPH.OPH4_Renewal_20250201-20250930.pdf,39258e64b5b42e1ad496665137787b7b2bf0d9dd7743d1b5fbcee3e4922e7755,2026-09-30T16:39:49Z,,0.1.0
FL_Fee_IPH.OPH5_New_20231001-20240930,FL,Florida,Fee,FEE,IPH.OPH5,New,New,2023-10-01,2024-09-30,,"Uniform percentage increase for inpatient and outpatient hospital services for rating periods covering October 1, 2023 through September 30, 2024, incorporated in the capitation rates through a separate payment term amount of up to $452,805,524.",form_only_no_letter,prose,,,,,,,,,,False,False,False,not read,,,,,https://www.medicaid.gov/medicaid/managed-care/downloads/FL_Fee.IPH.OPH5_New_20231001-20240930.pdf,d62ff38211dea647d9ea8678b214d21be537027117716932e852c7742e097474,2026-09-30T16:39:52Z,,0.1.0
FL_Fee_Oth_Renewal_20221001-20230930,FL,Florida,Fee,FEE,Oth,Renewal,Renewal,2022-10-01,2023-09-30,,"Uniform dollar increase established by the state for public emergency medical transportation services for the rating period covering October 1, 2022 through September 30, 2023, incorporated in the capitation rates through a separate payment term of up to $138,539,043.",approval,numbered,13853904300.0,138539043.0,"138,539,043",8319269532.0,"83,192,695.32",5534634771.0,"55,346,347.71",13853904300.0,separate_payment_term,False,True,False,no currency symbol or scale word; unit assumed,FL_Fee_Oth_Renewal_20211001-20220930,filename says 'FL_Fee_Oth_Renewal_20221001-20230930'; document says 'FL_Fee_Oth_Renewal_20211001-20220930',,,https://www.medicaid.gov/medicaid/managed-care/downloads/fl-fee-oth-renewal-20221001-20230930.pdf,a56b0aabb260e6fa7a886872e607aa929692dc2db4d8a9e4f9cc541e621f3302,2026-09-30T16:39:54Z,,0.1.0
FL_Fee_Oth_Renewal_20231001-20240930,FL,Florida,Fee,FEE,Oth,Renewal,Renewal,2023-10-01,2024-09-30,,"Uniform dollar increase established by the state for public emergency medical transportation services for the rating period, October 1, 2023 through September 30, 2024, incorporated into the capitation rates through a separate payment term up to $200,000,000.",form_only_no_letter,numbered,20000000000.0,200000000.0,"200,000,000",11592000000.0,"115,920,000",8408000000.0,"84,080,000",,,False,True,False,no currency symbol or scale word; unit assumed,FL_Fee_Oth_Renewal_20231001-20240930,,,,https://www.medicaid.gov/medicaid/managed-care/downloads/FL_Fee_Oth_Renewal_20231001-20240930.pdf,c012ef717a35735d1faa9eb6341ffd6bf5a54c6d6d11424d9ed74d0c26c149f3,2026-09-30T16:39:57Z,,0.1.0
FL_Fee_Oth_Renewal_20241001-20250131,FL,Florida,Fee,FEE,Oth,Renewal,Renewal,2024-10-01,2025-01-31,,"Uniform dollar increase for publicly owned or operated emergency medical transportation provider services for rating period covering October 1, 2024 through January 31, 2025, incorporated in the capitation rates through a separate payment term amount of up to $66,666,667.",form_only_no_letter,numbered,6666666700.0,66666667.0,"66,666,667",3814666700.0,"38,146,667",2852000000.0,"28,520,000",,,False,True,False,no currency symbol or scale word; unit assumed,FL_Fee_Oth_Renewal_20241001-20250930,filename says 'FL_Fee_Oth_Renewal_20241001-20250131'; document says 'FL_Fee_Oth_Renewal_20241001-20250930',,,https://www.medicaid.gov/medicaid/managed-care/downloads/FL_Fee_Oth_Renewal_20241001-20250131.pdf,7c0c6408645110c1dcf60cfb46c52861440723bce0d7a4c8eef6a3fc48a2834e,2026-09-30T16:40:01Z,,0.1.0
FL_Fee_Oth_Renewal_20250201-20250930,FL,Florida,Fee,FEE,Oth,Renewal,Renewal,2025-02-01,2025-09-30,,"Uniform dollar increase for publicly owned or operated emergency medical transportation provider services for rating period covering February 1, 2025 through September 30, 2025, incorporated in the capitation rates through a separate payment term amount of up to $133,333,334.",form_only_no_letter,numbered,13333333400.0,133333334.0,"133,333,334",7629333400.0,"76,293,334",5704000000.0,"57,040,000",,,False,True,False,no currency symbol or scale word; unit assumed,FL_Fee_Oth_Renewal_20250201-20250930,,,,https://www.medicaid.gov/medicaid/managed-care/downloads/FL_Fee_Oth_Renewal_20250201-20250930.pdf,4bf47b9cf7c189434842aae1384950852e4cfcdc85c4559583bee9da6c6e0684,2026-09-30T16:40:05Z,,0.1.0
FL_Fee_PC.NF_New_20231001-20240930,FL,Florida,Fee,FEE,PC.NF,New,New,2023-10-01,2024-09-30,,"Uniform dollar increase established by the state for primary care services and pediatric nursing facility services for the rating period, October 1, 2023, through September 30,2024, incorporated into the capitation rates through a separate payment term of up to $15million.",form_only_no_letter,numbered,1500000000.0,15000000.0,$15 million,890000000.0,"$8,900,000",610000000.0,"$6,100,000",,,True,False,False,,FL_Fee_PC.NF_New_20231001-20240930,,,,https://www.medicaid.gov/medicaid/managed-care/downloads/FL_Fee_PC.NF_New_20231001-20240930.pdf,300da80a59ebea2c785de0149a9e228509217a33d1231de724bc57d466461fd5,2026-09-30T16:40:06Z,,0.1.0
FL_Fee_PC.NF_Renewal_20241001-20250131,FL,Florida,Fee,FEE,PC.NF,Renewal,Renewal,2024-10-01,2025-01-31,,"Uniform Dollar Increase for primary care services and nursing facility services for rating periods covering October 1, 2024 through January 31, 2025, incorporated in the capitation rates through a separate payment term amount up to $5,999,940.",phase_down_determination,prose,,,,,,,,599994000.0,separate_payment_term,False,False,False,not read,,,,,https://www.medicaid.gov/medicaid/managed-care/downloads/FL_Fee_PC.NF_Renewal_20241001-20250131.pdf,29ce2f9f05154d0b9243042a2a76ae6ff5d3b26074dd372c97f3ff6fcd9a2e7c,2026-09-30T16:40:08Z,,0.1.0
FL_Fee_PC.NF_Renewal_20250201-20250930,FL,Florida,Fee,FEE,PC.NF,Renewal,Renewal,2025-02-01,2025-09-30,,"Uniform Dollar Increase for primary care services and nursing facility services for rating periods covering February 1, 2025 through September 30, 2025, incorporated in the capitation rates through a separate payment term amount up to $11,998,800.",phase_down_determination,prose,,,,,,,,1199880000.0,separate_payment_term,False,False,False,not read,,,,,https://www.medicaid.gov/medicaid/managed-care/downloads/FL_Fee_PC.NF_Renewal_20250201-20250930.pdf,6e186f56eae8907b6f33a9c0e15fef457f8e187f104e985292470177d2f20368,2026-09-30T16:40:09Z,,0.1.0
FL_Fee_PC.SP2_Renewal_20221001-20230930,FL,Florida,Fee,FEE,PC.SP2,Renewal,Renewal,2022-10-01,2023-09-30,,"Uniform percentage increase established by the state for primary care and specialty physician services at public hospitals for the rating period covering October 1, 2022 through September 30, 2023, incorporated into the capitation rates through a separate payment term of up to $80,051,380.",approval,numbered,8005138000.0,80051380.0,"$80,051,380",5207342300.0,"$52,073,423",2797795700.0,"$27,977,957",8005138000.0,separate_payment_term,True,False,False,,FL_Fee_PC.SP2_New_20221001-20230930,filename says 'FL_Fee_PC.SP2_Renewal_20221001-20230930'; document says 'FL_Fee_PC.SP2_New_20221001-20230930',,,https://www.medicaid.gov/medicaid/managed-care/downloads/FL_Fee_PC.SP2_Renewal_20221001-20230930.pdf,d2c6e3d18a92db41b895fdecd0613034602067228ea905edce5411fc94e5247c,2026-09-30T16:40:11Z,,0.1.0
FL_Fee_PC.SP2_Renewal_20231001-20240930,FL,Florida,Fee,FEE,PC.SP2,Renewal,Renewal,2023-10-01,2024-09-30,,"Uniform percentage increase established by the state for primary care services and specialty physician services at public hospitals for the rating period, October 1, 2023 through September 30, 2024, incorporated into the capitation rates through a separate payment term up to $94,789,865.",form_only_no_letter,numbered,9478986500.0,94789865.0,"$94,789,865",5494020600.0,"$54,940,206",3984965900.0,"39,849,659",,,True,False,False,,,,,,https://www.medicaid.gov/medicaid/managed-care/downloads/FL_Fee_PC.SP2_Renewal_20231001-20240930.pdf,79e8d3e290aa8804653216a1f514882fc54c5122b5ad6afbe9895c797f205a6e,2026-09-30T16:40:12Z,,0.1.0
FL_Fee_PC.SP2_Renewal_20241001-20250131,FL,Florida,Fee,FEE,PC.SP2,Renewal,Renewal,2024-10-01,2025-01-31,,"Uniform percentage increase for primary care services and specialty physician services for rating period covering October 1, 2024 through January 31, 2025, incorporated in the capitation rates through a separate payment term amount of up to $27,099,041.33.",form_only_no_letter,numbered,2709904133.0,27099041.33,"$27,099,041.33",1549252193.0,"$15,492,521.93",1160651940.0,"11,606,519.40",,,True,False,False,,FL_Fee_PC.SP2_Renewal_20241001-20250131,,,,https://www.medicaid.gov/medicaid/managed-care/downloads/FL_Fee_PC.SP2_Renewal_20241001-20250131.pdf,81345a4bde7a2e46f48993bb4c32f76b8dc4a90429219c473688e9f7d87928be,2026-09-30T16:40:13Z,,0.1.0
FL_Fee_PC.SP2_Renewal_20250201-20250930,FL,Florida,Fee,FEE,PC.SP2,Renewal,Renewal,2025-02-01,2025-09-30,,"Uniform percentage increase for primary care services and specialty physician services for rating period covering February 1, 2025 through September 30, 2025, incorporated in the capitation rates through a separate payment term amount of up to $54,198,082.67.",form_only_no_letter,numbered,5419808267.0,54198082.67,"$54,198,082.67",3098504386.0,"$30,985,043.86",2321303881.0,"23,213,038.81",,,True,False,False,,FL_Fee_PC.SP2_Renewal_20250201-20250930,,,,https://www.medicaid.gov/medicaid/managed-care/downloads/FL_Fee_PC.SP2_Renewal_20250201-20250930.pdf,15e2dc25f12f5927b0c050d57c17e6589fef1c68a1aa6e913a6b7a28e874f930,2026-09-30T16:40:15Z,,0.1.0
FL_Fee_PC.SP2_Renewal_20251001-20260930,FL,Florida,Fee,FEE,PC.SP2,Renewal,Renewal,2025-10-01,2026-09-30,,"Uniform percentage increase for primary care services and specialty physician services for the rating period covering October 1, 2025 through September 30, 2026, incorporated in the capitation rates through a separate payment term amount up to $52,159,369.",form_only_no_letter,prose,,,,,,,,,,False,False,False,not read,,,,,https://www.medicaid.gov/medicaid/managed-care/downloads/FL_Fee_PC.SP2_Renewal_20251001-20260930.pdf,fee753b90efd48145a39dc68f49d5799f1d7eb31ef756f0efb0c9662839eee97,2026-09-30T16:40:16Z,,0.1.0
FL_Fee_PC.SP_Renewal_20231001-20240930,FL,Florida,Fee,FEE,PC.SP,Renewal,Renewal,2023-10-01,2024-09-30,,"Minimum fee schedule established by the state for primary care services and specialty physician services for the rating period, October 1, 2023 through September 30, 2024, incorporated into the capitation rates through a risk-based rate adjustment.",form_only_no_letter,numbered,30020510700.0,300205107.0,"$300,205,107",17399888000.0,"$173,998,880",12620622700.0,"$126,206,227",,,True,False,False,,,,,,https://www.medicaid.gov/medicaid/managed-care/downloads/FL_Fee_PC.SP_Renewal_20231001-20240930.pdf,f7dda6c3327c9dc545a1e7de56775d66a750d22b79d151592c478ce1179db9c9,2026-09-30T16:40:18Z,,0.1.0
FL_Fee_PC.SP_Renewal_20241001-20250131,FL,Florida,Fee,FEE,PC.SP,Renewal,Renewal,2024-10-01,2025-01-31,,"Minimum fee schedule for primary care services and specialty physician services for rating period covering October 1, 2024 through January 31, 2025, incorporated in the capitation rates through a risk-based rate adjustment of up to $75,353,889.",form_only_no_letter,minimal,,,,,,,,,,False,False,False,not read,,,,,https://www.medicaid.gov/medicaid/managed-care/downloads/FL_Fee_PC.SP_Renewal_20241001-20250131.pdf,7740f7c783a53777466a2ac35cf69a5e3c28b5a33229c5113d4a66025a4ec095,2026-09-30T16:40:19Z,,0.1.0
FL_Fee_PC.SP_Renewal_20250201-20250930,FL,Florida,Fee,FEE,PC.SP,Renewal,Renewal,2025-02-01,2025-09-30,,"Minimum fee schedule for primary care services and specialty physician services for rating period covering February 1, 2025 through September 30, 2025, incorporated in the capitation rates through a risk-based rate adjustment amount of up to $150,707,779.",form_only_no_letter,minimal,,,,,,,,,,False,False,False,not read,,,,,https://www.medicaid.gov/medicaid/managed-care/downloads/FL_Fee_PC.SP_Renewal_20250201-20250930.pdf,8a781280063d92d322b87b0541bed748a2bcab391f33b4c0933ac147dea87e75,2026-09-30T16:40:20Z,,0.1.0
Fl-Fee-Pc-Sp-Renewal-20221001-20230930,FL,Florida,Fee,FEE,Pc_Sp,Renewal,Renewal,2022-10-01,2023-09-30,,"Minimum fee schedule established by the state for primary care services and specialty physician services for the rating period covering October 1, 2022 through September 30, 2023 incorporated in the capitation rates through a risk-based rate adjustment.",,,,,,,,,,,,False,False,False,,,,state code was not upper case; fields were hyphen separated,,https://www.medicaid.gov/medicaid/managed-care/downloads//medicaid/managed-care/downloads/vt-vbp-oth1-new-20230101-20231231.pdf.pdf,,2026-09-30T16:25:50Z,,0.1.0
Fl-Proposal-D-Amendment-2020-2021,FL,Florida,Proposal,PROPOSAL,D,Amendment,Amendment,2020-01-01,2021-12-31,,"Uniform increase established by the state for inpatient and outpatient hospital exemption payments for the rating period covering October 1, 2020 through September 30, 2021, incorporated in the capitation rates through a separate payment term up to $240,107,394.00",approval,minimal,,,,,,,,24010739400.0,separate_payment_term,False,False,False,not read,,,rating period given as years only; assumed full calendar years; state code was not upper case; fields were hyphen separated,,https://www.medicaid.gov/medicaid/managed-care/downloads/fl-proposal-d-amendment-2020-2021.pdf,92e82a30bdc08e6a543e34c590f3258b4456a007570c47761ca5e0925a3f5249,2026-09-30T16:40:23Z,,0.1.0
GA_Fee_AMC_Renewal_20250701-20260630,GA,Georgia,Fee,FEE,AMC,Renewal,Renewal,2025-07-01,2026-06-30,,"Uniform percentage increase for professional services at an academic medical center established by the state for the rating period covering July 1, 2025 through June 30,2026, incorporated in the capitation rates through a separate payment term of up to$239,351,323.31.",phase_down_determination,prose,,,,,,,,23935132331.0,separate_payment_term,False,False,False,not read,,,,,https://www.medicaid.gov/medicaid/managed-care/downloads/GA_Fee_AMC_Renewal_20250701-20260630.pdf,e4d4f4564f43e62c5a3f919a223522eb8292a7ff2de1cfa65c8676ccec7a447c,2026-09-30T16:40:24Z,,0.1.0
GA_Fee_IPH.OPH2_Renewal_20230701-20240630,GA,Georgia,Fee,FEE,IPH.OPH2,Renewal,Renewal,2023-07-01,2024-06-30,,"The uniform percentage increase for inpatient and outpatient hospital services furnished by eligible teaching hospitals established by the state for the rating period covering July 1, 2023 through June 30, 2024, incorporated in the capitation rates through a separate payment term of up to $865,295,240.",approval,numbered,86529524000.0,865295240.0,"$865,295,240",57014303300.0,"$570,143,033",29515220600.0,"$295,152,206",86529524000.0,separate_payment_term,True,False,False,,,,,,https://www.medicaid.gov/medicaid/managed-care/downloads/ga-fee-iph-oph2-renewal-20230701-20240630.pdf,a084705ee018652f1ef9279240ea03345c20126070f8e6d8c7b8e765ab00ebf0,2026-09-30T16:40:25Z,,0.1.0
GA_Fee_IPH.OPH2_Renewal_20240701-20250630,GA,Georgia,Fee,FEE,IPH.OPH2,Renewal,Renewal,2024-07-01,2025-06-30,,"Uniform percentage increase for inpatient and outpatient hospital services established by the state for the rating period covering July 1, 2024 through June 30, 2025, incorporated in the capitation rates through a separate payment term of up to $875,434,461.",form_only_no_letter,numbered,87543446100.0,875434461.0,"$875,434,461",57813691800.0,"$578,136,918",29729754300.0,"$297,297,543",,,True,False,False,,,,,,https://www.medicaid.gov/medicaid/managed-care/downloads/GA_Fee_IPH.OPH2_Renewal_20240701-20250630.pdf,3f82bf0638d463d012f75d0f5912966073c36dc2ef823e42f6128893b3fd37fc,2026-09-30T16:40:27Z,,0.1.0
GA_Fee_IPH.OPH2_Renewal_20250701-20260630,GA,Georgia,Fee,FEE,IPH.OPH2,Renewal,Renewal,2025-07-01,2026-06-30,,"Uniform percentage increase for inpatient hospital and outpatient hospital services for rating periods covering July 1, 2025 through June 30, 2026, incorporated in the capitation rates through a separate payment term amount up to $921,004,517.",phase_down_determination,prose,,,,,,,,92100451700.0,separate_payment_term,False,False,False,not read,,,,,https://www.medicaid.gov/medicaid/managed-care/downloads/GA_Fee_IPH.OPH2_Renewal_20250701-20260630.pdf,236bd69b27cdc161980cf1e39926dd29a783b24debde0a644fb7b1dc8c04cf52,2026-09-30T16:40:28Z,,0.1.0
GA_Fee_IPH.OPH3_Amend_20230701-20240630,GA,Georgia,Fee,FEE,IPH.OPH3,Amend,Amendment,2023-07-01,2024-06-30,,"The uniform percentage increase for inpatient and outpatient hospital services furnished by eligible teaching hospitals established by the state for the rating period covering July 1, 2023 through June 30, 2024, incorporated in the capitation rates through a separate payment term of up to $936,920,135.",form_only_no_letter,numbered,17468830300.0,174688303.0,"$174,688,303",11510212200.0,"$115,102,122",5958618000.0,"$59,586,180",,,True,False,False,,,,,,https://www.medicaid.gov/medicaid/managed-care/downloads/GA_Fee_IPH.OPH3_Amend_20230701-20240630.pdf,2bff55a8c65f6908d0a0575b60492a640a2dea49b18aceeba23d37b419f575df,2026-09-30T16:40:29Z,,0.1.0
GA_Fee_IPH.OPH3_Renewal_20240701-20250630,GA,Georgia,Fee,FEE,IPH.OPH3,Renewal,Renewal,2024-07-01,2025-06-30,,"Uniform percentage increase for inpatient and outpatient hospital services established by the state for the rating period covering July 1, 2024 through June 30, 2025, incorporated in the capitation rates through a separate payment term of up to $235,544,261.",form_only_no_letter,numbered,23554426100.0,235544261.0,"$235,544,261",15555343000.0,"$155,553,430",7999083100.0,"$79,990,831",,,True,False,False,,,,,,https://www.medicaid.gov/medicaid/managed-care/downloads/GA_Fee_IPH.OPH3_Renewal_20240701-20250630.pdf,03c4d58fa26945e244605dfd5e934d868281697bdb53383e92760fa8fa4619db,2026-09-30T16:40:31Z,,0.1.0
GA_Fee_IPH.OPH3_Renewal_20250701-20260630,GA,Georgia,Fee,FEE,IPH.OPH3,Renewal,Renewal,2025-07-01,2026-06-30,,"Uniform percentage increase for inpatient hospital and outpatient hospital services for rating periods covering July 1, 2025 through June 30, 2026, incorporated in the capitation rates through a separate payment term amount up to $363,586,833.",phase_down_determination,prose,,,,,,,,36358683300.0,separate_payment_term,False,False,False,not read,,,,,https://www.medicaid.gov/medicaid/managed-care/downloads/GA_Fee_IPH.OPH3_Renewal_20250701-20260630.pdf,e2e97984f02505bb98b3a650a9c960be871c11a1c25d8b006eef0a2147100822,2026-09-30T16:40:32Z,,0.1.0
GA_Fee_IPH.OPH4_New_20250701-20260630,GA,Georgia,Fee,FEE,IPH.OPH4,New,New,2025-07-01,2026-06-30,,"Uniform percentage increase for inpatient hospital and outpatient hospital services for rating periods covering July 1, 2025 through June 30, 2026, incorporated in the capitation rates through a separate payment term amount up to $1,908,259,031.",phase_down_determination,prose,,,,,,,,190825903100.0,separate_payment_term,False,False,False,not read,,,,,https://www.medicaid.gov/medicaid/managed-care/downloads/GA_Fee_IPH.OPH4_New_20250701-20260630.pdf,7489b43cef39374e6137980dd98c7468ed75f21104bb53cdc32f15d9c19d8616,2026-09-30T16:40:33Z,,0.1.0
GA_Fee_IPH.OPH5_New_20250701-20260630,GA,Georgia,Fee,FEE,IPH.OPH5,New,New,2025-07-01,2026-06-30,,"Uniform percentage increase for inpatient hospital services and outpatient hospital services for rating periods covering July 1, 2025 through June 30, 2026, incorporated in the capitation rates through a separate payment term amount up to $111,701,295.",phase_down_determination,prose,,,,,,,,11170129500.0,separate_payment_term,False,False,False,not read,,,,,https://www.medicaid.gov/medicaid/managed-care/downloads/GA_Fee_IPH.OPH5_New_20250701-20260630.pdf,a74ccee457dceacd07308176c21cd61a5f210b58dc27923d28b2278db50d85fd,2026-09-30T16:40:35Z,,0.1.0
GA_Fee_IPH.OPH6_New_20250701-20260630,GA,Georgia,Fee,FEE,IPH.OPH6,New,New,2025-07-01,2026-06-30,,"Uniform percentage increase for inpatient hospital services and outpatient hospital services for the rating period covering July 1, 2025 through June 30, 2026, incorporated in the capitation rates through a risk-based rate adjustment of up to $155,676,891.",phase_down_determination,prose,,,,,,,,15567689100.0,risk_based_adjustment,False,False,False,not read,,,,,https://www.medicaid.gov/medicaid/managed-care/downloads/GA_Fee_IPH.OPH6_New_20250701-20260630.pdf,32aebf40d62fb6b3df28584f0890ab9727b786c8f6320d2e81e5ad3c6f89a164,2026-09-30T16:40:36Z,,0.1.0
GA_Fee_IPH.OPH_Amend_20210701-20220630,GA,Georgia,Fee,FEE,IPH.OPH,Amend,Amendment,2021-07-01,2022-06-30,,"Uniform percentage increase for inpatient and outpatient hospital services established by the state for the rating period covering July 1, 2021 through June 30, 2022, incorporated in the capitation rates through a separate payment term of up to $234,676,123.",form_only_no_letter,numbered,23467612300.0,234676123.0,"$234,676,123",17087471900.0,"$170,874,719",6380140500.0,"$63,801,405",,,True,False,False,,,,,,https://www.medicaid.gov/medicaid/managed-care/downloads/GA_Fee_IPH.OPH_Amend_20210701-20220630.pdf,82a203aed4f8fdeca33285f649895248bea0d839603d5f3bb53ba49bb9072cce,2026-09-30T16:40:38Z,,0.1.0
GA_Fee_IPH.OPH_Renewal_20230701-20240630,GA,Georgia,Fee,FEE,IPH.OPH,Renewal,Renewal,2023-07-01,2024-06-30,,"The uniform percentage increase for inpatient and outpatient hospital services established by the state for the rating period covering July 1, 2023 through June 30,2024, incorporated in the capitation rates through a separate payment term of up to$295,260,164.",approval,numbered,29526016400.0,295260164.0,"$295,260,164",19454692200.0,"$194,546,922",10071324200.0,"$100,713,242",29526016400.0,separate_payment_term,True,False,False,,,,,,https://www.medicaid.gov/medicaid/managed-care/downloads/GA_Fee_IPH.OPH_Renewal_20230701-20240630.pdf,3c96db384512bb4b080df1b9eaf666a046c84f3b497e9a75df056e40e85aeed6,2026-09-30T16:40:39Z,,0.1.0
GA_Fee_IPH.OPH_Renewal_20240701-20250630,GA,Georgia,Fee,FEE,IPH.OPH,Renewal,Renewal,2024-07-01,2025-06-30,,"Uniform percentage increase for inpatient and outpatient hospital services established by the state for the rating period covering July 1, 2024 through June 30, 2025, incorporated in the capitation rates through a separate payment term of up to $399,220,710.",form_only_no_letter,numbered,39922071000.0,399220710.0,"$399,220,710",26364535700.0,"$263,645,357",13557535300.0,"$135,575,353",,,True,False,False,,,,,,https://www.medicaid.gov/medicaid/managed-care/downloads/GA_Fee_IPH.OPH_Renewal_20240701-20250630.pdf,57639bb0d39ae56c6b0f9e3b98d953dc91925897e0a25798d180f4d0e53f228e,2026-09-30T16:40:41Z,,0.1.0
GA_Fee_IPH.OPH_Renewal_20250701-20260630,GA,Georgia,Fee,FEE,IPH.OPH,Renewal,Renewal,2025-07-01,2026-06-30,,"Uniform percentage increase for inpatient hospital services and outpatient hospital services for the rating period covering July 1, 2025 through June 30, 2026, incorporated in the capitation rates through a separate payment term amount up to $453,391,741.",phase_down_determination,prose,,,,,,,,45339174100.0,separate_payment_term,False,False,False,not read,,,,,https://www.medicaid.gov/medicaid/managed-care/downloads/GA_Fee_IPH.OPH_Renewal_20250701-20260630.pdf,9fcf704097696912b1832106fc4225766802e46f77606d04dce20b254ef4eddb,2026-09-30T16:40:42Z,,0.1.0
GA_Fee_OPH.PC.SP.BHO.D.Oth_New_20230701-20240630,GA,Georgia,Fee,FEE,OPH.PC.SP.BHO.D.Oth,New,New,2023-07-01,2024-06-30,,"Uniform percentage increase for outpatient hospital services, primary care services, specialty physician services, behavioral health outpatient services, dental services, and providers providing EPSDT services, established by the state for the rating period covering July 1, 2023, through June 30, 2024, incorporated in the capitation rates through a rate adjustment of up to $5,700,000.",form_only_no_letter,numbered,570000000.0,5700000.0,$5.7M,390000000.0,$3.9M,180000000.0,$1.8M,,,True,False,False,,,,,,https://www.medicaid.gov/medicaid/managed-care/downloads/GA_Fee_OPH.PC.SP.BHO.D.Oth_New_20230701-20240630.pdf,95637849085348cec06de886697f87798a8f74ff5096e3cc7e82bc38b6325469,2026-09-30T16:40:44Z,,0.1.0
GA_Fee_Oth1 _Amend_20210701-20220630,GA,Georgia,Fee,FEE,Oth1,Amend,Amendment,2021-07-01,2022-06-30,,"Uniform percentage increase for physician and other eligible professional services established by the state for the rating period covering July 1, 2021 through June 30, 2022, incorporated in the capitation rates through a separate payment term of up to $129,984,744.",form_only_no_letter,numbered,12998474400.0,129984744.0,"$129,984,744",9387498200.0,"$93,874,982",3610976200.0,"$36,109,762",,,True,False,False,,,,,,https://www.medicaid.gov/medicaid/managed-care/downloads/GA_Fee_Oth1_Amend_20210701-20220630.pdf,f8d8b0ca6e2abfddc81f7d2c9c81c727532b7e3fd8534559beb186ae0a127542,2026-09-30T16:40:45Z,,0.1.0
GA_Fee_Oth1_Renewal_20230701-20240630,GA,Georgia,Fee,FEE,Oth1,Renewal,Renewal,2023-07-01,2024-06-30,,"The uniform percentage increase for physician and other eligible professional services established by the state for the rating period covering July 1, 2023 through June 30, 2024, incorporated in the capitation rates through a separate payment term of up to $210,433,377.",approval,numbered,21043337700.0,210433377.0,"$210,433,377",13865455200.0,"$138,654,552",7177882500.0,"$71,778,825",21043337700.0,separate_payment_term,True,False,False,,,,,,https://www.medicaid.gov/medicaid/managed-care/downloads/GA_Fee_Oth1_Renewal_20230701-20240630.pdf,aa7bfd7d9461361809a055dda99365d09be182551926c4574f99f49060d23358,2026-09-30T16:40:47Z,,0.1.0
GA_Fee_Oth1_Renewal_20240701-20250630,GA,Georgia,Fee,FEE,Oth1,Renewal,Renewal,2024-07-01,2025-06-30,,"Uniform percentage increase for physician and other eligible professional services established by the state for the rating period covering July 1, 2024 through June 30, 2025,incorporated in the capitation rates through a separate payment term of up to $243,635,566.",form_only_no_letter,numbered,24363556600.0,243635566.0,"$243,635,566",16089692700.0,"$160,896,927",8273863800.0,"$82,738,638",,,True,False,False,,,,,,https://www.medicaid.gov/medicaid/managed-care/downloads/GA_Fee_Oth1_Renewal_20240701-20250630.pdf,871af4b71d2bb989105547a9ac9c9153133d59053b57ce325a767d9307d5250f,2026-09-30T16:40:48Z,,0.1.0
GA_VBP.Fee_IPH.OPH_Renewal_20230701-20240630,GA,Georgia,VBP.Fee,FEE.VBP,IPH.OPH,Renewal,Renewal,2023-07-01,2024-06-30,,"The GA-AIDE uniform increase and performance improvement initiative for inpatient and outpatient hospital services established by the state for the rating period covering July 1, 2023 through June 30, 2024, incorporated in the capitation rates through a separate payment term of up to $463,642,464.",approval,numbered,46364246400.0,463642464.0,"$463,642,464",30549401900.0,"305,494,019",15814844400.0,"158,148,444",46364246400.0,separate_payment_term,True,False,False,,,,,,https://www.medicaid.gov/medicaid/managed-care/downloads/GA_VBP.Fee_IPH.OPH_Renewal_20230701-20240630.pdf,0534116a52972839d4faa652dd589f5a80fcdac4aa5c8743f0d8d141af0b00f1,2026-09-30T16:40:49Z,,0.1.0
GA_VBP.Fee_IPH.OPH_Renewal_20240701-20250630,GA,Georgia,VBP.Fee,FEE.VBP,IPH.OPH,Renewal,Renewal,2024-07-01,2025-06-30,,"GA-AIDE uniform percentage increase and performance improvement initiative for inpatient and outpatient hospital services established by the state for the rating period covering July 1, 2024 through June 30, 2025, incorporated in the capitation rates through a separate payment term of up to $586,314,764.",form_only_no_letter,numbered,58631476400.0,586314764.0,"$586,314,764",38720227000.0,"$387,202,270",19911249400.0,"$199,112,494",,,True,False,False,,,,,,https://www.medicaid.gov/medicaid/managed-care/downloads/GA_VBP.Fee_IPH.OPH_Renewal_20240701-20250630.pdf,d3e389823e77865b92b9790e9485f23fda3764636cc60f98ce4b960936345537,2026-09-30T16:40:51Z,,0.1.0
GA_VBP.Fee_IPH.OPH_Renewal_20250701-20260630,GA,Georgia,VBP.Fee,FEE.VBP,IPH.OPH,Renewal,Renewal,2025-07-01,2026-06-30,,"Uniform percentage increase and performance improvement initiative for inpatient hospital services and outpatient hospital services for the rating period covering July 01,2025 through June 30, 2026, incorporated in the capitation rates through a risk-based rate adjustment of up to $385,534,011.",phase_down_determination,minimal,,,,,,,,38553401100.0,risk_based_adjustment,False,False,False,not read,,,,,https://www.medicaid.gov/medicaid/managed-care/downloads/GA_VBP.Fee_IPH.OPH_Renewal_20250701-20260630.pdf,1d612bd9b6c373243e7ad10c707977f829dcd2840667ed3e39167fca6dc7d20d,2026-09-30T16:40:52Z,,0.1.0
HI-VBP-Fee-IPH-OPH-Renewal-20230101-20231231,HI,Hawaii,VBP.Fee,FEE.VBP,IPH_OPH,Renewal,Renewal,2023-01-01,2023-12-31,,"• Pay for performance arrangement established by the state for public and private hospitals as defined in the preprint for the rating period covering January 1, 2023 through December 31, 2023 incorporated in the capitation rates through a separate payment term of up to $46.22 million;",approval,numbered,29131000000.0,291310000.0,$291.31M.,20649000000.0,$206.49 million,8481000000.0,$84.81 million,4622000000.0,separate_payment_term,True,False,False,,A,filename says 'HI-VBP-Fee-IPH-OPH-Renewal-20230101-20231231'; document says 'A',fields were hyphen separated; combined payment type was split across two tokens,,https://www.medicaid.gov/medicaid/managed-care/downloads/hi-vbp-fee-iph-oph-renewal-20230101-20231231.pdf,ca90fb4b28231732f32a2962833b17cb5fb59881871367708aacd7631157ca07,2026-09-30T16:40:54Z,,0.1.0
HI-VBP-Fee-NF-Renewal-20230101-20231231,HI,Hawaii,VBP.Fee,FEE.VBP,NF,Renewal,Renewal,2023-01-01,2023-12-31,,"• Pay for performance arrangement established by the state for public and private nursing facilities as defined in the preprint for the rating period covering January 1, 2023 through December 31, 2023, incorporated in the capitation rates through a separate payment term of up to $2.62 million;",approval,numbered,3476000000.0,34760000.0,$34.76 million.,1885000000.0,$18.85 million,1591000000.0,$15.91 million,262000000.0,separate_payment_term,True,False,False,,C,filename says 'HI-VBP-Fee-NF-Renewal-20230101-20231231'; document says 'C',fields were hyphen separated; combined payment type was split across two tokens,,https://www.medicaid.gov/medicaid/managed-care/downloads/hi-vbp-fee-nf-renewal-20230101-20231231.pdf,b27888c1474b76b0158369b93dc332a0cf9c589da51bf2f56d3a645ebc930630,2026-09-30T16:40:55Z,,0.1.0
HI_Fee_NF.Oth_Amend_20220701-20221231,HI,Hawaii,Fee,FEE,NF.Oth,Amend,Amendment,2022-07-01,2022-12-31,,"Uniform percentage increase established by the state for nursing facility services, community care foster homes (CCFH), and expanded adult residential care homes (E-ARCHs) for the rating period of July 1, 2022 to December 31, 2022, incorporated into the capitation rates through a separate payment term of up to $47,694,753.",approval,numbered,4769475300.0,47694753.0,"The total dollar target amount is $47,694,753 for the full calendar year 2022 period.",2970000000.0,The estimated federal share is approximately $29.7M.,1800000000.0,The estimated non-federal share is approximately $18M.,4769475300.0,separate_payment_term,True,False,False,,,,,,https://www.medicaid.gov/medicaid/managed-care/downloads/HI_Fee_NF.Oth_Amend_20220701-20221231.pdf,0dd09cacd6d1a54c90d167e9333ef1fcdff34a008b3dd99383e87277c6d86981,2026-09-30T16:40:56Z,,0.1.0
HI_Fee_PC.SP.Oth_Renewal_20230101-20231231,HI,Hawaii,Fee,FEE,PC.SP.Oth,Renewal,Renewal,2023-01-01,2023-12-31,,"Minimum fee schedule established by the state for primary care services, specialty physician services, obstetricians, gynecologists, nurse practitioners, advance practice registered nurses, and physician assistants as defined in the preprint for the rating period covering January 1, 2023 through December 31, 2023 incorporated in the capitation rates through a risk-based rate adjustment.",approval,numbered,2121000000.0,21210000.0,$21.21 million. Please see the appendix for additional information,1508000000.0,$15.08 million,613000000.0,$6.13 million,,,True,False,False,,B,filename says 'HI_Fee_PC.SP.Oth_Renewal_20230101-20231231'; document says 'B',,,https://www.medicaid.gov/medicaid/managed-care/downloads/hi-fee-pc.sp.oth-renewal-20230101-20231231.pdf,2917b03fb798d4a1762f36749525ec7e9793e0dcae559a9f6fed54a3c2c624d1,2026-09-30T16:40:58Z,,0.1.0
HI_VBP.Fee_IPH.OPH_Renewal_20240101-20241231,HI,Hawaii,VBP.Fee,FEE.VBP,IPH.OPH,Renewal,Renewal,2024-01-01,2024-12-31,,"Pay for performance arrangement established by the state for public and private hospitals as defined in the preprint for the rating period covering January 1, 2024 through December 31, 2024 incorporated in the capitation rates through separate payment term of up to $46.15 million;",approval,numbered,29480000000.0,294800000.0,$294.80M.,21411000000.0,$214.11 million,8069000000.0,$80.69 million,4615000000.0,separate_payment_term,True,False,False,,A,filename says 'HI_VBP.Fee_IPH.OPH_Renewal_20240101-20241231'; document says 'A',,,https://www.medicaid.gov/medicaid/managed-care/downloads/HI_VBP.Fee_IPH.OPH_Renewal_20240101-20241231.pdf,cad1d1963c1670590af8eecf9a047f3f81b6f8cac66eb4c16cf6708705fa6a16,2026-09-30T16:40:59Z,,0.1.0
HI_VBP.Fee_IPH.OPH_Renewal_20250101-20251231,HI,Hawaii,VBP.Fee,FEE.VBP,IPH.OPH,Renewal,Renewal,2025-01-01,2025-12-31,,"Pay for performance arrangement established by the state for public and private hospitals as defined in the preprint for the rating period covering January 1, 2025 through December 31, 2025 incorporated in the capitation rates through a separate payment term of up to $103.5 million; Uniform dollar increase established by the state for safety net hospitals owned and operated by a government agency for the rating period covering January 1, 2025 through December 31, 2025 incorporated in the capitation rates through a separate payment term of up to $78.47 million; Uniform percentage increase established by the state for inpatient and outpatient hospital services within privately-owned hospital provider classes for the rating period covering January 1, 2025 to December 31, 2025 incorporated in the capitation rates through a separate payment term of up to $241.69 million; and,",approval,numbered,42366000000.0,423660000.0,$423.66M,31541000000.0,$315.41M,10825000000.0,$108.25M,10350000000.0,separate_payment_term,True,False,False,,A,filename says 'HI_VBP.Fee_IPH.OPH_Renewal_20250101-20251231'; document says 'A',,,https://www.medicaid.gov/medicaid/managed-care/downloads/HI_VBP.Fee_IPH.OPH_Renewal_20250101-20251231.pdf,7fa4de8703644cd0d90b2de8942167aff5b2b5f292caeeb95433e515514bb7d2,2026-09-30T16:41:00Z,,0.1.0
HI_VBP.Fee_IPH.OPH_Renewal_20260101-20261231,HI,Hawaii,VBP.Fee,FEE.VBP,IPH.OPH,Renewal,Renewal,2026-01-01,2026-12-31,,"Pay for performance arrangement established by the state for public and private hospitals as defined in the preprint for the rating period covering January 1, 2026 through December 31, 2026, incorporated in the capitation rates through a separate payment term up to $103.5 million; Uniform dollar increase established by the state for safety net hospitals owned and operated by a government agency for the rating period covering January 1, 2026 through December 31, 2026, incorporated in the capitation rates through a separate payment term up to $78.47 million; Uniform percentage increase established by the state for inpatient and outpatient hospital services within privately-owned hospital provider classes for the rating period covering January 1, 2026 through December 31, 2026, incorporated in the capitation rates through a separate payment term up to $241.69 million; and, Minimum and Maximum Fee Schedule established by the state for in-state general acute hospitals and children’s hospital services within in-state general acute hospital provider classes for the rating period covering January 1, 2026 through December 31, 2026, incorporated in the capitation rates through a risk-based rate adjustment.",phase_down_determination,prose,,,,,,,,10350000000.0,separate_payment_term,False,False,False,not read,,,,,https://www.medicaid.gov/medicaid/managed-care/downloads/HI_VBP.Fee_IPH.OPH_Renewal_20260101-20261231.pdf,2b415cf38d355a8cb98db1fa4a50f9744de92f85c9a593913a9a4a907007e90f,2026-09-30T16:41:02Z,,0.1.0
HI_VBP.Fee_NF_Renewal_20240101-20241231,HI,Hawaii,VBP.Fee,FEE.VBP,NF,Renewal,Renewal,2024-01-01,2024-12-31,,"Pay for performance arrangement established by the state for public and private nursing facilities as defined in the preprint for the rating period covering January 1, 2024 through December 31, 2024, incorporated in the capitation rates through a separate payment term of up to $2.71 million; and,",approval,numbered,3567000000.0,35670000.0,$35.67 million.,2089000000.0,$20.89 million,1478000000.0,$14.78 million,271000000.0,separate_payment_term,True,False,False,,C,filename says 'HI_VBP.Fee_NF_Renewal_20240101-20241231'; document says 'C',,,https://www.medicaid.gov/medicaid/managed-care/downloads/HI_VBP.Fee_NF_Renewal_20240101-20241231.pdf,60628859540811b9714796db4bf079389231a81b8865b81c7a29961d74a1deb8,2026-09-30T16:41:03Z,,0.1.0
HI_VBP.Fee_NF_Renewal_20250101-20251231,HI,Hawaii,VBP.Fee,FEE.VBP,NF,Renewal,Renewal,2025-01-01,2025-12-31,,"Pay for performance arrangement established by the state for public and private nursing facilities as defined in the preprint for the rating period covering January 1, 2025 through December 31, 2025, incorporated in the capitation rates through a separate payment term of up to $2.8 million; and, Uniform dollar increase established by the state for nursing facility services within government-owned nursing facilities for the rating period covering January 1, 2025 through December 31, 2025, incorporated in the capitation rates through a separate payment term of up to $17.86 million.",approval,numbered,2066000000.0,20660000.0,$20.66 million.,1221000000.0,$12.21 million,845000000.0,$8.45 million,280000000.0,separate_payment_term,True,False,False,,C,filename says 'HI_VBP.Fee_NF_Renewal_20250101-20251231'; document says 'C',,,https://www.medicaid.gov/medicaid/managed-care/downloads/HI_VBP.Fee_NF_Renewal_20250101-20251231.pdf,55aeb06409d401ae4f5bd39025673125dd300702c0091e3279612384f159ea0b,2026-09-30T16:41:04Z,,0.1.0
HI_VBP.Fee_NF_Renewal_20260101-20261231,HI,Hawaii,VBP.Fee,FEE.VBP,NF,Renewal,Renewal,2026-01-01,2026-12-31,,"Pay for performance arrangement established by the state for public and private nursing facilities as defined in the preprint for the rating period covering January 1, 2026 through December 31, 2026, incorporated in the capitation rates through a separate payment term up to $2.8 million; and, Uniform dollar increase established by the state for nursing facility services within government-owned nursing facilities for the rating period covering January 1, 2026 through December 31, 2026, incorporated in the capitation rates through a separate payment term amount up to $17.86 million.",phase_down_determination,minimal,,,,,,,,280000000.0,separate_payment_term,False,False,False,not read,,,,,https://www.medicaid.gov/medicaid/managed-care/downloads/HI_VBP.Fee_NF_Renewal_20260101-20261231.pdf,5a3ea614de97780940b85782cfc590c7db675b8d56c5c1edda7c188434bd8104,2026-09-30T16:41:06Z,,0.1.0
IA_Fee_AMC_Amend_20210701- 20220630,IA,Iowa,Fee,FEE,AMC,Amend,Amendment,2021-07-01,2022-06-30,,"A uniform increase for physician and professional services at qualifying Iowa state- owned or operated professional services practices as defined in the Medicaid State Plan for the rating period covering July 1, 2021 through June 30, 2022, incorporated into the capitation rates through a separate payment term of up to $106,546,734.",approval,numbered,10654673900.0,106546739.0,"$106,546,739",7934826900.0,"$79,348,269",2719847000.0,"$27,198,470",10654673400.0,separate_payment_term,True,False,False,,,,,,https://www.medicaid.gov/medicaid/managed-care/downloads/IA_Fee_AMC_Amend_20210701-20220630.pdf,f5a63313552e6fc7bde5ef152ca24ccac58f86e1c172dc4e97e4e262b2b91432,2026-09-30T16:41:07Z,,0.1.0
IA_Fee_AMC_Amend_20220701-20230630,IA,Iowa,Fee,FEE,AMC,Amend,Amendment,2022-07-01,2023-06-30,,"Uniform increase for physician and professional services provided at qualifying Iowa state-owned or operated professional services practices for the rating period covering July 1, 2022 through June 30, 2023, incorporated into the capitation rates through a separate payment term up to $113,808,126.",form_only_no_letter,numbered,11380812600.0,113808126.0,"$113,808,126",8496180200.0,"$84,961,802",2884632400.0,"$28,846,324",,,True,False,False,,,,,,https://www.medicaid.gov/medicaid/managed-care/downloads/IA_Fee_AMC_Amend_20220701-20230630.pdf,2100e998d94ace0050a038df20ca76791c7c3703b8003e5362f45a8fb99a5b32,2026-09-30T16:41:08Z,,0.1.0
IA_Fee_AMC_Amend_20230701-20240630,IA,Iowa,Fee,FEE,AMC,Amend,Amendment,2023-07-01,2024-06-30,,"A uniform increase for physician and professional services at qualifying Iowa state-owned or operated professional services practices as defined in the Medicaid State Plan for the rating period covering July 1, 2023 through June 30, 2024, incorporated in the capitation rates through a separate payment term of up to $121,094,222.",form_only_no_letter,numbered,12109422200.0,121094222.0,"$121,094,222",8839878200.0,"$88,398,782",3269544000.0,"$32,695,440",,,True,False,False,,,,,,https://www.medicaid.gov/medicaid/managed-care/downloads/IA_Fee_AMC_Amend_20230701-20240630.pdf,bcbd074e65c16057a0b7f4e86b3dbf5ba55a0a03e4d981a57bdba6cded4594ff,2026-09-30T16:41:10Z,,0.1.0
IA_Fee_AMC_Renewal_20230701-20240630,IA,Iowa,Fee,FEE,AMC,Renewal,Renewal,2023-07-01,2024-06-30,,"A uniform increase for physician and professional services at qualifying Iowa state-owned or operated professional services practices as defined in the Medicaid State Plan for the rating period covering July 1, 2023 through June 30, 2024, incorporated in the capitation rates through a separate payment term of up to $116,808,663.",approval,numbered,11680866300.0,116808663.0,"$116,808,663",7578546100.0,"$75,785,461",4102320200.0,"$41,023,202",11680866300.0,separate_payment_term,True,False,False,,,,,,https://www.medicaid.gov/medicaid/managed-care/downloads/ia-fee-amc-renewal-20230701-20240630.pdf,38c70e4b09fb11138d3afae5ab182016bc9cb4e18b8f3dc0f8dfe7dcfab8d098,2026-09-30T16:41:11Z,,0.1.0
IA_Fee_AMC_Renewal_20240701-20250630,IA,Iowa,Fee,FEE,AMC,Renewal,Renewal,2024-07-01,2025-06-30,,"Uniform increase for physician and professional services provided at qualifying Iowa state-owned or operated professional services practices as defined in the Medicaid State Plan for the rating period, July 1, 2024 through June 30, 2025, incorporated into the capitation rates through a separate payment term up to $137,560,533.79.",form_only_no_letter,numbered,13756053379.0,137560533.79,"$137,560,533.79",9598974048.0,"$95,989,740.48",4157079331.0,"$41,570,793.31",,,True,False,False,,,,,,https://www.medicaid.gov/medicaid/managed-care/downloads/IA_Fee_AMC_Renewal_20240701-20250630.pdf,0105f6285d2e930708b3944a45de322272ba42cc61009f47c234362df0c97f7a,2026-09-30T16:41:13Z,,0.1.0
IA_Fee_AMC_Renewal_20250701-20260630,IA,Iowa,Fee,FEE,AMC,Renewal,Renewal,2025-07-01,2026-06-30,,"Uniform percentage increase for physician and professional services provided at qualifying Iowa state-owned or operated professional services practices as defined in the Medicaid State Plan for rating periods covering July 1, 2025 through June 30, 2026,incorporated in the capitation rates through a separate payment term amount of up to$136,779,796.",phase_down_determination,minimal,,,,,,,,13677979600.0,separate_payment_term,False,False,False,not read,,,,,https://www.medicaid.gov/medicaid/managed-care/downloads/IA_Fee_AMC_Renewal_20250701-20260630.pdf,1cc09a3a98c47ca6542035fa2ecf7268b77dd2827719372c7fc49d6bded2a9db,2026-09-30T16:41:14Z,,0.1.0
IA_Fee_AMC_Renewal_20260701-20270630,IA,Iowa,Fee,FEE,AMC,Renewal,Renewal,2026-07-01,2027-06-30,,"Uniform percentage increase for physician and professional services provided at qualifying Iowa state-owned or operated professional services practices as defined in the Medicaid State Plan for rating periods covering July 1, 2026 through June 30, 2027, incorporated in the capitation rates through a separate payment term amount of up to$137,560,533.",,,,,,,,,,,,False,False,False,,,,,,https://www.medicaid.gov/media/file/iafeeamcrenewal20260701-20270630.pdf,,2026-09-30T16:25:50Z,medicaid.gov/robots.txt disallows /media/*,0.1.0
IA_Fee_HCBS.BHO_New_20240701-20250630,IA,Iowa,Fee,FEE,HCBS.BHO,New,New,2024-07-01,2025-06-30,,"Uniform increase established by the state for eligible home and community based and behavioral health outpatient providers for the rating period, July 1, 2024 through June 30, 2025, incorporated into the capitation rates through a separate payment term up to $27,000,000.",form_only_no_letter,numbered,2700000000.0,27000000.0,"$27,000,000",1707750000.0,"$17,077,500",992250000.0,"$9,922,500",,,True,False,False,,,,,,https://www.medicaid.gov/medicaid/managed-care/downloads/IA_Fee_HCBS.BHO_New_20240701-20250630.pdf,88a21f6a84a3b58c0b58318c4c632fcb4b7ef52237c0ee4a343480de602cb651,2026-09-30T16:41:15Z,,0.1.0
IA_Fee_IPH.OPH1_New_20230701-20240630,IA,Iowa,Fee,FEE,IPH.OPH1,New,New,2023-07-01,2024-06-30,,"Uniform increase for all non-state owned or operated hospitals eligible to receive inpatient and/or outpatient payments consistent with the Medicaid State Plan for the rating period covering July 1, 2023 through June 30, 2024, incorporated in the capitation rates through a separate payment term of up to $1,300,000,000.",approval,numbered,130000000000.0,1300000000.0,"$1,300,000,000",91000000000.0,"$910,000,000",39000000000.0,"$390,000,000",130000000000.0,separate_payment_term,True,False,False,,,,,,https://www.medicaid.gov/medicaid/managed-care/downloads/ia-fee-iph-oph1-new-20230701-20240630.pdf,1acc671e6d3c44f725033bb2fcebf10ea39ba7997047caf7d502dcfd39740a50,2026-09-30T16:41:17Z,,0.1.0
IA_Fee_IPH.OPH1_Renewal_20240701-20250630,IA,Iowa,Fee,FEE,IPH.OPH1,Renewal,Renewal,2024-07-01,2025-06-30,,"Uniform increase for inpatient and outpatient hospital services provided at qualifying non-state owned or operated hospitals as defined in the Medicaid State Plan for the rating period, July 1, 2024 through June 30, 2025, incorporated into the capitation rates through a separate payment term up to $1,478,197,798.",form_only_no_letter,numbered,147819779800.0,1478197798.0,"$1,478,197,798",102926912700.0,"$1,029,269,127",44892867100.0,"$448,928,671",,,True,False,False,,,,,,https://www.medicaid.gov/medicaid/managed-care/downloads/IA_Fee_IPH.OPH1_Renewal_20240701-20250630.pdf,e121b7a3af41e3cf14433cd8d9c9b0951bb275bd682c43ca7751fb98510bb5ee,2026-09-30T16:41:18Z,,0.1.0
IA_Fee_IPH.OPH1_Renewal_20250701-20260630,IA,Iowa,Fee,FEE,IPH.OPH1,Renewal,Renewal,2025-07-01,2026-06-30,,"Uniform percentage increase for inpatient and outpatient hospital services provided at qualifying non-state owned or operated hospitals as defined in the Medicaid State Plan for rating periods covering July 1, 2025 through June 30, 2026, incorporated in the capitation rates through a separate payment term amount of up to $1,478,197,798.",phase_down_determination,minimal,,,,,,,,147819779800.0,separate_payment_term,False,False,False,not read,,,,,https://www.medicaid.gov/medicaid/managed-care/downloads/IA_Fee_IPH.OPH1_20250701-20260630.pdf,5dad422bbea8f19ce2df6f7919c537abff76f1228480345600552e296addc909,2026-09-30T16:41:19Z,,0.1.0
IA_Fee_IPH.OPH_Amend_20210701-20220630,IA,Iowa,Fee,FEE,IPH.OPH,Amend,Amendment,2021-07-01,2022-06-30,,"A uniform increase to average commercial rate for inpatient hospital services and outpatient hospital services at qualifying Iowa state-owned or operated teaching hospitals as defined in the Medicaid State Plan for the rating period covering July 1, 2021 through June 30, 2022, incorporated into the capitation rates through a separate payment term of up to $468,662,600.",approval,numbered,46866260000.0,468662600.0,"$468,662,600",35191983100.0,351919831,11674276870.0,116742768.70,46866260000.0,separate_payment_term,True,False,False,,,,,,https://www.medicaid.gov/medicaid/managed-care/downloads/IA_Fee_IPH.OPH_Amend_20210701-20220630.pdf,9166a6704e39baf64742124ae7e5fba79ffd2ecd9724a51bf6f100f587d595da,2026-09-30T16:41:21Z,,0.1.0
IA_Fee_IPH.OPH_Amend_20220701-20230630,IA,Iowa,Fee,FEE,IPH.OPH,Amend,Amendment,2022-07-01,2023-06-30,,"Uniform increase for inpatient and outpatient hospital services at qualifying Iowa state owned or operated teaching hospitals for the rating period covering July 1, 2022 through June 30, 2023, incorporated into the capitation rates through a separate payment term up to $481,979,441.",form_only_no_letter,numbered,48197944100.0,481979441.0,"$481,979,441",36473980200.0,"$364,739,802",11723963900.0,"$117,239,639",,,True,False,False,,,,,,https://www.medicaid.gov/medicaid/managed-care/downloads/IA_Fee_IPH.OPH_Amend_20220701-20230630.pdf,a3d68c7b2163d3b9d69d6ab6c648b1eb0e8463b21fd0d93fadc998c60800b9ff,2026-09-30T16:41:22Z,,0.1.0
IA_Fee_IPH.OPH_Amend_20230701-20240630,IA,Iowa,Fee,FEE,IPH.OPH,Amend,Amendment,2023-07-01,2024-06-30,,"Uniform increase for inpatient and outpatient hospital services at qualifying Iowa state-owned or operated teaching hospitals as defined in the Medicaid State Plan for the rating period covering July 1, 2023 through June 30, 2024, incorporated in the capitation rates through a separate payment term of up to $534,243,548.",form_only_no_letter,numbered,53424354800.0,534243548.0,"$534,243,548",39534022600.0,"$395,340,226",13890332200.0,"$138,903,322",,,True,False,False,,,,,,https://www.medicaid.gov/medicaid/managed-care/downloads/IA_Fee_IPH.OPH_Amend_20230701-20240630.pdf,826321a1cae204d17b1c56acba50ab96ed365f4b36c7bfd200a3b373c490637c,2026-09-30T16:41:23Z,,0.1.0
IA_Fee_IPH.OPH_Renewal_20230701-20240630,IA,Iowa,Fee,FEE,IPH.OPH,Renewal,Renewal,2023-07-01,2024-06-30,,"Uniform increase for inpatient and outpatient hospital services at qualifying Iowa state-owned or operated teaching hospitals as defined in the Medicaid State Plan for the rating period covering July 1, 2023 through June 30, 2024, incorporated in the capitation rates through a separate payment term of up to $479,417,115.",approval,numbered,47941711500.0,479417115.0,"$479,417,115",31104582400.0,"$311,045,824",16837129100.0,"$168,371,291",47941711500.0,separate_payment_term,True,False,False,,,,,,https://www.medicaid.gov/medicaid/managed-care/downloads/ia-fee-iph-oph-renewal-20230701-20240630.pdf,789e33aca6a319ac684a282a47607828a6fcc56d7065caf59c3f3202daeb8c6b,2026-09-30T16:41:25Z,,0.1.0
IA_Fee_IPH.OPH_Renewal_20240701-20250630,IA,Iowa,Fee,FEE,IPH.OPH,Renewal,Renewal,2024-07-01,2025-06-30,,"Uniform increase for inpatient and outpatient hospital services provided at qualifying Iowa state-owned or operated teaching hospitals as defined in the Medicaid State Plan for the rating period, July 1, 2024 through June 30, 2025, incorporated into the capitation rates through a separate payment term up to $601,938,536.64.",form_only_no_letter,numbered,60193853664.0,601938536.64,"$601,938,536.64",42003271087.0,"$420,032,710.87",18190582577.0,"$181,905,825.77",,,True,False,False,,,,,,https://www.medicaid.gov/medicaid/managed-care/downloads/IA_Fee_IPH.OPH_Renewal_20240701-20250630.pdf,4091410f71768619474ba8938a03115d72b5a14d960564f3c6810c102baa7aad,2026-09-30T16:41:26Z,,0.1.0
IA_Fee_IPH.OPH_Renewal_20250701-20260630,IA,Iowa,Fee,FEE,IPH.OPH,Renewal,Renewal,2025-07-01,2026-06-30,,"Uniform percentage increase for inpatient and outpatient hospital services provided at qualifying Iowa state-owned or operated teaching hospitals as defined in the Medicaid State Plan for the rating period covering July 1, 2025 through June 30, 2026,incorporated in the capitation rates through a separate payment term amount of up to$704,664,323.",phase_down_determination,minimal,,,,,,,,70466432300.0,separate_payment_term,False,False,False,not read,,,,,https://www.medicaid.gov/medicaid/managed-care/downloads/IA_Fee_IPH.OPH_Renewal_20250701-20260630.pdf,961851a9a89a08390670f8ba04fbbc69e01e4514eb37262fb904b1f6cab3fc7b,2026-09-30T16:41:27Z,,0.1.0
IA_Fee_Oth_Renewal_20230701-20240630,IA,Iowa,Fee,FEE,Oth,Renewal,Renewal,2023-07-01,2024-06-30,,"Uniform increase established by the state for eligible ground emergency medical transportation providers for the rating period covering July 1, 2023 through June 30, 2024, incorporated in the capitation rates through a risk-based rate adjustment.",approval,numbered,3596075000.0,35960750.0,"$35,960,750",2689631400.0,"$26,896,314",906443600.0,"9,064,436",,,True,False,False,,,,,,https://www.medicaid.gov/medicaid/managed-care/downloads/ia-fee-oth-renewal-20230701-20240630.pdf,3493e4e66a1914d458ad79623e5c451aad16279b35dbc209f310615513beba1c,2026-09-30T16:41:29Z,,0.1.0
IA_Fee_Oth_Renewal_20240701-20250630,IA,Iowa,Fee,FEE,Oth,Renewal,Renewal,2024-07-01,2025-06-30,,"Uniform increase established by the state for eligible ground emergency medical, transportation providers for the rating period covering July 1, 2024 through June 30, 2025, incorporated in the capitation rates through a risk-based rate adjustment.",form_only_no_letter,numbered,4605462300.0,46054623.0,"$46,054,623",3206783400.0,"$32,067,834",1398678900.0,"$13,986,789",,,True,False,False,,,,,,https://www.medicaid.gov/medicaid/managed-care/downloads/IA_Fee_Oth_Renewal_20240701-20250630.pdf,2b3c84494a347be00f73bec5c05d5e3dd32b3f3782fd516bee2ce99f464ee344,2026-09-30T16:41:30Z,,0.1.0
IA_Fee_Oth_Renewal_20250701-20260630,IA,Florida,Fee,FEE,Oth,Renewal,Renewal,2025-07-01,2026-06-30,,"Minimum Fee Schedule established by the state for eligible ground emergency transportation services for the rating period covering July 1, 2025 through June 30, 2026,incorporated in the capitation rates through a risk-based rate adjustment of up to $45,528,378.",form_only_no_letter,numbered,4552837800.0,45528378.0,"$45,528,378",3142368600.0,"$31,423,686",1410469100.0,"$14,104,691",,,True,False,False,,,,,,https://www.medicaid.gov/medicaid/managed-care/downloads/IA_Fee_Oth_Renewal_20250701-20260630.pdf,30a26c0064b0ff02dd95a92ebddc71d68507e11718bcbc714027cd4fe4042386,2026-09-30T16:41:32Z,,0.1.0
IL-Fee-AMC-Amend-20220101-20221231,IL,Illinois,Fee,FEE,AMC,Amend,Amendment,2022-01-01,2022-12-31,,"Uniform increase established by the state for services provided by physicians employed by State-owned medical schools for the rating period covering January 1, 2022 through December 31, 2022, incorporated in the capitation rates through a separate payment term of up to $84,000,000",approval,numbered,8400000000.0,84000000.0,"$84,000,000.00",5376000000.0,53760000,3024000000.0,30240000,8400000000.0,separate_payment_term,True,False,False,,,,fields were hyphen separated,,https://www.medicaid.gov/medicaid/managed-care/downloads/il-fee-amc-amend-20220101-20221231.pdf,4105dd39ce0c1e2c927ba3932d20d2fc449e9735776d3fcbc0dfc51452bafd19,2026-09-30T16:41:33Z,,0.1.0
IL-Fee-AMC-Renewal-20230101-20231231,IL,Illinois,Fee,FEE,AMC,Renewal,Renewal,2023-01-01,2023-12-31,,"Uniform increase established by the state for services provided by physicians employed by State-owned medical schools for the rating period covering January 1, 2023 through December 31, 2023, incorporated in the capitation rates through a separate payment term of up to $145,400,000.",approval,numbered,14540000000.0,145400000.0,"$145,400,000",8724000000.0,87240000,5816000000.0,58160000,14540000000.0,separate_payment_term,True,False,False,,,,fields were hyphen separated,,https://www.medicaid.gov/medicaid/managed-care/downloads/il-fee-amc-renewal-20230101-20231231.pdf,f452027ff7e96c9818c13ed6e71a82b02f570f53feaa20eef374b9f99927302a,2026-09-30T16:41:34Z,,0.1.0
IL-Fee-IPH-OPH2-Amend-20220101-20221231,IL,Illinois,Fee,FEE,IPH_OPH2,Amend,Amendment,2022-01-01,2022-12-31,,"Uniform increase established by the state for inpatient and outpatient services at large non-state government hospitals for the rating period covering January 1, 2022 through December 31, 2022, incorporated in the capitation rates through a separate payment term of up to $396,200,000.",approval,numbered,39620000000.0,396200000.0,"$396,200,000.00",25356800000.0,253568000,14263200000.0,142632000,39620000000.0,separate_payment_term,True,False,False,,,,fields were hyphen separated,,https://www.medicaid.gov/medicaid/managed-care/downloads/il-fee-iph-oph2-amend-20220101-20221231.pdf,2cbbe7a82ad77956c523d9530170d5c86160f5ca84f117e1c11ba14457c3f1e0,2026-09-30T16:41:36Z,,0.1.0
IL_Fee_AMC_Renewal_20240101-20241231,IL,Illinois,Fee,FEE,AMC,Renewal,Renewal,2024-01-01,2024-12-31,,Uniform increase established by the state for services provided by physicians employed,form_only_no_letter,numbered,11330000000.0,113300000.0,"$113,300,000",6571400000.0,65714000,4758600000.0,47586000,,,True,False,False,,,,,,https://www.medicaid.gov/medicaid/managed-care/downloads/IL_Fee_AMC_Renewal_20240101-20241231.pdf,9f4fe77b329ba7af16a5ab8203ad4b99606d6dd8529303267331fb2a171527c4,2026-09-30T16:41:37Z,,0.1.0
IL_Fee_BHO3_New_20230101-20231231,IL,Illinois,Fee,FEE,BHO3,New,New,2023-01-01,2023-12-31,,"Uniform increase established by the state for specific behavioral health outpatient services for the rating period covering January 1, 2023, through December 31, 2023, incorporated in the capitation rates through a separate payment term of up to $30 million.",approval,numbered,3000000000.0,30000000.0,$30 million,1920000000.0,"$19,200,000",1080000000.0,"$10,800,000",3000000000.0,separate_payment_term,True,False,False,,,,,,https://www.medicaid.gov/medicaid/managed-care/downloads/il-fee-bho3-new-20230101-20231231.pdf,1c49c24ab758538b5fa83e9c92c7eb2721dc87ff3df86620fe2081bd45366376,2026-09-30T16:41:38Z,,0.1.0
IL_Fee_IPH.OPH2_Renewal_20230101-20231231,IL,Illinois,Fee,FEE,IPH.OPH2,Renewal,Renewal,2023-01-01,2023-12-31,,"Uniform increase established by the state for inpatient and outpatient services at large non-state government hospitals for the rating period covering January 1, 2023 through December 31, 2023 incorporated in the capitation rates through a separate payment term of up to $630,200,000.",approval,numbered,63020000000.0,630200000.0,"$630,200,000",37812000000.0,378120000,25208000000.0,252080000,63020000000.0,separate_payment_term,True,False,False,,,,,,https://www.medicaid.gov/medicaid/managed-care/downloads/IL_Fee_IPH.OPH2_Renewal_20230101-20231231.pdf,7a25b2c50847acba56065103aa9ca4897cd06f494790e5b97ef0fbdba9c6c9db,2026-09-30T16:41:39Z,,0.1.0
IL_Fee_IPH.OPH2_Renewal_20240101-20241231,IL,Illinois,Fee,FEE,IPH.OPH2,Renewal,Renewal,2024-01-01,2024-12-31,,"Uniform increase established by the state for inpatient and outpatient services at large nonstate government hospitals for the rating period covering January 1, 2024 through December 31, 2024, incorporated in the capitation rates through a separate payment term of up to $575 million.",form_only_no_letter,numbered,57500000000.0,575000000.0,$575 million,34500000000.0,345000000,23000000000.0,230000000,,,True,False,False,,,,,,https://www.medicaid.gov/medicaid/managed-care/downloads/IL_Fee_IPH.OPH2_Renewal_20240101-20241231.pdf,e543c9ea9f4156adf9ab6be0ac3047c73eebef7187d9a81391091b834c22c226,2026-09-30T16:41:41Z,,0.1.0
IL_Fee_IPH.OPH3_Renewal_20230101-20231231,IL,Illinois,Fee,FEE,IPH.OPH3,Renewal,Renewal,2023-01-01,2023-12-31,,"Uniform increase established by the state for inpatient and outpatient services at eligible Illinois hospitals for the rating period covering January 1, 2023 through December 31, 2023, incorporated in the capitation rates through a separate payment term of up to $4,008,000,000.",approval,numbered,400800000000.0,4008000000.0,"$4,008,000,000",240480000000.0,"$2,404,800,000",160320000000.0,"$1,603,200,000",400800000000.0,separate_payment_term,True,False,False,,,,,,https://www.medicaid.gov/medicaid/managed-care/downloads/IL_Fee_IPH.OPH3_Renewal_20230101-20231231.pdf,c39cf0987075c51c88d424fe32aa1af53734616cec3cd3e331d38dcea74ddbf2,2026-09-30T16:41:42Z,,0.1.0
IL_Fee_IPH.OPH3_Renewal_20240101-20241231,IL,Illinois,Fee,FEE,IPH.OPH3,Renewal,Renewal,2024-01-01,2024-12-31,,Uniform increase established by the state for inpatient and outpatient services at eligible,form_only_no_letter,numbered,467470000000.0,4674700000.0,"$4,674,700,000",271132600000.0,2711326000,196337400000.0,1963374000,,,True,False,False,,,,,,https://www.medicaid.gov/medicaid/managed-care/downloads/IL_Fee_IPH.OPH3_Renewal_20240101-20241231.pdf,d6337a9ee5fcd3b07d1b6a03bc066ba3da6d9ebceb8a6b416f17209e9aa695ed,2026-09-30T16:41:43Z,,0.1.0
IL_Fee_IPH.OPH3_Renewal_20250101-20251231,IL,Illinois,Fee,FEE,IPH.OPH3,Renewal,Renewal,2025-01-01,2025-12-31,,"Uniform increase established by the state for inpatient and outpatient services at eligible Illinois hospitals for the rating period covering January 1, 2025 through December 31, 2025, incorporated in the capitation rates through a separate payment term of up to $8,000,000,000.",phase_down_determination,numbered,800000000000.0,8000000000.0,"8,000,000,000",480000000000.0,4800000000,320000000000.0,3200000000,800000000000.0,separate_payment_term,False,True,False,no currency symbol or scale word; unit assumed,,,,,https://www.medicaid.gov/medicaid/managed-care/downloads/IL_Fee_IPH.OPH3_Renewal_20250101-20251231.pdf,8dbc5a07f3246ff56e84ef003d2d88502c1f56e6610563f9adb6f298323630a6,2026-09-30T16:41:45Z,,0.1.0
IL_Fee_IPH.OPH4_New_20230101-20231231,IL,Illinois,Fee,FEE,IPH.OPH4,New,New,2023-01-01,2023-12-31,,"Uniform increase established by the state for COVID relief payments to eligible hospitals for the rating period covering January 1, 2023 through December 31, 2023, incorporated in the capitation rates through a separate payment term of up to $450,000,000.",approval,numbered,45000000000.0,450000000.0,"$450,000,000",28800000000.0,"$288,000,000",16200000000.0,"$162,000,000",45000000000.0,separate_payment_term,True,False,False,,,,,,https://www.medicaid.gov/medicaid/managed-care/downloads/IL_Fee_IPH.OPH4_New_20230101-20231231.pdf,deb9d5961c26392ffe62de5afc4239ceb78e564e159813a18abbcd96c08e41e7,2026-09-30T16:41:48Z,,0.1.0
IL_Fee_IPH.OPH_Renewal_20230101-20231231,IL,Illinois,Fee,FEE,IPH.OPH,Renewal,Renewal,2023-01-01,2023-12-31,,"Uniform increase established by the state for inpatient and outpatient services at hospitals participating in delivery system transformation programs approved by the state for the rating period covering January 1, 2023 through December 31, 2023, incorporated in the capitation rates through a separate payment term of up to $160,300,000.",approval,numbered,16030000000.0,160300000.0,"$160,300,000",9618000000.0,"$96,180,000",6412000000.0,"$64,120,000",16030000000.0,separate_payment_term,True,False,False,,,,,,https://www.medicaid.gov/medicaid/managed-care/downloads/IL_Fee_IPH.OPH_Renewal_20230101-20231231.pdf,20591acc94ff94b9a61a3d42dc9ef37cce3f7e7a2de978142e367e73fc7ab0be,2026-09-30T16:41:51Z,,0.1.0
IL_Fee_IPH.OPH_Renewal_20240101-20241231,IL,Illinois,Fee,FEE,IPH.OPH,Renewal,Renewal,2024-01-01,2024-12-31,,"Uniform increase established by the state for inpatient and outpatient services at hospitals participating in delivery system transformation programs approved by the state for the rating period covering January 1, 2024 through December 31, 2024, incorporated in the capitation rates through a separate payment term of up to $149,000,000.",form_only_no_letter,numbered,14900000000.0,149000000.0,"$149,000,000",8642000000.0,86420000,6258000000.0,62580000,,,True,False,False,,,,,,https://www.medicaid.gov/medicaid/managed-care/downloads/IL_Fee_IPH.OPH_Renewal_20240101-20241231.pdf,04097e50cf4d4d215ed9c405dfd71c3fa8f967c0aa87ab9ffcf6ff569e0132ec,2026-09-30T16:41:52Z,,0.1.0
IL_Fee_IPH.OPH_Renewal_20250101-20251231,IL,Illinois,Fee,FEE,IPH.OPH,Renewal,Renewal,2025-01-01,2025-12-31,,"Uniform increase established by the state for inpatient and outpatient services at hospitals participating in delivery system transformation programs approved by the state for the rating period covering January 1, 2025 through December 31, 2025, incorporated in the capitation rates through a separate payment term of up to $190,000,000.",form_only_no_letter,numbered,19000000000.0,190000000.0,"$190,000,000",11400000000.0,114000000,7600000000.0,76000000,,,True,False,False,,,,,,https://www.medicaid.gov/medicaid/managed-care/downloads/IL_Fee_IPH.OPH_Renewal_20250101-20251231.pdf,7cc873650a4dfedbdb9abf3740731fcc6024a2e4ba12df7ededbc27fe28b86d9,2026-09-30T16:41:54Z,,0.1.0
IL_Fee_IPH5_New_20240101-20241231,IL,Illinois,Fee,FEE,IPH5,New,New,2024-01-01,2024-12-31,,"The uniform increase for long term acute care hospitals established by the state for inpatient hospital services for the rating period, January 1, 2024 through December 31, 2024, incorporated into the capitation rates through a separate payment term up to $1,750,000.",form_only_no_letter,numbered,175000000.0,1750000.0,"$1,750,000",103950000.0,"$1,039,500",71050000.0,"$710,500",,,True,False,False,,,,,,https://www.medicaid.gov/medicaid/managed-care/downloads/IL_Fee_IPH5_New_20240101-20241231.pdf,9b81cc8b6553b61593df2d43fb45b63cad36630b3ab98d1a79103d85b33f3515,2026-09-30T16:41:56Z,,0.1.0
IL_Fee_IPH6_New_20250101-20251231,IL,Illinois,Fee,FEE,IPH6,New,New,2025-01-01,2025-12-31,,"Uniform increase established by the state for inpatient labor and delivery services at Safety Net hospitals for the rating period covering January 1, 2025 through December 31, 2025, incorporated in the capitation rates through a separate payment term of up to $50,000,000.",form_only_no_letter,numbered,5000000000.0,50000000.0,"$50,000,000",3000000000.0,"$30,000,000",2000000000.0,"$20,000,000",,,True,False,False,,,,,,https://www.medicaid.gov/medicaid/managed-care/downloads/IL_Fee_IPH6_New_20250101-20251231.pdf,6243d2c798b373b2380dff5086e4db40ca6c8d2f15282a47928c1c6c855e75d3,2026-09-30T16:41:58Z,,0.1.0
IL_Fee_IPH6_Renewal_20260101-20261231,IL,Illinois,Fee,FEE,IPH6,Renewal,Renewal,2026-01-01,2026-12-31,,"Uniform increase established by the state for inpatient labor and delivery services at Safety Net hospitals for the rating period covering January 1, 2026 through December 31, 2026, incorporated in the capitation rates through a separate payment term up to $50,000,000.",phase_down_determination,prose,,,,,,,,5000000000.0,separate_payment_term,False,False,False,not read,,,,,https://www.medicaid.gov/medicaid/managed-care/downloads/IL_Fee_IPH6_Renewal_20260101-20261231.pdf,c3e7d06d6a444ce51ddf64efbf4f3a1c721cbbc8e37b5b187191b5b6ec6024b2,2026-09-30T16:41:59Z,,0.1.0
IL_Fee_IPH_Renewal_20260101-20261231,IL,Illinois,Fee,FEE,IPH,Renewal,Renewal,2026-01-01,2026-12-31,,"Uniform increase established by the state for inpatient services at hospitals participating in delivery system transformation programs approved by the state for the rating period covering January 1, 2026 through December 31, 2026, incorporated in the capitation rates through a separate payment term up to $190,000,000.",phase_down_determination,prose,,,,,,,,19000000000.0,separate_payment_term,False,False,False,not read,,,,,https://www.medicaid.gov/medicaid/managed-care/downloads/IL_Fee_IPH_Renewal_20260101-20261231.pdf,96b7033eb1506c92f9232d2f77f2c018bb820e523ee788b6b871ceed8606b5f7,2026-09-30T16:42:00Z,,0.1.0
IL_Fee_NF2_Amend_20220101-20221231,IL,Illinois,Fee,FEE,NF2,Amend,Amendment,2022-01-01,2022-12-31,,"Uniform dollar increase for nursing facilities based on quality weighted Medicaid days for the rating period covering January 1, 2022 through December 31, 2022, and incorporated in the capitation rates through a separate payment term of up to $29million.",form_only_no_letter,numbered,2900000000.0,29000000.0,$29 million,1450000000.0,$14.5 million,14500000000.0,"$14,5 million",,,True,False,False,,,,,,https://www.medicaid.gov/medicaid/managed-care/downloads/IL_Fee_NF2_Amend_20220101-20221231.pdf,fd4e46063760515539d6de476433a238049d035b6108d4a1f3550f8aff2188de,2026-09-30T16:42:02Z,,0.1.0
IL_Fee_NF2_Amend_20230101-20231231,IL,Illinois,Fee,FEE,NF2,Amend,Amendment,2023-01-01,2023-12-31,,"Uniform dollar increase for nursing facilities based on quality weighted Medicaid days for the rating period covering January 1, 2023 through December 31, 2023, and incorporated in the capitation rates through a separate payment term of up to $58million.",form_only_no_letter,numbered,5800000000.0,58000000.0,$58 million,2900000000.0,$29 million,2900000000.0,$29 million,,,True,False,False,,,,,,https://www.medicaid.gov/medicaid/managed-care/downloads/IL_Fee_NF2_Amend_20230101-20231231.pdf,19ba52f5ddf9a6692a77de495ecbaa5ccdb5b6b2118ad4f98607cc93ae72d381,2026-09-30T16:42:03Z,,0.1.0
IL_Fee_NF2_Amend_20240101-20241231,IL,Illinois,Fee,FEE,NF2,Amend,Amendment,2024-01-01,2024-12-31,,"Uniform dollar increase for nursing facilities based on quality weighted Medicaid days for the rating period covering January 1, 2024 through December 31, 2024, incorporated in the capitation rates through a separate payment term of up to $57.5 million.",form_only_no_letter,numbered,5750000000.0,57500000.0,$57.5 million,2875000000.0,$28.75 million,2875000000.0,$28.75 million,,,True,False,False,,,,,,https://www.medicaid.gov/medicaid/managed-care/downloads/IL_Fee_NF2_Amend_20240101-20241231.pdf,283b58129fde641cec40acf064f49588868a612b1d2f33ddc94c9fc05bf301fc,2026-09-30T16:42:04Z,,0.1.0
IL_Fee_NF2_Renewal_20230101-20231231,IL,Illinois,Fee,FEE,NF2,Renewal,Renewal,2023-01-01,2023-12-31,,"Uniform dollar increase for nursing facilities based on quality weighted Medicaid days for the rating period covering January 1, 2023 through December 31, 2023, incorporated in the capitation rates through a separate payment term of up to $56 million.",approval,numbered,5600000000.0,56000000.0,$56 million,2800000000.0,$28 million,2800000000.0,$28 million,5600000000.0,separate_payment_term,True,False,False,,,,,,https://www.medicaid.gov/medicaid/managed-care/downloads/il-fee-nf2-renewal-20230101-20231231.pdf,090161fdad926e501ce2aa8968032f22a16f5b4961c1dbf33d72baf8b58a0977,2026-09-30T16:42:06Z,,0.1.0
IL_Fee_NF2_Renewal_20240101-20241231,IL,Illinois,Fee,FEE,NF2,Renewal,Renewal,2024-01-01,2024-12-31,,"Uniform dollar increase for nursing facilities based on quality weighted Medicaid days for the rating period covering January 1, 2024 through December 31, 2024, incorporated in the capitation rates through a separate payment term of up to $49 million.",form_only_no_letter,numbered,4900000000.0,49000000.0,$49 million,2450000000.0,$24.5 million,2450000000.0,$24.5 million,,,True,False,False,,,,,,https://www.medicaid.gov/medicaid/managed-care/downloads/IL_Fee_NF2_Renewal_20240101-20241231.pdf,bfc710df53911c7b1f92d2295d2b35bd811d33ac33522826e554cd37df74373a,2026-09-30T16:42:07Z,,0.1.0
IL_Fee_NF2_Renewal_20250101-20251231,IL,Illinois,Fee,FEE,NF2,Renewal,Renewal,2025-01-01,2025-12-31,,"Uniform dollar increase for nursing facilities based on quality weighted Medicaid days for the rating period covering January 1, 2025 through December 31, 2025, incorporated in the capitation rates through a separate payment term of up to $70 million.",form_only_no_letter,numbered,7000000000.0,70000000.0,$70 million,3500000000.0,$35 million,3500000000.0,$35 million,,,True,False,False,,,,,,https://www.medicaid.gov/medicaid/managed-care/downloads/IL_Fee_NF2_Renewal_20250101-20251231.pdf,c737824811ada6215e95a55b26e5cb641fedb00c7862c619987fd06a28893573,2026-09-30T16:42:08Z,,0.1.0
IL_Fee_NF_Renewal_20260101-20261231,IL,Illinois,Fee,FEE,NF,Renewal,Renewal,2026-01-01,2026-12-31,,"Uniform dollar increase for nursing facilities based on quality weighted Medicaid days for the rating period covering January 1, 2026 through December 31, 2026, incorporated in the capitation rates through a separate payment term up to $70 million.",phase_down_determination,prose,,,,,,,,7000000000.0,separate_payment_term,False,False,False,not read,,,,,https://www.medicaid.gov/medicaid/managed-care/downloads/IL_Fee_NF_Renewal_20260101-20261231.pdf,321aa36e26eaa63854c064fb81ec48dea369ddad9441fc26f70da2a676ee44b0,2026-09-30T16:42:10Z,,0.1.0
IL_Fee_OPH5_New_20240101-20241231,IL,Illinois,Fee,FEE,OPH5,New,New,2024-01-01,2024-12-31,,"The uniform increase for critical access hospitals established by the state for outpatient hospital services for the rating period, January 1, 2024 through December 31, 2024, incorporated into the capitation rates through a separate payment term up to $13,500,000.",form_only_no_letter,numbered,1350000000.0,13500000.0,"$13,500,000",783000000.0,"7,830,000",567000000.0,"5,670,000",,,True,False,False,,,,,,https://www.medicaid.gov/medicaid/managed-care/downloads/IL_Fee_OPH5_New_20240101-20241231.pdf,3720528d90d91b88df056a8cb5502c6c6b47f1cbe02ab7154f3f50e1934824ae,2026-09-30T16:42:11Z,,0.1.0
IL_Fee_OPH5_Renewal_20250101-20251231,IL,Illinois,Fee,FEE,OPH5,Renewal,Renewal,2025-01-01,2025-12-31,,"Uniform increase for critical access hospitals established by the state for outpatient hospital services for the rating period, January 1, 2025 through December 31, 2025, incorporated into the capitation rates through a separate payment term up to $13,500,000.",form_only_no_letter,numbered,1350000000.0,13500000.0,"$13,500,000",810000000.0,"$8,100,000",540000000.0,"$5,400,000",,,True,False,False,,,,,,https://www.medicaid.gov/medicaid/managed-care/downloads/IL_Fee_OPH5_Renewal_20250101-20251231.pdf,a65b64152f43b6ebbcc4763aacd4037419abd3a46d96e085b95350e9b5655ccb,2026-09-30T16:42:12Z,,0.1.0
IL_Fee_OPH5_Renewal_20260101-20261231,IL,Illinois,Fee,FEE,OPH5,Renewal,Renewal,2026-01-01,2026-12-31,,"Uniform increase for critical access hospitals established by the state for outpatient hospital services for the rating period, January 1, 2026 through December 31, 2026,incorporated into the capitation rates through a separate payment term up to $13,500,000.",phase_down_determination,minimal,,,,,,,,1350000000.0,separate_payment_term,False,False,False,not read,,,,,https://www.medicaid.gov/medicaid/managed-care/downloads/IL_Fee_OPH5_Renewal_20260101-20261231.pdf,353dbaaf8d67448de971ca5053e98d9611fa2b9f9e64edb076c174ec3a457b06,2026-09-30T16:42:13Z,,0.1.0
IL_Fee_Oth_Renewal_20230101-20231231,IL,Illinois,Fee,FEE,Oth,Renewal,Renewal,2023-01-01,2023-12-31,,"Uniform increase established by the state for professional services at encounter rate clinics in non-state government owned hospital systems for the rating period covering January 1, 2023 through December 31, 2023, incorporated in the capitation rates through a separate payment term of up to $130,000,000.",approval,numbered,13000000000.0,130000000.0,"$130,000,000",8320000000.0,83200000,4680000000.0,46800000,13000000000.0,separate_payment_term,True,False,False,,,,,,https://www.medicaid.gov/medicaid/managed-care/downloads/IL_Fee_Oth_Renewal_20230101-20231231.pdf,7e458ce74367ba5d753baf5969513512837e7be62bd68f3414a08542d94f391b,2026-09-30T16:42:15Z,,0.1.0
IL_Fee_Oth_Renewal_20240101-20241231,IL,Illinois,Fee,FEE,Oth,Renewal,Renewal,2024-01-01,2024-12-31,,"Uniform increase established by the state for professional services at encounter rate clinics in non-state government owned hospital systems for the rating period covering January 1, 2024 through December 31, 2024, incorporated in the capitation rates through a separate payment term of up to $111,900,000.",form_only_no_letter,numbered,11190000000.0,111900000.0,"$111,900,000",6490200000.0,64902000,4699800000.0,46998000,,,True,False,False,,,,,,https://www.medicaid.gov/medicaid/managed-care/downloads/IL_Fee_Oth_Renewal_20240101-20241231.pdf,b302db6673152733c88796cf705d5127307661279618daa3ec6d463cf11d2426,2026-09-30T16:42:16Z,,0.1.0
IL_VBP_PC.BHO3_Renewal_20240101-20241231,IL,Illinois,VBP,VBP,PC.BHO3,Renewal,Renewal,2024-01-01,2024-12-31,,"Value based payment arrangement established by the state for eligible primary care and behavioral health providers contracted with the Egyptian Health Department for the rating periods covering January 1, 2024 through December 31, 2024.",form_only_no_letter,numbered,44982000.0,449820.0,"$449,820 maximum distribution",26426925.0,"$264,269.25",18555075.0,"$185,550.75",,,True,False,False,,,,,,https://www.medicaid.gov/medicaid/managed-care/downloads/IL_VBP_PC.BHO3_Renewal_20240101-20241231.pdf,9407a41e49f615d850160a32204c77077b2d09e7235d85a4f941a25edcb4334c,2026-09-30T16:42:17Z,,0.1.0
IL_VBP_PC.BHO3_Renewal_20250101-20251231,IL,Illinois,VBP,VBP,PC.BHO3,Renewal,Renewal,2025-01-01,2025-12-31,,"Value based payment arrangement established by the state for eligible primary care and behavioral health providers contracted with the Egyptian Health Department for the rating periods covering January 1, 2025 through December 31, 2025, incorporated in the capitation rates through a risk-based rate adjustment.",form_only_no_letter,numbered,44982000.0,449820.0,"$449,820 maximum distribution",22491000.0,"$224,910",22491000.0,"$224,910",,,True,False,False,,,,,,https://www.medicaid.gov/medicaid/managed-care/downloads/IL_VBP_PC.BHO3_Renewal_20250101-20251231.pdf,1af7a33903ecd62475c26ffc26345a2f42f0123d34c2750523569c0eafc9f770,2026-09-30T16:42:18Z,,0.1.0
IL_VBP_PC.BHO_Renewal_20260101-20271231,IL,Illinois,VBP,VBP,PC.BHO,Renewal,Renewal,2026-01-01,2027-12-31,,"Value based payment arrangement established by the state for eligible primary care and behavioral health providers contracted with the Egyptian Health Department for the rating periods covering January 1, 2026 through December 31, 2027, incorporated in the capitation rates through a risk-based rate adjustment up to $449,820 per year.",form_only_no_letter,minimal,,,,,,,,,,False,False,False,not read,,,,,https://www.medicaid.gov/medicaid/managed-care/downloads/IL_VBP_PC.BHO_Renewal_20260101-20271231.pdf,c5bd6c4583b54064761835dafd5dd314fbbc0adfeb34a78d82b0fefd855cbd22,2026-09-30T16:42:20Z,,0.1.0
IL_VBP_PC_Renewal_20230101-20241231,IL,Illinois,VBP,VBP,PC,Renewal,Renewal,2023-01-01,2024-12-31,,"Value based payment arrangement established by the state for eligible primary care providers with the Lurie Children's Hospital All Hands Health Network (AHHN) for the rating periods covering January 1, 2023 through December 31, 2024 incorporated in the capitation rates through a risk-based rate adjustment.",approval,numbered,240000000.0,2400000.0,"$2,400,000 maximum distribution",140000000.0,"$1,400,000",100000000.0,"$1,000,000",,,True,False,False,,,,,,https://www.medicaid.gov/medicaid/managed-care/downloads/il-vbp-pc-renewal-20230101-20241231.pdf,272c300f09b76b208e986f1d8bb646c20a34337d457d062fd4c9a46e584bdbe3,2026-09-30T16:42:21Z,,0.1.0
IL_VBP_PC_Renewal_20250101-20261231,IL,Illinois,VBP,VBP,PC,Renewal,Renewal,2025-01-01,2026-12-31,,"Value based payment arrangement established by the state for eligible primary care providers with the Lurie Children's Hospital All Hands Health Network (AHHN) for the rating periods covering January 1, 2025 through December 31, 2026 incorporated in the capitation rates through a risk-based rate adjustment.",phase_down_determination,numbered,220000000.0,2200000.0,"$2,200,000 maximum distribution per rating period",113000000.0,"$1,130,000",107000000.0,"$1,070,000",,,True,False,False,,,,,,https://www.medicaid.gov/medicaid/managed-care/downloads/IL_VBP_PC_Renewal_20250101-20261231.pdf,8001fefbc2372d9f3c7c1efcb1b18879a7b4ae04575ff6539cde72eb24b23898,2026-09-30T16:42:22Z,,0.1.0
IN_Fee_IPH.OPH_New_20260101-20261231,IN,Indiana,Fee,FEE,IPH.OPH,New,New,2026-01-01,2026-12-31,,"Uniform increase for inpatient and outpatient hospital services for rating periods covering January 1, 2026 through December 31, 2026, incorporated in the capitation rates through a separate payment term amount up to $1,866,200,000.",phase_down_determination,prose,,,,,,,,186620000000.0,separate_payment_term,False,False,False,not read,,,,,https://www.medicaid.gov/medicaid/managed-care/downloads/IN_Fee_IPH.OPH_New_20260101-20261231.pdf,f0a4f9a224325509d0d305103e9aa2dac01e63f4aaf18f779d2adf0217060e0e,2026-09-30T16:42:23Z,,0.1.0
IN_Fee_NF_New_20240701-20250630,IN,Indiana,Fee,FEE,NF,New,New,2024-07-01,2025-06-30,,"A uniform increase for nursing facilities established by the state based on Medicaid nursing facility utilization and quality performance metrics for the rating period July 1,2024 through June 30, 2025, incorporated into the capitation rates through a separate payment term up to $180.7 million.",form_only_no_letter,numbered,18070000000.0,180700000.0,"Approximately $180.7 million ($180,676,236.24)",11760000000.0,$117.6 M,6310000000.0,$63.1M,,,True,False,False,,IN_Fee_NF_New_20240701-20250630,,,,https://www.medicaid.gov/medicaid/managed-care/downloads/IN_Fee_NF_New_20240701-20250630.pdf,82efb5b687466deab6d9769b18cb64b2764a6d566777222c14640c6b8a116827,2026-09-30T16:42:25Z,,0.1.0
IN_Fee_NF_Renewal_20250701-20260630,IN,Indiana,Fee,FEE,NF,Renewal,Renewal,2025-07-01,2026-06-30,,"Uniform increase for nursing facility services for rating periods covering July 1, 2025 through June 30, 2026, incorporated in the capitation rates through a separate payment term amount up to $381,073,665.67.",,,,,,,,,,,,False,False,False,,,,,,https://www.medicaid.gov/media/file/infeenfrenewal20250701-20260630.pdf,,2026-09-30T16:25:50Z,medicaid.gov/robots.txt disallows /media/*,0.1.0
IN_Fee_PC.SP.BHO.Oth_New_20240101- 20241231,IN,Indiana,Fee,FEE,PC.SP.BHO.Oth,New,New,2024-01-01,2024-12-31,,"Minimum Medicare fee schedules established by the state for eligible primary care services, specialty physician services, behavioral health outpatient services, and durable medical equipment for the rating period, January 1, 2024 through December 31, 2024, incorporated into the capitation rates through a risk-based rate adjustment.",form_only_no_letter,numbered,171700000000.0,1717000000.0,"$1,717 million",131500.0,"$1,315 mm",40200.0,$402 mm,,,True,False,False,,,,,,https://www.medicaid.gov/medicaid/managed-care/downloads/IN_Fee_PC.SP.BHO.Oth_New_20240101-20241231.pdf,dc59bb74f82092292841e96cbb290f7cc67c32a5eab463c092fd15eebfa0327a,2026-09-30T16:42:26Z,,0.1.0
IN_Fee_PC.SP.NF.BHO.DS.Oth_New_20240101-20241231,IN,Indiana,Fee,FEE,PC.SP.NF.BHO.DS.Oth,New,New,2024-01-01,2024-12-31,,"Minimum fee schedules established by the state for eligible primary care services, specialty physician services, nursing facility services, behavioral health outpatient services, dental services and durable medical equipment for the rating period, January 1, 2024 through December 31, 2024, incorporated into the capitation rates through a risk-based rate adjustment.",form_only_no_letter,numbered,85300000000.0,853000000.0,$853 million,60800.0,$608 mm,24500.0,$245 mm,,,True,False,False,,,,,,https://www.medicaid.gov/medicaid/managed-care/downloads/IN_Fee_PC.SP.NF.BHO.DS.Oth_New_20240101-20241231.pdf,0251400b5f8bb7893a8d97f2cde736d31ef024eea0e63dc606556f7d4e425028,2026-09-30T16:42:27Z,,0.1.0
IN_Fee_PC.SP.Oth_New_20260101-20261231,IN,Indiana,Fee,FEE,PC.SP.Oth,New,New,2026-01-01,2026-12-31,,"Uniform increase for eligible physicians and non-physician practitioners for rating periods covering January 1, 2026 through December 31, 2026, incorporated in the capitation rates through a separate payment term amount up to $46,360,512.52.",form_only_no_letter,minimal,,,,,,,,,,False,False,False,not read,,,,,https://www.medicaid.gov/medicaid/managed-care/downloads/IN_Fee_PC.SP.Oth_New_20260101-20261231.pdf,83dd6b7220e387f78de3b113160324e2f2a45f29bfd6988892056a5f1e86a35c,2026-09-30T16:42:29Z,,0.1.0
KS-Fee-IPH-OPH-Renewal-20230101-20231231,KS,Kansas,Fee,FEE,IPH_OPH,Renewal,Renewal,2023-01-01,2023-12-31,,"Uniform increase for eligible Kansas hospitals established by the state for inpatient and outpatient services for the rating period covering January 1, 2023 through December 31, 2023, incorporated in the capitation rates through a separate payment term of up to $408,981,220.",approval,numbered,40898122000.0,408981220.0,"$408,981,220",26118563200.0,"$261,185,632",14779558800.0,"$147,795,588",40898122000.0,separate_payment_term,True,False,False,,KS_IPH.OPH_Renewal_20230101-20231231 / State of KS - 438.6(c) preprint,filename says 'KS-Fee-IPH-OPH-Renewal-20230101-20231231'; document says 'KS_IPH.OPH_Renewal_20230101-20231231 / State of KS - 438.6(c) preprint',fields were hyphen separated,,https://www.medicaid.gov/medicaid/managed-care/downloads/ks-fee-iph-oph-renewal-20230101-20231231.pdf,abce8adcc7153ab259991067c191851765e7a9a948f814bb0f67dcdfae72c87e,2026-09-30T16:42:30Z,,0.1.0
KS_Fee_AMC_New_20230101-20231231,KS,Kansas,Fee,FEE,AMC,New,New,2023-01-01,2023-12-31,,"Uniform percentage increase established by the state for Teaching Professional Access Program eligible providers for the rating period covering January 1, 2023 through December 31, 2023, incorporated in the capitation rates through a separate payment term of up to $16,000,000.",approval,numbered,1600000000.0,16000000.0,"$16,000,000",1021800000.0,"$10,218,000",578200000.0,"$5,782,000",1600000000.0,separate_payment_term,True,False,False,,,,,,https://www.medicaid.gov/medicaid/managed-care/downloads/ks-fee-amc-new-20230101-20231231.pdf,fbdec659c0d7b92455af7384a86050fd7c15640698416217650fdd580c751ebd,2026-09-30T16:42:31Z,,0.1.0
KS_Fee_AMC_Renewal_20240101-20241231,KS,Kansas,Fee,FEE,AMC,Renewal,Renewal,2024-01-01,2024-12-31,,"Uniform increase for professional services at an academic medical center provided by Qualified Licensed Professionals as established by the state for the rating period, January 1, 2024 through December 31, 2024, incorporated into the capitation rates through a separate payment term up to $16,000,000.",form_only_no_letter,numbered,1600000000.0,16000000.0,"$16,000,000",979120000.0,"$9,791,200",620880000.0,"$6,208,800",,,True,False,False,,,,,,https://www.medicaid.gov/medicaid/managed-care/downloads/KS_Fee_AMC_Renewal_20240101-20241231.pdf,01ebc899d41e4f9a0dadd4d86d812131804081bc364aca7db0013f8bd7257543,2026-09-30T16:42:33Z,,0.1.0
KS_Fee_AMC_Renewal_20250101-20251231,KS,Kansas,Fee,FEE,AMC,Renewal,Renewal,2025-01-01,2025-12-31,,"Uniform increase for professional services at an academic medical center provided by Qualified Licensed Professionals as established by the state for the rating period, January 1, 2025 through December 31, 2025, incorporated into the capitation rates through a separate payment term up to $16,000,000.",form_only_no_letter,numbered,1600000000.0,16000000.0,"$16,000,000",989920000.0,"$9,899,200",610080000.0,"$6,100,800",,,True,False,False,,KS_Fee_AMC_Renewal_20250101-20251231,,,,https://www.medicaid.gov/medicaid/managed-care/downloads/KS_Fee_AMC_Renewal_20250101-20251231.pdf,1e4dd6c5673fe03533121c0957889ce31ab841e5f071094b2108e08bb9d5e2ed,2026-09-30T16:42:34Z,,0.1.0
KS_Fee_AMC_Renewal_20260101-20261231,KS,Kansas,Fee,FEE,AMC,Renewal,Renewal,2026-01-01,2026-12-31,,"Uniform increase for professional services at an academic medical center provided by Qualified Licensed Professionals as established by the state for the rating period covering January 1, 2026 through December 31, 2026, incorporated into the capitation rates through a separate payment term up to $16,000,000.",phase_down_determination,minimal,,,,,,,,1600000000.0,separate_payment_term,False,False,False,not read,,,,,https://www.medicaid.gov/medicaid/managed-care/downloads/KS_Fee_AMC_Renewal_20260101-20261231.pdf,84b8f845decba1bd2267cadc38623ba51c709f498141970a6bb31ef853abb130,2026-09-30T16:42:36Z,,0.1.0
KS_Fee_IPH.OPH1_New_20240101-20241231,KS,Kansas,Fee,FEE,IPH.OPH1,New,New,2024-01-01,2024-12-31,,"Uniform increase for inpatient and outpatient hospital services provided by Border City Children’s Hospitals and Large Public Teaching Hospitals for the rating period covering January 1, 2024 through December 31, 2024, incorporated in the capitation rates through a separate payment term of up to $10,000,000.",form_only_no_letter,numbered,1000000000.0,10000000.0,"$10,000,000",611950000.0,"$6,119,500",388050000.0,"$3,880,500",,,True,False,False,,KS_Fee_IPH.OPH1_New_20240101-20241231,,,,https://www.medicaid.gov/medicaid/managed-care/downloads/KS_Fee_IPH.OPH1_New_20240101-20241231.pdf,282ef1098da9aa7d6fe57a00266e27e61232333549b7a752498bb8b0e1e2e372,2026-09-30T16:42:37Z,,0.1.0
KS_Fee_IPH.OPH2_Amend_20240101-20241231,KS,Kansas,Fee,FEE,IPH.OPH2,Amend,Amendment,2024-01-01,2024-12-31,,"Uniform percentage increase for inpatient and outpatient hospital services provided by eligible general hospitals, for the rating period covering January 1, 2024 through December 31, 2024, incorporated in the capitation rates through a separate payment term of up to $41,000,000.",approval,numbered,4100000000.0,41000000.0,$41 million,3100000000.0,$31 million,1000000000.0,$10 million,4100000000.0,separate_payment_term,True,False,False,,KS_Fee_IPH.OPH2_New20240101-20241231,filename says 'KS_Fee_IPH.OPH2_Amend_20240101-20241231'; document says 'KS_Fee_IPH.OPH2_New20240101-20241231',,,https://www.medicaid.gov/medicaid/managed-care/downloads/KS_Fee_IPH.OPH2_Amend_20240101-12312024.pdf,15fb3fd02f340cd0d13cdbe1c78ad4deffdad215df65b5389b8663b35b45d04a,2026-09-30T16:42:39Z,,0.1.0
KS_Fee_IPH.OPH2_New_20240101-20241231,KS,Kansas,Fee,FEE,IPH.OPH2,New,New,2024-01-01,2024-12-31,,"Uniform percentage increase for inpatient and outpatient hospital services provided by eligible general hospitals, for the rating period covering January 1, 2024 through December 31, 2024, incorporated in the capitation rates through a separate payment term of up to $41,000,000.",form_only_no_letter,numbered,4100000000.0,41000000.0,$41 million,3100000000.0,$31 million,1000000000.0,$10 million,,,True,False,False,,KS_Fee_IPH.OPH2_New_20240101-20241231,,,,https://www.medicaid.gov/medicaid/managed-care/downloads/KS_Fee_IPH.OPH2_New_20240101-20241231.pdf,9cbd37b5e0ea2290a018b85e9cd6fe25f18559b278feb0abc3784e6e12605944,2026-09-30T16:42:40Z,,0.1.0
KS_Fee_IPH.OPH3_Renewal_20240101-20241231,KS,Kansas,Fee,FEE,IPH.OPH3,Renewal,Renewal,2024-01-01,2024-12-31,,"Uniform increase for inpatient and outpatient services provided by eligible hospitals as established by the state for the rating period, January 1, 2024 through December 31, 2024, incorporated into the capitation rates through a separate payment term up to $397,295,435.",form_only_no_letter,numbered,39729543500.0,397295435.0,"$397,295,435",24961026100.0,"$249,610,261",14768517400.0,"$147,685,174",,,True,False,False,,KS_FEE_IPH.OPH3_Renewal_20240101-20241231,filename says 'KS_Fee_IPH.OPH3_Renewal_20240101-20241231'; document says 'KS_FEE_IPH.OPH3_Renewal_20240101-20241231',,,https://www.medicaid.gov/medicaid/managed-care/downloads/KS_Fee_IPH.OPH3_Renewal_20240101-20241231.pdf,1590cbb52968ac766d54a5741362ca708b20553e400051e9bf1f6adf7ac8999b,2026-09-30T16:42:42Z,,0.1.0
KS_Fee_IPH.OPH_Renewal_20250101-20251231,KS,Kansas,Fee,FEE,IPH.OPH,Renewal,Renewal,2025-01-01,2025-12-31,,"Uniform increase for inpatient and outpatient hospital services for critical access hospitals and general hospitals for rating period January 1, 2025, through December 31,2025, incorporated in the capitation rates through separate payment term of up to $998,000,000.",phase_down_determination,numbered,99800000000.0,998000000.0,"$998,000,000",61700000000.0,"$617,000,000",38100000000.0,"$381,000,000",99800000000.0,separate_payment_term,True,False,False,,,,,,https://www.medicaid.gov/medicaid/managed-care/downloads/KS_Fee_IPH.OPH_Renewal_20250101-20251231.pdf,181c42e79af1b49bb68ad745d98674b1066f0f584e12a1f524d9be4a4a2348a8,2026-09-30T16:42:43Z,,0.1.0
KS_Fee_IPH.OPH_Renewal_20260101-20261231,KS,Kansas,Fee,FEE,IPH.OPH,Renewal,Renewal,2026-01-01,2026-12-31,,"Uniform increase for inpatient and outpatient hospital services for critical access hospitals and general hospitals for the rating period January 1, 2026, through December 31, 2026, incorporated in the capitation rates through a separate payment term up to $1,179,000,000.",phase_down_determination,prose,,,,,,,,,,False,False,False,not read,,,,,https://www.medicaid.gov/medicaid/managed-care/downloads/KS_Fee_IPH.OPH_Renewal_20260101-20261231.pdf,9277e822d87fcbdebdd703a7d5e52183a04023deed7a2eb27b9da50589702d6e,2026-09-30T16:42:44Z,,0.1.0
KS_Fee_OPH1_Renewal_20250101-20251231,KS,Kansas,Fee,FEE,OPH1,Renewal,Renewal,2025-01-01,2025-12-31,,"Uniform increase for outpatient hospital services provided by Border City Children’s Hospitals and Large Public Teaching Hospitals for the rating period covering January 1, 2025, through December 31, 2025, incorporated in the capitation rates through a separate payment term of up to $10,000,000.",phase_down_determination,numbered,1000000000.0,10000000.0,"$10,000,000",618700000.0,"$6,187,000",381300000.0,"$3,813,000",1000000000.0,separate_payment_term,True,False,False,,KS_Fee_IPH.OPH_New_20240101-20241231,filename says 'KS_Fee_OPH1_Renewal_20250101-20251231'; document says 'KS_Fee_IPH.OPH_New_20240101-20241231',,,https://www.medicaid.gov/medicaid/managed-care/downloads/KS_Fee_OPH1_Renewal_20250101-20251231.pdf,80550b04585d9a62119ab942eaa94a9b93ee6692abd823ebb30b89a277d8f658,2026-09-30T16:42:46Z,,0.1.0
KS_Fee_OPH1_Renewal_20260101-20261231,KS,Kansas,Fee,FEE,OPH1,Renewal,Renewal,2026-01-01,2026-12-31,,"Uniform increase for outpatient hospital services provided by Border City Children’s Hospitals and Large Public Teaching Hospitals for the rating period covering January 1,2026, through December 31, 2026, incorporated in the capitation rates through a separate payment term of up to $10,000,000.",phase_down_determination,minimal,,,,,,,,1000000000.0,separate_payment_term,False,False,False,not read,,,,,https://www.medicaid.gov/medicaid/managed-care/downloads/KS_Fee_OPH1_Renewal_20260101-20261231.pdf,a9491c3480e96610bc74f5a48129dee64e1a4476a58e08f83a9e284b64ec3898,2026-09-30T16:42:47Z,,0.1.0
KS_VBP_IPH.OPH_Renewal_20240101-20251231,KS,Kansas,VBP,VBP,IPH.OPH,Renewal,Renewal,2024-01-01,2025-12-31,,"Value Based Payment to meet or exceed the performance measure benchmarks on specific provider quality metrics for the inpatient and outpatient services to receive incentive payments for the rating period covering January 1, 2024 through December 31, 2025 for a multi-year period, incorporated in the capitation rates through a separate payment term of up to $60,000,000.",form_only_no_letter,numbered,6000000000.0,60000000.0,$60 million,3691950000.0,"$36,919,500",2308050000.0,"$23,080,500",,,True,False,False,,KS_VBP_IPH_OPH_Renewal_20240101-20251231,filename says 'KS_VBP_IPH.OPH_Renewal_20240101-20251231'; document says 'KS_VBP_IPH_OPH_Renewal_20240101-20251231',,,https://www.medicaid.gov/medicaid/managed-care/downloads/KS_VBP_IPH.OPH_Renewal_20240101-20251231.pdf,6383a328fbb384c569e181e8952b724f912173d0e3e4956bfd484b700ae4618a,2026-09-30T16:42:48Z,,0.1.0
KY_Fee.Oth2_Renewal_20220101-20221231,KY,Kentucky,Fee,FEE.OTH2,Oth2,Renewal,Renewal,2022-01-01,2022-12-31,,"Minimum fee schedule established by the state for outpatient pharmacy services for the rating period covering January 1, 2022 through December 31, 2022, incorporated in the capitation rates through a risk-based rate adjustment.",approval,numbered,1183475000.0,11834750.0,"$11,834,750",946780000.0,"$9,467,800",236695000.0,"$2,366,950",,,True,False,False,,,,payment type and provider class were one token,,https://www.medicaid.gov/medicaid/managed-care/downloads/KY_Fee.Oth2_Renewal_20220101-20221231.pdf,b81cc3c143c215bdbc3c15a1ae0bfbce2e8fe52569dd192f3150a57792def6e3,2026-09-30T16:42:50Z,,0.1.0
KY_Fee.VBP_IPH.OPH.AMC_Amend_20230101-20231231,KY,Kentucky,Fee.VBP,FEE.VBP,IPH.OPH.AMC,Amend,Amendment,2023-01-01,2023-12-31,,"Uniform dollar increase with a quality performance payment arrangement established by the state for inpatient hospital services, outpatient hospital services, and professional services at an academic medical center for the rating period covering January 1, 2023 through December 31, 2023. The quality performance payment arrangement is incorporated in the capitation rates through a separate payment term of up to $323,362,543, and the uniform dollar increase is incorporated in the capitation rates through a risk-based rate adjustment.",approval,numbered,161681271600.0,1616812716.0,"$1,616,812,716",129345017300.0,"$1,293,450,173",32336254300.0,"$323,362,543",32336254300.0,separate_payment_term,True,False,False,,,,,,https://www.medicaid.gov/medicaid/managed-care/downloads/ky-fee.vbp-iph.oph.amc-amend-20230101-20231231.pdf,ff4f439161f0a9f3e73c3f603bc87b14a43139636b3498bb75e56bb98054cbee,2026-09-30T16:42:51Z,,0.1.0
KY_Fee.VBP_IPH.OPH.AMC_Amend_20250101-20251231,KY,Kentucky,Fee.VBP,FEE.VBP,IPH.OPH.AMC,Amend,Amendment,2025-01-01,2025-12-31,,"Uniform dollar increase established by the state for inpatient and outpatient hospital services and professional services at an academic medical center for the rating period covering January 1, 2025 through December 31, 2025, incorporated in the capitation rates through a risk-based rate adjustment; Value-based payment established by the state for inpatient and outpatient hospital services and professional services at an academic medical center for the rating period covering January 1, 2025 through December 31, 2025, incorporated in the capitation rates through a separate payment term of up to $404,228,342.",approval,numbered,202114171200.0,2021141712.0,"$2,021,141,712",161691336900.0,"$1,616,913,369",40422834200.0,"$404,228,342",40422834200.0,separate_payment_term,True,False,False,,KY_Fee.VBP_IPH.OPH.AMC_Amend_20250101-20251231,,,,https://www.medicaid.gov/medicaid/managed-care/downloads/KY_Fee.VBP_IPH.OPH.AMC_Amend_20250101-20251231.pdf,185d37687ea51406ddd1a74f4e98c8d54d0ec11e716b4e030a9697adcfa21986,2026-09-30T16:42:52Z,,0.1.0
KY_Fee.VBP_IPH.OPH.AMC_Renewal_20240101-20241231,KY,Kentucky,Fee.VBP,FEE.VBP,IPH.OPH.AMC,Renewal,Renewal,2024-01-01,2024-12-31,,"* Uniform increase established by the state for inpatient and outpatient hospital services and professional services at an academic medical center for the rating period covering January 1, 2024 through December 31, 2024, incorporated in the capitation rates through a risk-based adjustment;",approval,numbered,175122913900.0,1751229139.0,"$1,751,229,139",140098331100.0,"$1,400,983,311",35024582800.0,"$350,245,828",35024582800.0,separate_payment_term,True,False,False,,,,,,https://www.medicaid.gov/medicaid/managed-care/downloads/ky-fee.vbp-iph.oph.amc-renewal-20240101-20241231.pdf,68670304bef4fe3fa2e959849ecb6da872bd73c65e64290b3c4000bee1495baf,2026-09-30T16:42:53Z,,0.1.0
KY_Fee.VBP_IPH.OPH.AMC_Renewal_20250101-20251231,KY,Kentucky,Fee.VBP,FEE.VBP,IPH.OPH.AMC,Renewal,Renewal,2025-01-01,2025-12-31,,"Uniform increase established by the state for inpatient and outpatient hospital services and professional services at an academic medical center for the rating period covering January 1, 2025 through December 31, 2025, incorporated in the capitation rates through a risk-based adjustment; and,",form_only_no_letter,numbered,190197578800.0,1901975788.0,"$1,901,975,788",152158063000.0,"$1,521,580,630",38039515800.0,"$380,395,158",,,True,False,False,,,,,,https://www.medicaid.gov/medicaid/managed-care/downloads/KY_Fee.VBP_IPH.OPH.AMC_Renewal_20250101-20251231.pdf,1a7c58a9094e2054447055c22f7b184856727f9052547f7d3d7b76f70efe8e14,2026-09-30T16:42:55Z,,0.1.0
KY_Fee.VBP_IPH.OPH.AMC_Renewal_20260101-20261231,KY,Kentucky,Fee.VBP,FEE.VBP,IPH.OPH.AMC,Renewal,Renewal,2026-01-01,2026-12-31,,"Uniform dollar increase established by the state for inpatient hospital services, outpatient hospital services, and professional services at an academic medical center for the rating period, January 1, 2026 through December 31, 2026, incorporated into the capitation rates through a risk-based rate adjustment up to $1,887,207,120; and Value-based payment established by the state for inpatient hospital services, outpatient hospital services, and professional services at an academic medical center for the rating period, January 1, 2026 through December 31, 2026, incorporated into the capitation rates through a separate payment term up to $471,801,780.",phase_down_determination,prose,,,,,,,,188720712000.0,risk_based_adjustment,False,False,False,not read,,,,,https://www.medicaid.gov/medicaid/managed-care/downloads/KY_Fee.VBP_IPH.OPH.AMC_Renewal_20260101-20261231.pdf,28b4927e52ad7ab404f9e58b8950afbf92772be4ee3b275d2cce8a56d49fad06,2026-09-30T16:42:56Z,,0.1.0
KY_Fee.VBP_IPH.OPH_Renewal_20230101-20231231,KY,Kentucky,Fee.VBP,FEE.VBP,IPH.OPH,Renewal,Renewal,2023-01-01,2023-12-31,,"Uniform increase and value-based payment established by the state for inpatient and outpatient hospital services for the rating period covering January 1, 2023 through December 31, 2023 incorporated in the capitation rates through a separate payment term of up to $2,665,905,589.",approval,numbered,266590558900.0,2665905589.0,"$2,665,905,589",213272447100.0,"$2,132,724,471",53318111800.0,"$533,181,118",266590558900.0,separate_payment_term,True,False,False,,,,,,https://www.medicaid.gov/medicaid/managed-care/downloads/ky-fee.vbp-iph.oph-renewal-20230101-20231231.pdf,c70fa5491d525f2fa9650f8c2a1b94a26e167aadb822131037fdea0b4da6d4a6,2026-09-30T16:42:57Z,,0.1.0
KY_Fee.VBP_IPH.OPH_Renewal_20240101-20241231,KY,Kentucky,Fee.VBP,FEE.VBP,IPH.OPH,Renewal,Renewal,2024-01-01,2024-12-31,,"Uniform increase and value-based payment established by the state for inpatient and outpatient hospital services for the rating period covering January 1, 2024 through December 31, 2024, incorporated in the capitation rates through a through a separate payment term of up to $2,427,458,497.",form_only_no_letter,numbered,242745849700.0,2427458497.0,"$2,427,458,497",194196679800.0,"$1,941,966,798",48549169900.0,"$485,491,699",,,True,False,False,,,,,,https://www.medicaid.gov/medicaid/managed-care/downloads/KY_Fee.VBP_IPH.OPH_Renewal_20240101-20241231.pdf,e38082c761f56855f90ed6b5a415a55c9167c9bb61f4b0b25ba7ff9c9539db77,2026-09-30T16:42:59Z,,0.1.0
KY_Fee.VBP_IPH.OPH_Renewal_20250101-20251231,KY,Kentucky,Fee.VBP,FEE.VBP,IPH.OPH,Renewal,Renewal,2025-01-01,2025-12-31,,"Uniform increase and value-based payment established by the state for inpatient and outpatient hospital services for the rating period covering January 1, 2025 through December 31, 2025, incorporated in the capitation rates through a separate payment term of up to $2,412,721,014.",form_only_no_letter,numbered,241272101400.0,2412721014.0,"$2,412,721,014",193017681100.0,"$1,930,176,811",48254420300.0,"$482,544,203",,,True,False,False,,,,,,https://www.medicaid.gov/medicaid/managed-care/downloads/KY_Fee.VBP_IPH.OPH_Renewal_20250101-20251231.pdf,d9d0fadf9ad28ca4a455c10f807a304b01cc32d2afd25c3991b11d4841977510,2026-09-30T16:43:00Z,,0.1.0
KY_Fee.VBP_IPH.OPH_Renewal_20260101-20261231,KY,Kentucky,Fee.VBP,FEE.VBP,IPH.OPH,Renewal,Renewal,2026-01-01,2026-12-31,,"Uniform increase and value-based payment established by the state for inpatient hospital services and outpatient hospital services for the rating period covering January 1, 2026through December 31, 2026, incorporated into the capitation rates through a separate payment term amount of up to $2,839,461,363.",phase_down_determination,prose,,,,,,,,283946136300.0,separate_payment_term,False,False,False,not read,,,,,https://www.medicaid.gov/medicaid/managed-care/downloads/KY_Fee.VBP_IPH.OPH_Renewal_20260101-20261231.pdf,a2cf698b3f61fd3717ed14f431d60985484a0a38735d7ea13c4f6275d726be37,2026-09-30T16:43:02Z,,0.1.0
KY_Fee_Oth_Renewal_20240101-20241231,KY,Kentucky,Fee,FEE,Oth,Renewal,Renewal,2024-01-01,2024-12-31,,"Uniform dollar increase established by the state for eligible ground ambulance providers for the rating period covering January 1, 2024 through December 31, 2024, incorporated in the capitation rates through a through a separate payment term of up to $61,159,581.",form_only_no_letter,numbered,6115958100.0,61159581.0,"$61,159,581",4938024600.0,"$49,380,246",1177933500.0,"$11,779,335",,,True,False,False,,,,,,https://www.medicaid.gov/medicaid/managed-care/downloads/KY_Fee_Oth_Renewal_20240101-20241231.pdf,5dce035bac7876cd97b4e6265d59e88936f8d9a6eb98fa3ed921a0da53734d7b,2026-09-30T16:43:03Z,,0.1.0
KY_Fee_Oth_Renewal_20250101-20251231,KY,Kentucky,Fee,FEE,Oth,Renewal,Renewal,2025-01-01,2025-12-31,,"Uniform dollar increase established by the state for emergency ground ambulance providers for the rating period covering January 1, 2025 through December 31, 2025, incorporated in the capitation rates through a separate payment term of up to$62,463,235.",form_only_no_letter,numbered,6246323500.0,62463235.0,"62,463,235",5020170200.0,"50,201,702",1226153300.0,"12,261,533",,,False,True,False,no currency symbol or scale word; unit assumed,,,,,https://www.medicaid.gov/medicaid/managed-care/downloads/KY_Fee_Oth_Renewal_20250101-20251231.pdf,18d2649dde306852707462ee126dc10c810f299d29e35f245da302c14ca08a09,2026-09-30T16:43:05Z,,0.1.0
KY_Fee_Oth_Renewal_20260101-20261231,KY,Kentucky,Fee,FEE,Oth,Renewal,Renewal,2026-01-01,2026-12-31,,"Uniform dollar increase for eligible emergency ground ambulance provider services for rating periods covering January 1, 2026 through December 31, 2026, incorporated in the capitation rates through a separate payment term amount up to $64,003,052.",form_only_no_letter,minimal,,,,,,,,,,False,False,False,not read,,,,,https://www.medicaid.gov/medicaid/managed-care/downloads/KY_Fee_Oth_Renewal_20260101-20261231.pdf,7f87e988777d853545791888e00d58781e66d77f214d4a4e7cbd89b3db00d590,2026-09-30T16:43:07Z,,0.1.0
KY_Fee__Oth2_New_20260101-20261231,KY,Kentucky,Fee,FEE,Oth2,New,New,2026-01-01,2026-12-31,,"Uniform dollar increase for eligible government-owned or operated ground ambulance services for rating periods covering January 1, 2026 through December 31, 2026, incorporated in the capitation rates through a separate payment term amount up to$32,564,448.",form_only_no_letter,minimal,,,,,,,,,,False,False,False,not read,,,,,https://www.medicaid.gov/medicaid/managed-care/downloads/KY_Fee__Oth2_New_20260101-20261231.pdf,6f52cd568069b4ce3edcf77d011037f11f86814732973fdf15259e87cb708daf,2026-09-30T16:43:10Z,,0.1.0
KY_VBP.Fee_IPH.OPH.AMC2_New_20250101-20251231,KY,Kentucky,VBP.Fee,FEE.VBP,IPH.OPH.AMC2,New,New,2025-01-01,2025-12-31,,"Uniform dollar increase and value-based payment established by the state for inpatient and outpatient hospital services and professional services at an academic medical center for the rating period covering January 1, 2025 through December 31, 2025, incorporated in the capitation rates through a separate payment term of up to $135,747,624.",form_only_no_letter,numbered,13574762400.0,135747624.0,"$135,747,624",10866903100.0,"$108,669,031",2716725800.0,"$27,167,258",,,True,False,False,,KY_VBP.Fee_IPH.OPH.AMC2_New_20250101-20251231,,,,https://www.medicaid.gov/medicaid/managed-care/downloads/KY_VBP.Fee_IPH.OPH.AMC2_New_20250101-20251231.pdf,9e92e63c14e8689d9768ab2e3429673a429f0c39e244a2e5807a202218ad28a2,2026-09-30T16:43:12Z,,0.1.0
KY_VBP.Fee_IPH.OPH.AMC2_Renewal_20260101-20261231,KY,Kentucky,VBP.Fee,FEE.VBP,IPH.OPH.AMC2,Renewal,Renewal,2026-01-01,2026-12-31,,"Quality payment and uniform dollar increase for inpatient hospital services, outpatient hospital services, and professional services at an academic medical center for the rating period covering January 1, 2026 through December 31, 2026, incorporated in the capitation rates through a separate payment term amount up to $135,747,624.",phase_down_determination,prose,,,,,,,,13574762400.0,separate_payment_term,False,False,False,not read,,,,,https://www.medicaid.gov/medicaid/managed-care/downloads/KY_VBP.Fee_IPH.OPH.AMC2_Renewal_20260101-20261231.pdf,8fc0739dfdf1e2d853b46cccc650f65cd0dfab9764c2a68e95ab18af97d2e175,2026-09-30T16:43:13Z,,0.1.0
LA-Fee-BHO-New-20230701-20240630,LA,Louisiana,Fee,FEE,BHO,New,New,2023-07-01,2024-06-30,,"Uniform increase for licensed mental health providers for the rating period covering July 1, 2023 through June 30, 2024, incorporated in the capitation rates through a separate payment term of up to $22,602,400.",approval,numbered,2260240000.0,22602400.0,"$22,602,400",1520689500.0,"$15,206,895",739550500.0,"$7,395,505",2260240000.0,separate_payment_term,True,False,False,,,,fields were hyphen separated,,https://www.medicaid.gov/medicaid/managed-care/downloads/la-fee-bho-new-20230701-20240630.pdf,5ed1fb760a16df91f0ee30fbd59edf4c4a8133268b891b00cf8d6995aabcf2ce,2026-09-30T16:43:14Z,,0.1.0
LA-Fee-OTH1-New-20230701-20240630,LA,Louisiana,Fee,FEE,OTH1,New,New,2023-07-01,2024-06-30,,"Uniform increase for non-emergency medical transport providers for the rating period covering July 1, 2023 through June 30, 2024, incorporated in the capitation rates through a separate payment term of up to $5,618,693.",approval,numbered,561869300.0,5618693.0,"5,618,693",378025700.0,"$3,780,257",183843600.0,"$1,838,436",561869300.0,separate_payment_term,False,True,False,no currency symbol or scale word; unit assumed,,,fields were hyphen separated,,https://www.medicaid.gov/medicaid/managed-care/downloads/la-fee-oth1-new-20230701-20240630.pdf,f44ea81bfc98e10ff7144f6400b3564c4d5296fc896c75fd57f876c09ac667b8,2026-09-30T16:43:16Z,,0.1.0
LA_Fee_AMC.PC.SP_New_20240701-20250630,LA,Louisiana,Fee,FEE,AMC.PC.SP,New,New,2024-07-01,2025-06-30,,"Uniform percentage increase for professional services at an academic medical center, primary care services, and specialty care services, for the rating period covering July 1,2024 through June 30, 2025, incorporated into capitation rates through a separate payment term of up to $1,243,115,716.",phase_down_determination,numbered,124311571600.0,1243115716.0,"$1,243,115,716",97638037700.0,"$976,380,377",26673533900.0,"$266,735,339",124311571600.0,separate_payment_term,True,False,False,,,,,,https://www.medicaid.gov/medicaid/managed-care/downloads/LA_Fee_AMC.PC.SP_New_20240701-20250630.pdf,8621d5f507fb664595285f646b37f9b9581dcf17b57609d1e166c5c07585ad96,2026-09-30T16:43:17Z,,0.1.0
LA_Fee_AMC.PC.SP_Renewal_20250701-20260630,LA,Louisiana,Fee,FEE,AMC.PC.SP,Renewal,Renewal,2025-07-01,2026-06-30,,"Uniform percentage increase for professional services at an academic medical center, primary services, and specialty care services, for the rating period covering July 1, 2025 through June 30, 2026, incorporated into the capitation rates through a separate payment term up to $1,181,727,644.",,,,,,,,,,,,False,False,False,,,,,,https://www.medicaid.gov/media/file/lafeeamcpcsprenewal20250701-20260630.pdf,,2026-09-30T16:25:50Z,medicaid.gov/robots.txt disallows /media/*,0.1.0
LA_Fee_BHO2_New_20240101-20241231,LA,Louisiana,Fee,FEE,BHO2,New,New,2024-01-01,2024-12-31,,"A uniform dollar increase for psychotherapy services that utilize dialectical behavior therapy (DBT) for behavioral health outpatient services for the rating period covering January 1, 2024 through December 31, 2024, incorporated in the capitation rates through a separate payment term of up to $3,440,000.",form_only_no_letter,numbered,344000000.0,3440000.0,"3,440,000",240000000.0,"2,400,000",104000000.0,"1,040,000",,,False,True,False,no currency symbol or scale word; unit assumed,,,,,https://www.medicaid.gov/medicaid/managed-care/downloads/LA_Fee_BHO2_New_20240101-20241231.pdf,27c272171ddd1df9a247a0b697cc89f49d78202367d966dcf09a11011c22ea90,2026-09-30T16:43:19Z,,0.1.0
LA_Fee_BHO2_Renewal_20250101-20251231,LA,Louisiana,Fee,FEE,BHO2,Renewal,Renewal,2025-01-01,2025-12-31,,"A uniform dollar increase for psychotherapy services that utilize dialectical behavior therapy (DBT) for behavioral health outpatient services for the rating period covering January 1, 2025 through December 31, 2025, incorporated in the capitation rates through a separate payment term of up to $172,000.",form_only_no_letter,numbered,17200000.0,172000.0,"$172,000",12000000.0,"$120,000",5200000.0,"$52,000",,,True,False,False,,,,,,https://www.medicaid.gov/medicaid/managed-care/downloads/LA_Fee_BHO2_Renewal_20250101-20251231.pdf,052b7ae8fab967458f7b08d69a963dd867eb342d9f70f0eb5ef7b6c9f1773fad,2026-09-30T16:43:20Z,,0.1.0
LA_Fee_BHO3_Renewal_20240701-20250630,LA,Louisiana,Fee,FEE,BHO3,Renewal,Renewal,2024-07-01,2025-06-30,,"A uniform dollar increase for psychotherapy services that utilize dialectical behavior therapy (DBT) for behavioral health outpatient services for the rating period covering July 1, 2024 through June 30, 2025, incorporated in the capitation rates through a separate payment term of up to $3,268,000.",form_only_no_letter,numbered,326800000.0,3268000.0,"3,268,000",228000000.0,"$2,280,000",98800000.0,"$988,000",,,False,True,False,no currency symbol or scale word; unit assumed,,,,,https://www.medicaid.gov/medicaid/managed-care/downloads/LA_Fee_BHO3_Renewal_20240701-20250630.pdf,8c3918dd67e93697a6a0d8e881cf6ac1eebd29025a5dbc7b143411cc0436b488,2026-09-30T16:43:22Z,,0.1.0
LA_Fee_BHO_Renewal_20240701-20250630,LA,Louisiana,Fee,FEE,BHO,Renewal,Renewal,2024-07-01,2025-06-30,,"Uniform increase for licensed mental health providers, and certain provisionally licensed mental health providers, who perform specific services for the rating period covering July 1, 2024 through June 30, 2025, incorporated into the capitation rates through a separate payment term up to $18,400,000.",form_only_no_letter,numbered,1840000000.0,18400000.0,"18,400,000",1250464000.0,"12,504,640",589536000.0,"5,895,360",,,False,True,False,no currency symbol or scale word; unit assumed,,,,,https://www.medicaid.gov/medicaid/managed-care/downloads/LA_Fee_BHO_Renewal_20240701-20250630.pdf,5f1d76e658af2cdd356ce439cb56686bb6008b9fa47ffb1ec0b5b0af5413b853,2026-09-30T16:43:23Z,,0.1.0
LA_Fee_HCBS2_Amend_20250701-20260630,LA,Louisiana,Fee,FEE,HCBS2,Amend,Amendment,2025-07-01,2026-06-30,,"Uniform dollar increase for pediatric home health nurses established by the state for home health services for the rating period, July 1, 2025 through June 30, 2026,incorporated into the capitation rates through a separate payment term up to $3,307,280.",form_only_no_letter,numbered,330728000.0,3307280.0,"$3,307,280",224531200.0,"$2,245,312",106196800.0,"$1,061,968",,,True,False,False,,,,,,https://www.medicaid.gov/medicaid/managed-care/downloads/LA_Fee_HCBS2_Amend_20250701-20260630.pdf,9c48c645a48ad841bfb725f5f009c3a54e469eef69bde2b5f32ccacfe202fe74,2026-09-30T16:43:24Z,,0.1.0
LA_Fee_HCBS2_New_20230701-20240630,LA,Louisiana,Fee,FEE,HCBS2,New,New,2023-07-01,2024-06-30,,Uniform dollar increase for pediatric home health nurses established by the state for,form_only_no_letter,numbered,330728000.0,3307280.0,"$3,307,280",165364000.0,"$1,653,640",165364000.0,"$1,653,640",,,True,False,False,,,,,,https://www.medicaid.gov/medicaid/managed-care/downloads/LA_Fee_HCBS2_New_20230701-20240630.pdf,a8a9be785bcdb6d3b7228ae5948500cb041dd2359612050e4419b7bca2902b49,2026-09-30T16:43:26Z,,0.1.0
LA_Fee_HCBS2_Renewal_20240701-20250630,LA,Louisiana,Fee,FEE,HCBS2,Renewal,Renewal,2024-07-01,2025-06-30,,"Uniform dollar increase for pediatric home health nurses established by the state for home health services for the rating period, July 1, 2024 through June 30, 2025, incorporated into the capitation rates through a separate payment term up to $3,307,280.",form_only_no_letter,numbered,330728000.0,3307280.0,"$3,307,280",165364000.0,"$1,653,640",165364000.0,"$1,653,640",,,True,False,False,,,,,,https://www.medicaid.gov/medicaid/managed-care/downloads/LA_Fee_HCBS2_Renewal_20240701-20250630.pdf,fedf18d589441441db0ca687bd47920e2b3fb197d33c31c6025d3dc4bdcff125,2026-09-30T16:43:27Z,,0.1.0
LA_Fee_HCBS2_Renewal_20250701-20260630,LA,Louisiana,Fee,FEE,HCBS2,Renewal,Renewal,2025-07-01,2026-06-30,,"Uniform dollar increase for pediatric home health nurses established by the state for home health services for the rating period, July 1, 2025 through June 30, 2026,incorporated into the capitation rates through a separate payment term up to $3,307,280.",phase_down_determination,numbered,330728000.0,3307280.0,"$3,307,280",165364000.0,"$1,653,640",165364000.0,"$1,653,640",330728000.0,separate_payment_term,True,False,False,,,,,,https://www.medicaid.gov/medicaid/managed-care/downloads/LA_Fee_HCBS2_Renewal_20250701-20260630.pdf,edfc0e9792d9c048fa6583e6d3e30b3b7e941daf11db2a77600edb65fa59ebbd,2026-09-30T16:43:28Z,,0.1.0
LA_Fee_IPH.OPH1_Renewal_20230701-20240630,LA,Louisiana,Fee,FEE,IPH.OPH1,Renewal,Renewal,2023-07-01,2024-06-30,,"A uniform percent increase for long-term acute care, psychiatric services, and rehabilitation services for both inpatient and outpatient hospital services for the rating period covering July 1, 2023 through June 30, 2024, incorporated in the capitation rates through a separate payment term of up to $64.5 million.",approval,numbered,6450000000.0,64500000.0,Total Federal and Non-Federal Share: $64.5 million,4880000000.0,$48.8M,1570000000.0,$15.7M,6450000000.0,separate_payment_term,True,False,False,,,,,,https://www.medicaid.gov/medicaid/managed-care/downloads/la-fee-iph.oph1-Renewal-20230701-20240630.pdf,fcb0d200087bf50f72a01d819e40ec9120dc0cb7273d4c7031a23a72d7e17861,2026-09-30T16:43:30Z,,0.1.0
LA_Fee_IPH.OPH1_Renewal_20240701-20250630,LA,Louisiana,Fee,FEE,IPH.OPH1,Renewal,Renewal,2024-07-01,2025-06-30,,"Uniform increase for inpatient and outpatient hospital services by eligible in-state hospital providers of long-term acute care, psychiatric services, and rehabilitation services for the rating period, July 1, 2024 through June 30, 2025, incorporated into the capitation rates through a separate payment term up to $54,400,000.",form_only_no_letter,numbered,5440000000.0,54400000.0,Total Federal and Non-Federal Share: $54.4M,4230000000.0,$42.3M,1210000000.0,$12.1M,,,True,False,False,,,,,,https://www.medicaid.gov/medicaid/managed-care/downloads/LA_Fee_IPH.OPH1_Renewal_20240701-20250630.pdf,137077fa49b746c0f87bfe2b35b8e6fa52acd4b7ca013d30a18b42788635a12d,2026-09-30T16:43:32Z,,0.1.0
LA_Fee_IPH.OPH1_Renewal_20250701-20260630,LA,Louisiana,Fee,FEE,IPH.OPH1,Renewal,Renewal,2025-07-01,2026-06-30,,"Uniform increase for inpatient and outpatient hospital services by eligible in-state hospital providers of long-term acute care, psychiatric services, and rehabilitation services for the rating period, July 1, 2025 through June 30, 2026, incorporated into the capitation rates through a separate payment term up to $61,455,431.",phase_down_determination,numbered,6145543100.0,61455431.0,"Total Federal and Non-Federal Share: $61,455,431",4802430600.0,"$48,024,306",1343112500.0,"$13,431,125",6145543100.0,separate_payment_term,True,False,False,,,,,,https://www.medicaid.gov/medicaid/managed-care/downloads/LA_Fee_IPH.OPH1_Renewal_20250701-20260630.pdf,ecf8876baf2389d37f8d5dd06fc8ef4db29b5d45ef68c55b8eb2ed5dd2206869,2026-09-30T16:43:34Z,,0.1.0
LA_Fee_IPH.OPH2_New_20250701-20260630,LA,Louisiana,Fee,FEE,IPH.OPH2,New,New,2025-07-01,2026-06-30,,"Uniform increase for in-state, rural providers of inpatient and outpatient hospital services, excluding freestanding psychiatric hospitals, freestanding rehabilitation hospitals, and long-term acute care hospitals, for the rating period, July 1, 2025 through June 30, 2026, incorporated into the capitation rates through a separate payment term up to$314,817,036.",phase_down_determination,numbered,31481703600.0,314817036.0,"Total Federal and Non-Federal Share: $314,817,036",24601356400.0,"$246,013,564",6880347200.0,"$68,803,472",31481703600.0,separate_payment_term,True,False,False,,,,,,https://www.medicaid.gov/medicaid/managed-care/downloads/LA_Fee_IPH.OPH2_New_20250701-20260630.pdf,7cd278f092e302dc72aae9fe515e0743e62dc9334d2427ed0b558e54bc3785e2,2026-09-30T16:43:36Z,,0.1.0
LA_Fee_IPH.OPH_Amend_20240701-20250630,LA,Louisiana,Fee,FEE,IPH.OPH,Amend,Amendment,2024-07-01,2025-06-30,,"Uniform increase for in-state providers of inpatient and outpatient hospital services, excluding freestanding psychiatric hospitals, freestanding rehabilitation hospitals, and long-term acute care hospitals for the rating period, July 1, 2024 through June 30, 2025, incorporated into the capitation rates through a separate payment term up to$2,806,800,000.",form_only_no_letter,numbered,113890000000.0,1138900000.0,"Total Federal and Non-Federal Share: IP $1,138.9M and OP $1,667.9M",218340000000.0,"$2,183.4M",62340000000.0,$623.4M,,,True,False,False,,,,,,https://www.medicaid.gov/medicaid/managed-care/downloads/LA_Fee_IPH.OPH_Amend_20240701-20250630.pdf,b7cf20ec67e5a0fd46d78a550b12f5138111223b7c073e72c7c3d3217e01535c,2026-09-30T16:43:37Z,,0.1.0
LA_Fee_IPH.OPH_Renewal_20230701-20240630,LA,Louisiana,Fee,FEE,IPH.OPH,Renewal,Renewal,2023-07-01,2024-06-30,,"A uniform percent increase for in-state providers of inpatient and outpatient hospital services (excluding freestanding psychiatric hospitals, freestanding rehabilitation hospitals, and long-term acute care hospitals) for the rating period covering July 1, 2023 through June 30, 2024, incorporated in the capitation rates through a separate payment term of up to $2,735.9 million.",approval,numbered,120380000000.0,1203800000.0,"Total Federal and Non-Federal Share: IP $1,203.8M and OP $1,532.1M",209520000000.0,"$2,095.2M",64070000000.0,$640.7M,273590000000.0,separate_payment_term,True,False,False,,,,,,https://www.medicaid.gov/medicaid/managed-care/downloads/la-fee-iph.oph-Renewal-20230701-20240630.pdf,d6f1dc3784006e88a8271ce2e32473ef9cc7656329372bc1727c4e2244363e53,2026-09-30T16:43:39Z,,0.1.0
LA_Fee_IPH.OPH_Renewal_20240701-20250630,LA,Louisiana,Fee,FEE,IPH.OPH,Renewal,Renewal,2024-07-01,2025-06-30,,"Uniform increase for in-state providers of inpatient and outpatient hospital services, excluding freestanding psychiatric hospitals, freestanding rehabilitation hospitals, and long-term acute care hospitals for the rating period, July 1, 2024 through June 30, 2025, incorporated into the capitation rates through a separate payment term up to $2,806,800,000.",form_only_no_letter,numbered,113890000000.0,1138900000.0,"Total Federal and Non-Federal Share: IP $1,138.9M and OP $1,667.9M",218340000000.0,"$2,183.4M",62340000000.0,$623.4M,,,True,False,False,,,,,,https://www.medicaid.gov/medicaid/managed-care/downloads/LA_Fee_IPH.OPH_Renewal_20240701-20250630.pdf,2bbf04339607d8ad9a2447532209e6bb0815f5038cf957f5662b0c0a27cb8fb2,2026-09-30T16:43:40Z,,0.1.0
LA_Fee_IPH.OPH_Renewal_20250701-20260630,LA,Louisiana,Fee,FEE,IPH.OPH,Renewal,Renewal,2025-07-01,2026-06-30,,"Uniform increase for in-state, non-rural providers of inpatient and outpatient hospital services, excluding freestanding psychiatric hospitals, freestanding rehabilitation hospitals, and long-term acute care hospitals, for the rating period, July 1, 2025 through June 30, 2026, incorporated into the capitation rates through a separate payment term up to $3,832,329,291.",phase_down_determination,numbered,383232929100.0,3832329291.0,"Total Federal and Non-Federal Share: $3,832,329,291",299304917600.0,"$2,993,049,176",83928011500.0,"$839,280,115",383232929100.0,separate_payment_term,True,False,False,,,,,,https://www.medicaid.gov/medicaid/managed-care/downloads/LA_Fee_IPH.OPH_Renewal_20250701-20260630.pdf,6732ffe05eef32b3d224c542191539831c7c0b8ff76d9b89ce98d7722999fb94,2026-09-30T16:43:41Z,,0.1.0
LA_Fee_OTH1_Amend_20230701-20240630,LA,Louisiana,Fee,FEE,OTH1,Amend,Amendment,2023-07-01,2024-06-30,,"Uniform increase for non-emergency medical transport providers for the rating period covering July 1, 2023 through June 30, 2024, incorporated in the capitation rates through a separate payment term of up to $2,800,584.",approval,numbered,280058400.0,2800584.0,"2,800,584",190803800.0,"$1,908,038",89254600.0,"$892,546",280058400.0,separate_payment_term,False,True,False,no currency symbol or scale word; unit assumed,,,,,https://www.medicaid.gov/medicaid/managed-care/downloads/la-fee-oth1-amend-20230701-20240630.pdf,ffad9dd13bf3a4c6ba503de214e65f0236e3f4d02a976e4544417879c4a3b75c,2026-09-30T16:43:43Z,,0.1.0
LA_Fee_Oth1_Renewal_20240701-20250630,LA,Louisiana,Fee,FEE,Oth1,Renewal,Renewal,2024-07-01,2025-06-30,,"Uniform increase for non-emergency medical transport providers for the rating period covering July 1, 2024 through June 30, 2025, incorporated in the capitation rates through a separate payment term of up to $2,800,584.",form_only_no_letter,numbered,280058400.0,2800584.0,"2,800,584",190803800.0,"$1,908,038",89254600.0,"$892,546",,,False,True,False,no currency symbol or scale word; unit assumed,,,,,https://www.medicaid.gov/medicaid/managed-care/downloads/LA_Fee_Oth1_Renewal_20240701-20250630.pdf,0aa73bb14c49be17ab8323bd2a6750c0a9361ec38252f0e89b6f95515e52f28e,2026-09-30T16:43:44Z,,0.1.0
LA_Fee_Oth1_Renewal_20250701-20260630,LA,Louisiana,Fee,FEE,Oth1,Renewal,Renewal,2025-07-01,2026-06-30,,"Uniform increase for non-emergency medical transport providers for the rating period covering July 1, 2025 through June 30, 2026, incorporated in the capitation rates through a separate payment term of up to $2,800,584.",phase_down_determination,numbered,280058400.0,2800584.0,"2,800,584",190803800.0,"$1,908,038",89254600.0,"$892,546",280058400.0,separate_payment_term,False,True,False,no currency symbol or scale word; unit assumed,,,,,https://www.medicaid.gov/medicaid/managed-care/downloads/LA_Fee_Oth1_Renewal_20250701-20260630.pdf,049969d5c434e40e3e0bdd2ae9de22db2477f76cd4898638de92ab10e619b8e4,2026-09-30T16:43:45Z,,0.1.0
LA_Fee_Oth1_Renewal_20260701-20270630,LA,Louisiana,Fee,FEE,Oth1,Renewal,Renewal,2026-07-01,2027-06-30,,"Uniform dollar increase for traditional, in-network non-emergency medical transportation (NEMT) providers, for the rating period covering July 1, 2026 through June 30, 2027, incorporated in the capitation rates through a separate payment term amount up to $2,259,096.",form_only_no_letter,prose,,,,,,,,,,False,False,False,not read,,,,,https://www.medicaid.gov/medicaid/managed-care/downloads/LA_Fee_Oth1_Renewal_20260701-20270630.pdf,1a3f1afefc7aee34daab615f4a6efedd6ea6b26b558f1da70f9f6924f0ddba93,2026-09-30T16:43:47Z,,0.1.0
LA_VBP.Fee_HCBS.BHO_Renewal_20240101-20241231,LA,Louisiana,VBP.Fee,FEE.VBP,HCBS.BHO,Renewal,Renewal,2024-01-01,2024-12-31,,"Fee schedule and value-based payment arrangement for behavioral health and home and community-based services providers for the rating period covering January 1, 2024through December 31, 2024.",form_only_no_letter,numbered,367804300.0,3678043.0,"3,678,043",249959800.0,"$2,499,598",117844500.0,"$1,178,445",,,False,True,False,no currency symbol or scale word; unit assumed,,,,,https://www.medicaid.gov/medicaid/managed-care/downloads/LA_VBP.Fee_HCBS.BHO_Renewal_20240101-20241231.pdf,c5f9dc3cb858ac12a4da91f82b778150853590ae6130133dea72b587c1c6f2d8,2026-09-30T16:43:48Z,,0.1.0
LA_VBP_D_Amend_20240701-20270630,LA,Louisiana,VBP,VBP,D,Amend,Amendment,2024-07-01,2027-06-30,,"Value based payment arrangement for general and pediatric dentists practicing in dental clinics, Federally Qualified Health Centers, and Rural Health Clinics and who are participating in the Medicaid dental program for the rating period covering July 1, 2024 through June 30, 2027, incorporated in the capitation rates through a separate payment term amount up to $36,600,000.",form_only_no_letter,prose,,,,,,,,,,False,False,False,not read,,,,,https://www.medicaid.gov/medicaid/managed-care/downloads/LA_VBP_D_Amend_20240701-20270630.pdf,9bbef01a009dd20769573624c165abfba8ad38f43aa448c86c0f42c3e9a35735,2026-09-30T16:43:49Z,,0.1.0
LA_VBP_D_New_20240701-20270630,LA,Louisiana,VBP,VBP,D,New,New,2024-07-01,2027-06-30,,"Value-based payment arrangement for general and pediatric dentists practicing in dental clinics, Federally Qualified Health Centers, and Rural Health Clinics and who are participating in the Medicaid dental program for the rating periods covering July 1, 2024through June 30, 2027, incorporated into the capitation rates through a separate payment term up to $36,600,000.",phase_down_determination,numbered,300.0,3.0,"3-Year Amount: $36,600,000; Year 1: $12,200,000; Year 2: $12,200,000; Year 3: $12,200,000",830332000.0,"$8,303,320 per year",389668000.0,"$3,896,680 per year",3660000000.0,separate_payment_term,False,True,False,no currency symbol or scale word; unit assumed,LA_VBP_D_New_20250101-20270630,filename says 'LA_VBP_D_New_20240701-20270630'; document says 'LA_VBP_D_New_20250101-20270630',,,https://www.medicaid.gov/medicaid/managed-care/downloads/LA_VBP_D_New_20240701-20270630.pdf,93b802c34cdc015136d1fd33d1d5c39c4267b966994e7f483ff7bc284fa198c9,2026-09-30T16:43:51Z,,0.1.0
MA_Fee_BHI2_Renewal_20230101-20230331,MA,Massachusetts,Fee,FEE,BHI2,Renewal,Renewal,2023-01-01,2023-03-31,,"Minimum fee schedule for psychiatric services for enrollees under the age of 21 with Autism Spectrum Disorder or Intellectual or Developmental Disability (ASD/IDD) for the rating period covering January 1, 2023 through March 31, 2023, incorporated in the capitation rates through a risk-based rate adjustment.",form_only_no_letter,numbered,167700.0,1677.0,"$1,677",67100.0,$671,100600.0,"$1,006",,,True,False,False,,,,,,https://www.medicaid.gov/medicaid/managed-care/downloads/MA_Fee_BHI2_Renewal_20230101-20230331.pdf,b2db4117a8963d4b827d69da73119e6634462903cf06a9033b4be7f351bf7075,2026-09-30T16:43:52Z,,0.1.0
MA_Fee_BHI2_Renewal_20230401-20230930,MA,Massachusetts,Fee,FEE,BHI2,Renewal,Renewal,2023-04-01,2023-09-30,,"Minimum fee schedule for psychiatric services for enrollees under the age of 21 with Autism Spectrum Disorder or Intellectual or Developmental Disability (ASD/IDD) for the rating period covering April 1, 2023 through December 31, 2023, incorporated in the capitation rates through a risk-based rate adjustment.",form_only_no_letter,numbered,242100.0,2421.0,"$2,421",145300.0,"$1,453",96800.0,$968,,,True,False,False,,,,,,https://www.medicaid.gov/medicaid/managed-care/downloads/MA_Fee_BHI2_Renewal_20230401-20230930.pdf,9328816d8774d7da12b100a47e1dafeff1f0e1ad6547a182303d03f60dd685a7,2026-09-30T16:43:53Z,,0.1.0
MA_Fee_BHI3_New_20230101-20230930,MA,Massachusetts,Fee,FEE,BHI3,New,New,2023-01-01,2023-09-30,,"Minimum fee schedule for psychiatric services for enrollees under the age of 21 with Autism Spectrum Disorder or Intellectual or Developmental Disability (ASD/IDD) for the rating period covering January 1, 2023 through September 30, 2023, provided by the state’s Prepaid Inpatient Health Plan (PIHP), incorporated in the capitation rates through a risk-based rate adjustment.",form_only_no_letter,numbered,2514500.0,25145.0,"$25,145",1508700.0,"$15,087",1005800.0,"$10,058",,,True,False,False,,,,,,https://www.medicaid.gov/medicaid/managed-care/downloads/MA_Fee_BHI3_New_20230101-20230930.pdf,1fdd4fe68e68d1b74cfe610d80d6d883ac336ce32743b2d96a75a8774a3a4d7c,2026-09-30T16:43:55Z,,0.1.0
MA_Fee_BHO.OTH2_Renewal_20250101-20251231,MA,Massachusetts,Fee,FEE,BHO.OTH2,Renewal,Renewal,2025-01-01,2025-12-31,,"Minimum Fee Schedule for behavioral health outpatient services including 24 hour diversionary substance use disorder services and behavioral health diversionary services for the rating period covering January 1, 2025 through December 31, 2025, incorporated in the capitation rates through a risk-based rate adjustment of up to $156,155,556.",form_only_no_letter,minimal,,,,,,,,,,False,False,False,not read,,,,,https://www.medicaid.gov/medicaid/managed-care/downloads/MA_Fee_BHO.Oth2_Renewal_20250101-2025123.pdf,c88c1e4cdb744709efc1c2254e8c1dc73f8b9fd1cadfe9430ec055dc571e1451,2026-09-30T16:43:57Z,,0.1.0
MA_Fee_BHO.Oth2_Renewal_20230101-20230331,MA,Massachusetts,Fee,FEE,BHO.Oth2,Renewal,Renewal,2023-01-01,2023-03-31,,"Minimum fee scheduled established by the State for outpatient behavioral health services and behavioral health diversionary services for the rating period covering January 1, 2023 through March 31, 2023, incorporated in the capitation rates through a risk-based rate adjustment.",form_only_no_letter,numbered,1434305000.0,14343050.0,"$14,343,050",860583000.0,"$8,605,830",573722000.0,"$5,737,220",,,True,False,False,,,,,,https://www.medicaid.gov/medicaid/managed-care/downloads/MA_Fee_BHO.Oth2_Renewal_20230101-20230331.pdf,84626f05e794112ae20372621fd5ef569622ef9260ffd77f86a9288606da70f5,2026-09-30T16:43:58Z,,0.1.0
MA_Fee_BHO.Oth2_Renewal_20230401-20231231,MA,Massachusetts,Fee,FEE,BHO.Oth2,Renewal,Renewal,2023-04-01,2023-12-31,,"Minimum fee scheduled established by the State for outpatient behavioral health services and behavioral health diversionary services for the rating period covering April 1, 2023through December 31, 2023, incorporated in the capitation rates through a risk-based rate adjustment.",form_only_no_letter,numbered,4856584900.0,48565849.0,"$48,565,849",2913950900.0,"$29,139,509",1942634000.0,"$19,426,340",,,True,False,False,,,,,,https://www.medicaid.gov/medicaid/managed-care/downloads/MA_Fee_BHO.Oth2_Renewal_20230401-20231231.pdf,9414a2da59a936809d32158ff6795f4191d1bc678bbec0f1fe661ae5753dd8d7,2026-09-30T16:43:59Z,,0.1.0
MA_Fee_BHO.Oth2_Renewal_20240101-20241231,MA,Massachusetts,Fee,FEE,BHO.Oth2,Renewal,Renewal,2024-01-01,2024-12-31,,"The minimum fee schedule for behavioral health outpatient services, 24 hour diversionary substance use disorder services and behavioral health diversionary services including the Program for Assertive Community Treatment (PACT), Recovery Coach (RC) and Recovery Support Navigator (RSN) Services, Community Based Acute Treatment (CBAT), Acute Treatment Services (ATS), Clinical Stabilization Services (CSS), and Residential Rehabilitation Services (RRS) for the rating period covering January 1, 2024 through December 31, 2024, incorporated into the capitation rates through a risk-based adjustment.",form_only_no_letter,numbered,16832991300.0,168329913.0,"$168,329,913",10099794800.0,"$100,997,948",6733196500.0,"$67,331,965",,,True,False,False,,,,,,https://www.medicaid.gov/medicaid/managed-care/downloads/MA_Fee_BHO.Oth2_Renewal_20240101-20241231.pdf,7ea8c8b0edf35a95a4133996c5c688de04b67bdbae05c39d41d974394933be7f,2026-09-30T16:44:01Z,,0.1.0
MA_Fee_BHO.Oth2_Renewal_20260101-20261231,MA,Massachusetts,Fee,FEE,BHO.Oth2,Renewal,Renewal,2026-01-01,2026-12-31,,"Minimum Fee Schedule for behavioral health outpatient services including 24 hour diversionary substance use disorder services and behavioral health diversionary services for the rating period covering January 1, 2026 through December 31, 2026, incorporated in the capitation rates through a risk-based rate adjustment.",form_only_no_letter,minimal,,,,,,,,,,False,False,False,not read,,,,,https://www.medicaid.gov/medicaid/managed-care/downloads/MA_Fee_BHO.Oth2_Renewal_20260101-20261231.pdf,122a42fd8145c8d8c1320a2e5e27e69f68dcfc940449f6a8f083d5a20845ec40,2026-09-30T16:44:02Z,,0.1.0
MA_Fee_BHO.Oth3_Renewal_20230101-20231231,MA,Massachusetts,Fee,FEE,BHO.Oth3,Renewal,Renewal,2023-01-01,2023-12-31,,"Minimum fee schedule established by the State for outpatient behavioral health services and behavioral health diversionary services for the rating period covering January 1, 2023 through December 31, 2023, provided by the MA Behavioral Health Partnership, Senior Care Options (SCO), or One Care plans, and incorporated in the capitation rates through a risk-based rate adjustment.",form_only_no_letter,numbered,4654635500.0,46546355.0,"$46,546,355",2792781300.0,"$27,927,813",1861854200.0,"$18,618,542",,,True,False,False,,,,,,https://www.medicaid.gov/medicaid/managed-care/downloads/MA_Fee_BHO.Oth3_Renewal_20230101-20231231.pdf,fd3cc55ff9473cd7b5893f682eb210cdc3c8426c53f68a27c07fcfd9525dcc2a,2026-09-30T16:44:03Z,,0.1.0
MA_Fee_BHO.Oth4_Renewal_20230101-20231231,MA,Massachusetts,Fee,FEE,BHO.Oth4,Renewal,Renewal,2023-01-01,2023-12-31,,"The uniform increase for behavioral health outpatient services and behavioral health diversionary services established by the state for the rating period covering January 1, 2023 through December 31, 2023, provided by the MA Behavioral Health Partnership, Senior Care Options (SCO), or One Care plans, incorporated into the capitation rates through a risk-based adjustment.",form_only_no_letter,numbered,3390603500.0,33906035.0,"$33,906,035",2034362100.0,"$20,343,621",1356241400.0,"$13,562,414",,,True,False,False,,,,,,https://www.medicaid.gov/medicaid/managed-care/downloads/MA_Fee_BHO.Oth4_Renewal_20230101-20231231.pdf,46c7fcf5ffe6838d2499c3ab529246ee2da7925c30d0020c2449ca2a16e31991,2026-09-30T16:44:05Z,,0.1.0
MA_Fee_BHO.Oth_Renewal_20230101-20230331,MA,Massachusetts,Fee,FEE,BHO.Oth,Renewal,Renewal,2023-01-01,2023-03-31,,"The uniform increase for behavioral health outpatient services and behavioral health diversionary services established by the state for the rating period covering January 1, 2023 through March 31, 2023, incorporated into the capitation rates through a risk-based adjustment.",approval,numbered,697725300.0,6977253.0,"$6,977,253",418635200.0,"$4,186,352",279090120.0,"$2,790,901.2",,,True,False,False,,,,,,https://www.medicaid.gov/medicaid/managed-care/downloads/ma-fee-bho-oth-renewal-20230101-20230331.pdf,4e5581b56f6a567c2ae056e4f7dc4e84f9c04c42bf6bb5bb6ab5857c14e03485,2026-09-30T16:44:06Z,,0.1.0
MA_Fee_BHO.Oth_Renewal_20230401-20231231,MA,Massachusetts,Fee,FEE,BHO.Oth,Renewal,Renewal,2023-04-01,2023-12-31,,"The uniform increase for behavioral health outpatient services and behavioral health diversionary services established by the state for the rating period covering April 1, 2023 through December 31, 2023, incorporated into the capitation rates through a risk-based adjustment.",form_only_no_letter,numbered,625624500.0,6256245.0,"$6,256,245",375374700.0,"$3,753,747",250249800.0,"$2,502,498",,,True,False,False,,,,,,https://www.medicaid.gov/medicaid/managed-care/downloads/MA_Fee_BHO.Oth_Renewal_20230401-20231231.pdf,9bd5caaa3b6e728a017ee7c8d691b3d71061f1ff6dc36c0ea7fddd7c89df45cf,2026-09-30T16:44:07Z,,0.1.0
MA_Fee_BHO2_Renewal_20230101-20230331,MA,Massachusetts,Fee,FEE,BHO2,Renewal,Renewal,2023-01-01,2023-03-31,,"Minimum Fee Schedule established by the State for the Program of Assertive Community Treatment (PACT) for the rating period covering January 1, 2023 through March 31, 2023, incorporated into the capitation rates through a risk-based adjustment.",approval,numbered,131098800.0,1310988.0,"$1,310,988",78659300.0,"$786,593",52439500.0,"$524,395",,,True,False,False,,,,,,https://www.medicaid.gov/medicaid/managed-care/downloads/MA_Fee_BHO2_Renewal_20230101-20230331.pdf,79955398f57fb8a76e07d1ae126189b0a45b5646ccfd6c7655ee21fc32f9010a,2026-09-30T16:44:09Z,,0.1.0
MA_Fee_BHO2_Renewal_20230401-20231231,MA,Massachusetts,Fee,FEE,BHO2,Renewal,Renewal,2023-04-01,2023-12-31,,"Minimum Fee Schedule established by the State for the Program of Assertive Community Treatment (PACT) for the rating period covering April 1, 2023 through December 31, 2023, incorporated into the capitation rates through a risk-based adjustment.",form_only_no_letter,numbered,4369800.0,43698.0,"$43,698",2621900.0,"$26,219",1747900.0,"$17,479",,,True,False,False,,,,,,https://www.medicaid.gov/medicaid/managed-care/downloads/MA_Fee_BHO2_Renewal_20230401-20231231.pdf,54438cc0e73465e76d3581c986371716ecf1374d7604d53e7d27b10534d956df,2026-09-30T16:44:10Z,,0.1.0
MA_Fee_BHO3_Renewal_20230101-20231231,MA,Massachusetts,Fee,FEE,BHO3,Renewal,Renewal,2023-01-01,2023-12-31,,"Uniform increase established by the State for Behavioral Health Urgent Care (BHUC) for the rating period covering January 1, 2023 through December 31, 2023, incorporated in the capitation rates through a risk-based rate adjustment.",form_only_no_letter,numbered,566822500.0,5668225.0,"$5,668,225",340093500.0,"$3,400,935",226729000.0,"$2,267,290",,,True,False,False,,,,,,https://www.medicaid.gov/medicaid/managed-care/downloads/MA_Fee_BHO3_Renewal_20230101-20231231.pdf,1235520c521b04521f6bf4922c2d67546f45af21c2b1140dfa33f1c4e0ae2b4f,2026-09-30T16:44:11Z,,0.1.0
MA_Fee_BHO3_Renewal_20250101-20251231,MA,Massachusetts,Fee,FEE,BHO3,Renewal,Renewal,2025-01-01,2025-12-31,,"Uniform increase established by the State for Behavioral Health Urgent Care (BHUC) for the rating period covering January 1, 2025 through December 31, 2025, incorporated in the capitation rates through a risk-based rate adjustment.",form_only_no_letter,minimal,,,,,,,,,,False,False,False,not read,,,,,https://www.medicaid.gov/medicaid/managed-care/downloads/MA_Fee_BHO3_Renewal_20250101-20251231.pdf,98cce74ef2b803b9054f723a57082deb7f61ecbc6d129c112759815f12d700d8,2026-09-30T16:44:13Z,,0.1.0
MA_Fee_BHO4_Renewal_20230101-20231231,MA,Massachusetts,Fee,FEE,BHO4,Renewal,Renewal,2023-01-01,2023-12-31,,"Minimum Fee Schedule established by the State for the Program of Assertive Community Treatment (PACT) for the rating period covering January 1, 2023 through December 31, 2023, incorporated in the capitation rates through a risk-based rate adjustment.",form_only_no_letter,numbered,9973900.0,99739.0,"$99,739",5984300.0,"$59,843",3989600.0,"$39,896",,,True,False,False,,,,,,https://www.medicaid.gov/medicaid/managed-care/downloads/MA_Fee_BHO4_Renewal_20230101-20231231.pdf,6128324f6295f201af2f548e67cf91a48fda0234390ca8096de420538713053b,2026-09-30T16:44:14Z,,0.1.0
MA_Fee_BHO_Renewal_20230101-20230331,MA,Massachusetts,Fee,FEE,BHO,Renewal,Renewal,2023-01-01,2023-03-31,,"Uniform increase established by the State for Behavioral Health Urgent Care (BHUC) for the rating period covering January 1, 2023 through March 31, 2023, incorporated in the capitation rates through a risk-based rate adjustment.",form_only_no_letter,numbered,385507600.0,3855076.0,"$3,855,076",231304500.0,"2,313,045",154203000.0,"1,542,030",,,True,False,False,,,,,,https://www.medicaid.gov/medicaid/managed-care/downloads/MA_Fee_BHO_Renewal_20230101-20230331.pdf,608a65b44413ef2532ead487dc204bd27946c9b0fc54511b8323fb22f3946789,2026-09-30T16:44:15Z,,0.1.0
MA_Fee_BHO_Renewal_20230401-20231231,MA,Massachusetts,Fee,FEE,BHO,Renewal,Renewal,2023-04-01,2023-12-31,,"Uniform increase established by the State for Behavioral Health Urgent Care (BHUC) for the rating period covering April 1, 2023 through December 31, 2023, incorporated in the capitation rates through a risk-based rate adjustment.",form_only_no_letter,numbered,793453700.0,7934537.0,"$7,934,537",476072200.0,"$4,760,722",317381400.0,"$3,173,814",,,True,False,False,,,,,,https://www.medicaid.gov/medicaid/managed-care/downloads/MA_Fee_BHO_Renewal_20230401-20231231.pdf,a1e63d09aba3088fc1ff84a0c12fa68dc78ecd1a2645c2ef0c6b11f36ae98deb,2026-09-30T16:44:17Z,,0.1.0
MA_Fee_BHO_Renewal_20240101-20241231,MA,Massachusetts,Fee,FEE,BHO,Renewal,Renewal,2024-01-01,2024-12-31,,"Uniform increase established by the State for Behavioral Health Urgent Care (BHUC) for the rating period covering January 1, 2024 through December 31, 2024, incorporated in the capitation rates through a risk-based rate adjustment.",form_only_no_letter,numbered,1320794000.0,13207940.0,"$13,207,940",792476400.0,"$7,924,764",528317600.0,"$5,283,176",,,True,False,False,,,,,,https://www.medicaid.gov/medicaid/managed-care/downloads/MA_Fee_BHO_Renewal_20240101-20241231.pdf,bbe8a80e395bac6484820ee28f2f613d5aaae5b56ba8eeb69a3bcc11a311d821,2026-09-30T16:44:18Z,,0.1.0
MA_Fee_HCBS1_Renewal_20220101-20221231,MA,Massachusetts,Fee,FEE,HCBS1,Renewal,Renewal,2022-01-01,2022-12-31,,"Uniform increase established by the state for certain Home Health Aide, Homemaker, and Personal Care providers (excepting Personal Care providers providing services through the self-directed Personal Care Attendant Program) for the rating period covering January 1, 2022 through December 31, 2022.",form_only_no_letter,numbered,1694894000.0,16948940.0,"$16,948,940",952530400.0,"$9,525,304",742363600.0,"$7,423,636",,,True,False,False,,,,,,https://www.medicaid.gov/medicaid/managed-care/downloads/MA_Fee_HCBS1_Renewal_20220101-20221231.pdf,d13b59b2145c3fd8bfb7e0cbf76379fa31187048b56f01ead25be460ca7a886f,2026-09-30T16:44:19Z,,0.1.0
MA_Fee_HCBS1_Renewal_20230101-20231231,MA,Massachusetts,Fee,FEE,HCBS1,Renewal,Renewal,2023-01-01,2023-12-31,,"Uniform increase established by the state for certain Home Health Aide, Homemaker, and Personal Care providers (excepting Personal Care providers providing services through the self-directed Personal Care Attendant Program) for the rating period covering January 1, 2023 through December 31, 2023.",form_only_no_letter,numbered,933124300.0,9331243.0,"$9,331,243",466562150.0,"$4,665,621.50",466562150.0,"$4,665,621.50",,,True,False,False,,,,,,https://www.medicaid.gov/medicaid/managed-care/downloads/MA_Fee_HCBS1_Renewal_20230101-20231231.pdf,a10972fbc58300005acc0456fa36aa176b6ac5fd6d47c029ad5d42ce675cc191,2026-09-30T16:44:21Z,,0.1.0
MA_Fee_HCBS2_Renewal_20230101-20231231,MA,Massachusetts,Fee,FEE,HCBS2,Renewal,Renewal,2023-01-01,2023-12-31,,"Uniform increase established by the state for eligible home and community-based service (HCBS) providers for the rating period covering January 1, 2023 through December 31, 2023, incorporated in the capitation rates through a risk-based rate adjustment.",form_only_no_letter,numbered,2915200.0,29152.0,"$29,152, 338",1457616900.0,"$14,576,169",1457616900.0,"$14,576,169",,,True,False,False,,,,,,https://www.medicaid.gov/medicaid/managed-care/downloads/MA_Fee_HCBS2_Renewal_20230101-20231231.pdf,ca2866642402a85b204d74feb84cfb116f507d89b11bbd1f01022df36d1a3073,2026-09-30T16:44:22Z,,0.1.0
MA_Fee_HCBS3_Renewal_20220101-20221231,MA,Massachusetts,Fee,FEE,HCBS3,Renewal,Renewal,2022-01-01,2022-12-31,,"Uniform increase established by the state for eligible home and community-based service (HCBS) providers for the rating period covering January 1, 2022 through December 31, 2022, incorporated in the capitation rates through a risk-based rate adjustment.",form_only_no_letter,numbered,1180000000.0,11800000.0,$11.8 million,660000000.0,$6.6 million,520000000.0,$5.2 million,,,True,False,False,,,,,,https://www.medicaid.gov/medicaid/managed-care/downloads/MA_Fee_HCBS3_Renewal_20220101-20221231.pdf,d90f40e5ce39ff1b591a8dbaa4ece1ce1ea570805509a6a9bf8ee34f40fc7c83,2026-09-30T16:44:23Z,,0.1.0
MA_Fee_HCBS3_Renewal_20230101-20230331,MA,Massachusetts,Fee,FEE,HCBS3,Renewal,Renewal,2023-01-01,2023-03-31,,"Uniform increase established by the state for eligible home and community-based service (HCBS) providers for the rating period covering January 1, 2023 through March 31, 2023, incorporated in the capitation rates through a risk-based rate adjustment.",form_only_no_letter,numbered,410000000.0,4100000.0,$4.1 million,230000000.0,$2.3 million,180000000.0,$1.8 million,,,True,False,False,,,,,,https://www.medicaid.gov/medicaid/managed-care/downloads/MA_Fee_HCBS3_Renewal_20230101-20230331.pdf,0dc5d217add9777b1e0f50eddb83606d287175534e9b931f8bc88996a6b7e5f7,2026-09-30T16:44:24Z,,0.1.0
MA_Fee_HCBS3_Renewal_20230401-20231231,MA,Massachusetts,Fee,FEE,HCBS3,Renewal,Renewal,2023-04-01,2023-12-31,,"Uniform increase established by the state for eligible home and community-based service (HCBS) providers for the rating period covering April 1, 2023 through December 31, 2023, incorporated in the capitation rates through a risk-based rate adjustment.",form_only_no_letter,numbered,183000000.0,1830000.0,$1.83 million,96885900.0,"$968,859",85917700.0,"$859,177",,,True,False,False,,,,,,https://www.medicaid.gov/medicaid/managed-care/downloads/MA_Fee_HCBS3_Renewal_20230401-20231231.pdf,5699e4148e352439b98a099b45587341832f22c6790f3f554a67c2414d288695,2026-09-30T16:44:26Z,,0.1.0
MA_Fee_IPH.OPH2_Renewal_20220101-20221231,MA,Massachusetts,Fee,FEE,IPH.OPH2,Renewal,Renewal,2022-01-01,2022-12-31,,"Minimum Fee Schedule and Maximum Fee Schedule for inpatient hospital discharges from freestanding pediatric hospitals with a MassHealth DRG weight of 3.0 or greater and hospitals with a pediatric specialty unit with a MassHealth DRG weight of 3.0 or greater, using an approved State plan fee schedule for the rating period covering January1, 2022 – December 31, 2022.",form_only_no_letter,numbered,,,N/A - This directed payment does not result in additional funding.,,,,,,,False,False,False,no number in the field,,,,,https://www.medicaid.gov/medicaid/managed-care/downloads/MA_Fee_IPH.OPH2_Renewal_20220101-20221231.pdf,36180d2073cb4135bbdf2eb0a55d6e34df06835d97d5518ab0e80350b7b0ea2e,2026-09-30T16:44:27Z,,0.1.0
MA_Fee_IPH.OPH3_Renewal_20220101-20221231,MA,Massachusetts,Fee,FEE,IPH.OPH3,Renewal,Renewal,2022-01-01,2022-12-31,,"Maximum Fee Schedule for MassHealth contracted acute hospitals (except for specialty cancer hospitals, freestanding pediatric hospitals for an inpatient discharge with a MassHealth DRG Weight of 3 or greater, and the acute hospital with a pediatric specialty unit for enrollees under the age of 21 at the time of admission for an inpatient discharge with a MassHealth DRG Weight of 3 or greater) for the rating period covering January 1, 2022 through December 31, 2022, incorporated in the capitation rates through a risk- based rate adjustment.",form_only_no_letter,numbered,,,N/A - This directed payment does not result in additional funding.,,,,,,,False,False,False,no number in the field,,,,,https://www.medicaid.gov/medicaid/managed-care/downloads/MA_Fee_IPH.OPH3_Renewal_20220101-20221231.pdf,a64fad18c5aabc627e590555febf5153006137c60ffa3aaf4a36c156b24b3519,2026-09-30T16:44:29Z,,0.1.0
MA_Fee_IPH.OPH3_Renewal_20230101-20230331,MA,Massachusetts,Fee,FEE,IPH.OPH3,Renewal,Renewal,2023-01-01,2023-03-31,,"Maximum Fee Schedule for MassHealth contracted acute hospitals (except for specialty cancer hospitals, freestanding pediatric hospitals for an inpatient discharge with a MassHealth DRG Weight of 3 or greater, and the acute hospital with a pediatric specialty unit for enrollees under the age of 21 at the time of admission for an inpatient discharge with a MassHealth DRG Weight of 3 or greater) for the rating period covering January 1, 2023 through March 31, 2023, incorporated in the capitation rates through a risk-based rate adjustment.",form_only_no_letter,numbered,,,N/A - This directed payment does not result in additional funding.,,,,,,,False,False,False,no number in the field,,,,,https://www.medicaid.gov/medicaid/managed-care/downloads/MA_Fee_IPH.OPH3_Renewal_20230101-20230331.pdf,fd535d49dbaf343b877caff76137497eace36c0c02d9c54b7c5750ec109c4e5e,2026-09-30T16:44:30Z,,0.1.0
MA_Fee_IPH.OPH3_Renewal_20230401-20231231,MA,Massachusetts,Fee,FEE,IPH.OPH3,Renewal,Renewal,2023-04-01,2023-12-31,,"Maximum Fee Schedule for MassHealth contracted acute hospitals (except for specialty cancer hospitals, freestanding pediatric hospitals for an inpatient discharge with a MassHealth DRG Weight of 3 or greater, and the acute hospital with a pediatric specialty unit for enrollees under the age of 21 at the time of admission for an inpatient discharge with a MassHealth DRG Weight of 3 or greater) for the rating period covering April 1,2023 through December 31, 2023, incorporated in the capitation rates through a risk-based rate adjustment.",form_only_no_letter,numbered,,,N/A - This directed payment does not result in additional funding.,,,,,,,False,False,False,no number in the field,,,,,https://www.medicaid.gov/medicaid/managed-care/downloads/MA_Fee_IPH.OPH3_Renewal_20230401-20231231.pdf,9cc4a2ae78feaef8a632c7574f1cbb97a050cdd31cad0c6b0f4a3b329584f1e2,2026-09-30T16:44:31Z,,0.1.0
MA_Fee_IPH.OPH3_Renewal_20240101-20241231,MA,Massachusetts,Fee,FEE,IPH.OPH3,Renewal,Renewal,2024-01-01,2024-12-31,,"Maximum Fee Schedule for MassHealth contracted acute hospitals (except for specialty cancer hospitals, freestanding pediatric hospitals for an inpatient discharge with a MassHealth DRG Weight of 3 or greater) for the rating period covering January 1, 2024 through December 31, 2024, incorporated in the capitation rates through a risk-based rate adjustment.",form_only_no_letter,numbered,,,N/A - This directed payment does not result in additional funding.,,,,,,,False,False,False,no number in the field,,,,,https://www.medicaid.gov/medicaid/managed-care/downloads/MA_Fee_IPH.OPH3_Renewal_20240101-20241231.pdf,ad14994cff74f8fc0afe86999298bd7fe6f40d5c9c6f2a70d0d66f3070819391,2026-09-30T16:44:32Z,,0.1.0
MA_Fee_IPH.OPH3_Renewal_20250101-20251231,MA,Massachusetts,Fee,FEE,IPH.OPH3,Renewal,Renewal,2025-01-01,2025-12-31,,"Maximum Fee Schedule for MassHealth contracted acute hospitals (except for specialty cancer hospitals and freestanding pediatric hospitals for an inpatient discharge with a MassHealth DRG Weight of 3 or greater) for the rating period covering January 1, 2025 through December 31, 2025, incorporated in the capitation rates through a risk-based rate adjustment.",form_only_no_letter,numbered,,,N/A - This directed payment does not result in additional funding.,,,,,,,False,False,False,no number in the field,,,,,https://www.medicaid.gov/medicaid/managed-care/downloads/MA_Fee_IPH.OPH3_Renewal_20250101-20251231.pdf,f905d94f8386edceacd65b4894f961010e5a7a78d18935fea7ecfd62e5172e0a,2026-09-30T16:44:34Z,,0.1.0
MA_Fee_IPH.OPH3_Renewal_20260101-20261231,MA,Massachusetts,Fee,FEE,IPH.OPH3,Renewal,Renewal,2026-01-01,2026-12-31,,"Maximum Fee Schedule for MassHealth contracted acute hospitals (except for specialty cancer hospitals and freestanding pediatric hospitals for an inpatient discharge with a MassHealth DRG Weight of 3 or greater) for the rating period covering January 1, 2026, through December 31, 2026, incorporated in the capitation rates through a risk-based rate adjustment.",phase_down_determination,prose,,,,,,,,0.0,total_dollar_amount,False,False,False,not read,,,,,https://www.medicaid.gov/medicaid/managed-care/downloads/MA_Fee_IPH.OPH3_Renewal_20260101-20261231.pdf,7a9b838452f300de091523124ef5c930ffe1cccbb6c453a50adb650ee7eef492,2026-09-30T16:44:35Z,,0.1.0
MA_Fee_IPH.OPH4_New_20230101-20231231,MA,Massachusetts,Fee,FEE,IPH.OPH4,New,New,2023-01-01,2023-12-31,,"Uniform increase established by the state for eligible inpatient hospital services for the rating period covering January 1, 2023 through December 31, 2023, incorporated into the capitation rates for the Managed Behavioral Health Vendor through a separate payment term of up to $4,601,248.",form_only_no_letter,numbered,460124800.0,4601248.0,"$4,601,248",269382200.0,"$2,693,822",190742600.0,"$1,907,426",,,True,False,False,,,,,,https://www.medicaid.gov/medicaid/managed-care/downloads/MA_Fee_IPH.OPH4_New_20230101-20231231.pdf,b193e7bf1edea9b7bd312891eff8c505a317f20e854fc35f58abc817bb8adf52,2026-09-30T16:44:36Z,,0.1.0
MA_Fee_IPH.OPH_Amend_20240101-20241231,MA,Massachusetts,Fee,FEE,IPH.OPH,Amend,Amendment,2024-01-01,2024-12-31,,"Uniform increase established by the state for eligible inpatient and outpatient hospital services for the rating period covering January 1, 2024 through December 31, 2024, incorporated into the capitation rates through a separate payment term of up to $600,000,000.",form_only_no_letter,numbered,60000000000.0,600000000.0,"$ 600,000,000",36000000000.0,"$ 360,000,000",24000000000.0,"$ 240,000,000",,,True,False,False,,,,,,https://www.medicaid.gov/medicaid/managed-care/downloads/MA_Fee_IPH.OPH_Amend_20240101-20241231.pdf,84e910ccaf449cc9cb4119a9c63640a1475493b954b35bfede6a7f5f0e4bd419,2026-09-30T16:44:38Z,,0.1.0
MA_Fee_IPH.OPH_Renewal_20230101-20230331,MA,Massachusetts,Fee,FEE,IPH.OPH,Renewal,Renewal,2023-01-01,2023-03-31,,"Uniform increase established by the state for eligible inpatient and outpatient hospital services for the rating period covering January 1, 2023 through March 31, 2023, incorporated in the capitation rates through a risk-based rate adjustment.",form_only_no_letter,numbered,5000048000.0,50000480.0,"$50,000,480",2927300800.0,"$29,273,008",2072747200.0,"$20,727,472",,,True,False,False,,,,,,https://www.medicaid.gov/medicaid/managed-care/downloads/MA_Fee_IPH.OPH_Renewal_20230101-20230331.pdf,764bbd63cfe9598dbcd9f0d713942b7bde872a121fb4e0ac957e1d2f46314489,2026-09-30T16:44:39Z,,0.1.0
MA_Fee_IPH.OPH_Renewal_20230401-20231231,MA,Massachusetts,Fee,FEE,IPH.OPH,Renewal,Renewal,2023-04-01,2023-12-31,,"Uniform increase established by the state for eligible inpatient and outpatient hospital services for the rating period covering April 1, 2023 through December 31, 2023, incorporated into the capitation rates through a separate payment term up to $181,924,825.",form_only_no_letter,numbered,18192482500.0,181924825.0,"$181,924,825",10650871500.0,"$106,508,715",7541610800.0,"$75,416,108",,,True,False,False,,,,,,https://www.medicaid.gov/medicaid/managed-care/downloads/MA_Fee_IPH.OPH_Renewal_20230401-20231231.pdf,3530e19b7fd73bb4b53f09bbeec4fcf926e542ba10d195af64c66a7084b78ed9,2026-09-30T16:44:40Z,,0.1.0
MA_Fee_IPH.OPH_Renewal_20240101-20241231,MA,Massachusetts,Fee,FEE,IPH.OPH,Renewal,Renewal,2024-01-01,2024-12-31,,"Uniform increase established by the state for eligible inpatient and outpatient hospital services for the rating period covering January 1, 2024 through December 31, 2024,incorporated into the capitation rates through a separate payment term of up to$411,000,000.",form_only_no_letter,numbered,41100000000.0,411000000.0,"$ 411,000,000",24660000000.0,"$ 246,600,000",16440000000.0,"$ 164,400,000",,,True,False,False,,,,,,https://www.medicaid.gov/medicaid/managed-care/downloads/MA_Fee_IPH.OPH_Renewal_20240101-20241231.pdf,b5e317f7bdf148cf03110ca0c9e7fef7a7d0c127fea431d41e7c66c37b8f1d84,2026-09-30T16:44:42Z,,0.1.0
MA_Fee_IPH.OPH_Renewal_20250101-20251231,MA,Massachusetts,Fee,FEE,IPH.OPH,Renewal,Renewal,2025-01-01,2025-12-31,,"Uniform increase established by the state for inpatient and outpatient hospital services that are eligible for the Hospital Rate Add-On for the rating period covering January 1, 2025 through December 31, 2025, incorporated into the capitation rates through a separate payment term up to $1,024,000,000.",phase_down_determination,prose,,,,,,,,102400000000.0,separate_payment_term,False,False,False,not read,,,,,https://www.medicaid.gov/medicaid/managed-care/downloads/MA_Fee_IPH.OPH_Renewal_20250101-20251231.pdf,72163379a61c2a6cd2928e075262a662bef5d34369b31cac766442f642533d10,2026-09-30T16:44:43Z,,0.1.0
MA_Fee_IPH_Renewal_20230101-20230331,MA,Massachusetts,Fee,FEE,IPH,Renewal,Renewal,2023-01-01,2023-03-31,,"Minimum Fee Schedule and Maximum Fee Schedule for inpatient hospital discharges from freestanding pediatric hospitals with a MassHealth DRG weight of 3.0 or greater and hospitals with a pediatric specialty unit with a MassHealth DRG weight of 3.0 or greater, using an approved State plan fee schedule for the rating period covering January1, 2023 – March 31, 2023.",form_only_no_letter,numbered,,,N/A - This directed payment does not result in additional funding.,,,,,,,False,False,False,no number in the field,,,,,https://www.medicaid.gov/medicaid/managed-care/downloads/MA_Fee_IPH_Renewal_20230101-20230331.pdf,08a4e73cd8e43721990482cd2b34d835b816b7f9b369afadf204351d48b61494,2026-09-30T16:44:45Z,,0.1.0
MA_Fee_IPH_Renewal_20230401-20231231,MA,No state,Fee,FEE,IPH,Renewal,Renewal,2023-04-01,2023-12-31,,"Minimum Fee Schedule and Maximum Fee Schedule for inpatient hospital discharges from freestanding pediatric hospitals with a MassHealth DRG weight of 3.0 or greater and hospitals with a pediatric specialty unit with a MassHealth DRG weight of 3.0 or greater, using an approved State plan fee schedule for the rating period covering April 1,2023 – December 31, 2023.",form_only_no_letter,numbered,,,N/A - This directed payment does not result in additional funding.,,,,,,,False,False,False,no number in the field,,,,,https://www.medicaid.gov/medicaid/managed-care/downloads/MA_Fee_IPH_Renewal_20230401-20231231.pdf,107ee7b89e7ef803a81dd39bb866a2d108a6352d7b9e66795d6d5a2fbdfd78da,2026-09-30T16:44:46Z,,0.1.0
MA_Fee_IPH_Renewal_20240101-20241231,MA,Massachusetts,Fee,FEE,IPH,Renewal,Renewal,2024-01-01,2024-12-31,,"Minimum Fee Schedule and Maximum Fee Schedule for inpatient hospital discharges from freestanding pediatric hospitals with a MassHealth DRG weight of 3.0 or greater and hospitals with a pediatric specialty unit with a MassHealth DRG weight of 3.0 or greater, using an approved State plan fee schedule for the rating period covering January 1, 2024 – December 31, 2024.",form_only_no_letter,numbered,,,N/A - This directed payment does not result in additional funding.,,,,,,,False,False,False,no number in the field,,,,,https://www.medicaid.gov/medicaid/managed-care/downloads/MA_Fee_IPH_Renewal_20240101-20241231.pdf,97e92f1204742e36dcd844bf47e30f06efbc2970e5c4b9d8349a227ebd5fcec0,2026-09-30T16:44:47Z,,0.1.0
MA_Fee_IPH_Renewal_20250101-20251231,MA,Massachusetts,Fee,FEE,IPH,Renewal,Renewal,2025-01-01,2025-12-31,,"Minimum Fee Schedule and Maximum Fee Schedule for inpatient hospital discharges from freestanding pediatric hospitals with a MassHealth DRG weight of 3.0 or greater and hospitals with a pediatric specialty unit with a MassHealth DRG weight of 3.0 or greater, using an approved State plan fee schedule for the rating period covering January 1, 2025 – December 31, 2025.",phase_down_determination,numbered,,,N/A - this directed payment does not result in additional funding.,,,,,,,False,False,False,no number in the field,,,,,https://www.medicaid.gov/medicaid/managed-care/downloads/MA_Fee_IPH_Renewal_20250101-20251231.pdf,85b7be759f76766e34cf6ec66803df3d389b46b69d9397fddaaf83517cc4e024,2026-09-30T16:44:49Z,,0.1.0
MA_Fee_IPH_Renewal_20260101-20261231,MA,Massachusetts,Fee,FEE,IPH,Renewal,Renewal,2026-01-01,2026-12-31,,"Minimum Fee Schedule and Maximum Fee Schedule for inpatient hospital discharges from freestanding pediatric hospitals, using an approved State plan fee schedule for the rating period covering January 1, 2026 – December 31, 2026.",phase_down_determination,prose,,,,,,,,0.0,total_dollar_amount,False,False,False,not read,,,,,https://www.medicaid.gov/medicaid/managed-care/downloads/MA_Fee_IPH_Renewal_20260101-20261231.pdf,d74bd45f5594352fc3666b78464bf29f087d654f8e8c23bd1371d27a45bb754b,2026-09-30T16:44:50Z,,0.1.0
MA_Fee_Oth2_Renewal_20230101-20231231,MA,Massachusetts,Fee,FEE,Oth2,Renewal,Renewal,2023-01-01,2023-12-31,,"The minimum fee schedule for Acute Treatment Services (ATS) and Clinical Support Services (CSS) (which may include individualized treatment services in a specialized setting), and Residential Rehabilitation Services (RRS) services established by the state for the rating period covering January 1, 2023 through December 31, 2023, incorporated into the capitation rates through a risk-based adjustment.",form_only_no_letter,numbered,2132162800.0,21321628.0,"$21,321,628",1500000000.0,$15M,600000000.0,$6M,,,True,False,False,,,,,,https://www.medicaid.gov/medicaid/managed-care/downloads/MA_Fee_Oth2_Renewal_20230101-20231231.pdf,36bdf964edc4d7b3cc2b656a080281f886a110ca6ff4b3956caf75f977cc6024,2026-09-30T16:44:53Z,,0.1.0
MA_Fee_Oth_Renewal_20220101-20221231,MA,Massachusetts,Fee,FEE,Oth,Renewal,Renewal,2022-01-01,2022-12-31,,"The minimum fee schedule for Acute Treatment Services (ATS) and Clinical Support Services (CSS) (which may include individualized treatment services in a specialized setting), and Residential Rehabilitation Services (RRS) services established by the state for the rating period covering January 1, 2022 through December 31, 2022, incorporated into the capitation rates through a risk-based adjustment.",approval,numbered,7659943000.0,76599430.0,"$76,599,430",5515159000.0,"$55,151,590",2144784000.0,"$21,447,840",,,True,False,False,,,,,,https://www.medicaid.gov/medicaid/managed-care/downloads/ma-fee-oth-renewal-20220101-20221231.pdf,06c751a97a3f4aad211b42dfbbab28d5f1bde4de237f503d73e67d8b031026a1,2026-09-30T16:44:56Z,,0.1.0
MA_Fee_Oth_Renewal_20230101-20230331,MA,Massachusetts,Fee,FEE,Oth,Renewal,Renewal,2023-01-01,2023-03-31,,"The minimum fee schedule for Acute Treatment Services (ATS) and Clinical Support Services (CSS) (which may include individualized treatment services in a specialized setting), and Residential Rehabilitation Services (RRS) services established by the state for the rating period covering January 1, 2023 through March 31, 2023, incorporated into the capitation rates through a risk-based adjustment.",form_only_no_letter,numbered,2400000000.0,24000000.0,$24M,1726618700.0,"$17,266,187",670000000.0,$6.7M,,,True,False,False,,,,,,https://www.medicaid.gov/medicaid/managed-care/downloads/MA_Fee_Oth_Renewal_20230101-20230331.pdf,366da92df7497cdb346d59b90950d6efef9696bf2c58682a6f39c16d6841a370,2026-09-30T16:44:59Z,,0.1.0
MA_Fee_Oth_Renewal_20230401-20231231,MA,Massachusetts,Fee,FEE,Oth,Renewal,Renewal,2023-04-01,2023-12-31,,"The minimum fee schedule for Acute Treatment Services (ATS) and Clinical Support Services (CSS) (which may include individualized treatment services in a specialized setting), and Residential Rehabilitation Services (RRS) services established by the state for the rating period covering April 1, 2023 through December 31, 2023, incorporated into the capitation rates through a risk-based adjustment.",form_only_no_letter,numbered,10661151300.0,106611513.0,"$106,611,513",7669893000.0,"$76,698,930",2986316800.0,"$29,863,168",,,True,False,False,,,,,,https://www.medicaid.gov/medicaid/managed-care/downloads/MA_Fee_Oth_Renewal_20230401-20231231.pdf,a29cdcc7472d39e4c220d323c104e52f009f65f2c69e765aa48d3f4de11c7b42,2026-09-30T16:45:03Z,,0.1.0
MA_VBP_BHI.BHO.IPH.OPH_Renewal_20250101-20271231,MA,Massachusetts,VBP,VBP,BHI.BHO.IPH.OPH,Renewal,Renewal,2025-01-01,2027-12-31,,"Performance improvement initiative for the Clinical Quality Incentive for the rating periods covering January 1, 2025 through December 31, 2027, incorporated into the capitation rates through a separate payment term of up to $800,000,000 for calendar year (CY) 2025, $150,000,000 for CY 2026, and $150,000,000 for CY 2027.",phase_down_determination,prose,,,,,,,,80000000000.0,separate_payment_term,False,False,False,not read,,,,,https://www.medicaid.gov/medicaid/managed-care/downloads/MA_VBP_BHI.BHO.IPH.OPH_Renewal_20250101-20271231.pdf,1535d6ccb0007f0a620de809adb87ad1a513980a777d64494da913faec906ddf,2026-09-30T16:45:05Z,,0.1.0
MA_VBP_BHI.BHO2_New_20230101-20241231,MA,Massachusetts,VBP,VBP,BHI.BHO2,New,New,2023-01-01,2024-12-31,,"Continuous Quality Improvement (CQI) value-based payment arrangement established by the state for inpatient and outpatient behavioral health services provided in private acute hospitals for the rating periods covering January 1, 2023 through December 31, 2024, incorporated into the capitation rates through a separate payment term of up to $4,393,000 in the Massachusetts Behavioral Health Partnership program.",form_only_no_letter,numbered,439300000.0,4393000.0,"$4,393,000",256500000.0,"$2,565,000",182700000.0,"$1,827,000",,,True,False,False,,,,,,https://www.medicaid.gov/medicaid/managed-care/downloads/MA_VBP_BHI.BHO2_New_20230101-20241231.pdf,390147903c00adf553c66ced241176c4f1551fed92447ad2e53f5ba2c337d7a6,2026-09-30T16:45:07Z,,0.1.0
MA_VBP_BHI.BHO_Amend_20230101-20241231,MA,Massachusetts,VBP,VBP,BHI.BHO,Amend,Amendment,2023-01-01,2024-12-31,,"The Behavioral Health Quality Incentive proposal for non-federal, non-state-owned, public hospitals for behavioral health inpatient and outpatient services for the rating period covering January 1, 2023 through December 31, 2024 incorporated in the capitation rates through a separate payment term of up to $60 million for January 1, 2023 through December 31, 2023 and $72 million for January 1, 2024 through December 31, 2024.",form_only_no_letter,numbered,2300.0,23.0,RY23:$60M   RY24: $72M,2300.0,RY23: $36M RY24: $43.2M,2300.0,RY23:$24M RY24: $28.8,,,False,True,False,no currency symbol or scale word; unit assumed,,,,,https://www.medicaid.gov/medicaid/managed-care/downloads/MA_VBP_BHI.BHO_Amend_20230101-20241231.pdf,d06e74347f3d32c6c47600c2f4788962c8a6fbf41bc2d85b434130549b1caa9a,2026-09-30T16:45:09Z,,0.1.0
MA_VBP_BHI.BHO_Renewal_20220101-20221231,MA,Massachusetts,VBP,VBP,BHI.BHO,Renewal,Renewal,2022-01-01,2022-12-31,,"Value based payment arrangement for non-state, public hospitals that contract with the Commonwealth’s Prepaid Inpatient Health Plan (PIHP) to enhance the quality of behavioral health services provided on an outpatient and inpatient basis to MassHealth members for the rating period covering January 1, 2022 to December 31, 2022, incorporated in the capitation rates through a separate payment term of up to $52.65 million.",approval,numbered,5265000000.0,52650000.0,$52.65 million,3159000000.0,$31.59 million,2106000000.0,$21.06 million,5265000000.0,separate_payment_term,True,False,False,,,,,,https://www.medicaid.gov/medicaid/managed-care/downloads/ma-vbp-bhi.bho-renewal-20220101-20221231.pdf,f61ffc6a58a3c16481550c434ef2d5741641466d62cdd2b87fac19feacd72649,2026-09-30T16:45:11Z,,0.1.0
MA_VBP_BHI.BHO_Renewal_20230101-20251231,MA,Massachusetts,VBP,VBP,BHI.BHO,Renewal,Renewal,2023-01-01,2025-12-31,,"The value based payment arrangement for non-state, public hospitals that contract with the Commonwealth’s Prepaid Inpatient Health Plan (PIHP) to enhance the quality of behavioral health services provided on an outpatient and inpatient basis to MassHealth members for the rating period covering January 1, 2023 to December 31, 2025, incorporated in the capitation rates through a separate payment term of up to $60 million for the January 1, 2023 – December 31, 2023; $60 million for the January 1, 2024 – December 31, 2024; and $60 million for the January 1, 2025 – December 31, 2025.",approval,numbered,6000000000.0,60000000.0,"$60M per year for RY23, RY24, RY25",3600000000.0,$36M per rating year,2400000000.0,$24M per rating year,6000000000.0,separate_payment_term,True,False,False,,,,,,https://www.medicaid.gov/medicaid/managed-care/downloads/ma-vbp-bhi.bho-renewal-20230101-20251231.pdf,04539e96e5706090048e39f6127842f18372deed0c2005548c967469297049a3,2026-09-30T16:45:12Z,,0.1.0
MA_VBP_BHI.BHO_Renewal_20250101-20271231,MA,Massachusetts,VBP,VBP,BHI.BHO,Renewal,Renewal,2025-01-01,2027-12-31,,"The value based payment arrangement for the Behavioral Health Quality Incentive for the rating period covering January 1, 2025 to December 31, 2027, incorporated in the capitation rates through a separate payment term of up to $72 million for January 1, 2025–December 31, 2025; $72 million for January 1, 2026 – December 31, 2026; and $72 million for January 1, 2027 – December 31, 2027.",phase_down_determination,prose,,,,,,,,7200000000.0,separate_payment_term,False,False,False,not read,,,,,https://www.medicaid.gov/medicaid/managed-care/downloads/MA_VBP_BHI.BHO_Renewal_20250101-20271231.pdf,48efa7ea23e4a7377041c866a98e791ea3bf9efd070e858587450aa790b05000,2026-09-30T16:45:14Z,,0.1.0
MA_VBP_BHO_New_20240101-20241231,MA,Massachusetts,VBP,VBP,BHO,New,New,2024-01-01,2024-12-31,,"Performance improvement initiative for community behavioral health center services for the rating period covering January 1, 2024 through December 31, 2024, incorporated in the capitation rates through a separate payment term amount up to $15,497,672.",form_only_no_letter,prose,,,,,,,,,,False,False,False,not read,,,,,https://www.medicaid.gov/medicaid/managed-care/downloads/MA_VBP_BHO_New_20240101-20241231.pdf,55e5ff1f9da00d8db08d12db34096d5481c4880b417c030f302b7f883a09c22b,2026-09-30T16:45:16Z,,0.1.0
MA_VBP_BHO_Renewal_20250101-20271231,MA,Massachusetts,VBP,VBP,BHO,Renewal,Renewal,2025-01-01,2027-12-31,,"Performance improvement initiative for community behavioral health center services for the rating period covering January 1, 2025 through December 31, 2027, incorporated in the capitation rates through a separate payment term amount up to $51,000,000 ($17,000,000 per year).",form_only_no_letter,prose,,,,,,,,,,False,False,False,not read,,,,,https://www.medicaid.gov/medicaid/managed-care/downloads/MA_VBP_BHO_Renewal_20250101-20271231.pdf,19a98943243b59d58138db84f3214442dafec41ac67d2481b191d9006bbc0620,2026-09-30T16:45:17Z,,0.1.0
MA_VBP_IPH.OPH2_Amend_20230401-20241231,MA,Massachusetts,VBP,VBP,IPH.OPH2,Amend,Amendment,2023-04-01,2024-12-31,,"The Integrated Care Incentive proposal for inpatient and outpatient hospital services at non-federal, non-state-owned, public hospitals for the rating period covering April 1, 2023 through December 31, 2024 through a separate payment term of up to $86.8 million for April 1, 2023 through December 31, 2023 and $148.8 million for January 1, 2024 through December 31, 2024.",form_only_no_letter,numbered,8680000000.0,86800000.0,$86.8M for RY23; $148.8M for RY24,5210000000.0,$52.1M for RY23; 89.28M for RY24,3470000000.0,$34.7M for RY23; $59.52M for RY24,,,True,False,False,,,,,,https://www.medicaid.gov/medicaid/managed-care/downloads/MA_VBP_IPH.OPH2_Amend_20230401-20241231.pdf,924da3137cf5f39b9fb4c210c7f9a4c58d443ed442c74f7ddce4be1cabb021ee,2026-09-30T16:45:19Z,,0.1.0
MA_VBP_IPH.OPH2_Renewal_20220101-20221231,MA,Massachusetts,VBP,VBP,IPH.OPH2,Renewal,Renewal,2022-01-01,2022-12-31,,"Value Based Payment for Integrated Care Incentive proposal for non-state, public hospitals for the rating period covering January 1, 2022 to December 31, 2022, incorporated in the capitation rates through a separate payment term of up to $46.8 million.",approval,numbered,4680000000.0,46800000.0,$46.8 million,2810000000.0,$28.1 Million,1870000000.0,$18.7 Million,4680000000.0,separate_payment_term,True,False,False,,,,,,https://www.medicaid.gov/medicaid/managed-care/downloads/ma-vbp-iph.oph2-renewal-20220101-20221231.pdf,ef92836f1f98ab56bf05b0512d2a11f1abe8fe0c2d87a28378c8005e91dce2dd,2026-09-30T16:45:21Z,,0.1.0
MA_VBP_IPH.OPH2_Renewal_20230101-20230331,MA,Massachusetts,VBP,VBP,IPH.OPH2,Renewal,Renewal,2023-01-01,2023-03-31,,"Integrated Care Incentive proposal for non-state, public hospitals for the rating period covering January 1, 2023 to March 31, 2023, incorporated in the capitation rates through a separate payment term of up to $37.2 million.",approval,numbered,3720000000.0,37200000.0,$37.2 million,2420000000.0,$24.2 Million,1300000000.0,$13.0 Million,3720000000.0,separate_payment_term,True,False,False,,,,,,https://www.medicaid.gov/medicaid/managed-care/downloads/ma-vbp-iph.oph2-renewal-20230101-20230331.pdf,f3fc312cab66f1138423f14ceec9092da2c69f1d1359b087bf92d95da9ecae8b,2026-09-30T16:45:23Z,,0.1.0
MA_VBP_IPH.OPH2_Renewal_20230401-20251231,MA,Massachusetts,VBP,VBP,IPH.OPH2,Renewal,Renewal,2023-04-01,2025-12-31,,"Integrated Care Incentive proposal for non-state, public hospitals for the rating period covering April 1, 2023 to December 31, 2025, incorporated in the capitation rates through a separate payment term of up to $86.8 million for the April 1, 2023 – December 31, 2023; $124 million for the January 1, 2024 – December 31, 2024; and $124 million for the January 1, 2025 – December 31, 2025.",approval,numbered,3720000000.0,37200000.0,$37.2 million,2420000000.0,$24.2 Million,1300000000.0,$13.0 Million,8680000000.0,separate_payment_term,True,False,False,,,,,,https://www.medicaid.gov/medicaid/managed-care/downloads/ma-vbp-iph.oph2-renewal-20230401-20251231.pdf,cb0377e61f408aa9ce840b0342dfcbdeeb1ad3b4355fc0894eb8c6226efba0fa,2026-09-30T16:45:24Z,,0.1.0
MA_VBP_IPH.OPH2_Renewal_20250101-20271231,MA,Massachusetts,VBP,VBP,IPH.OPH2,Renewal,Renewal,2025-01-01,2027-12-31,,"Integrated Care Incentive proposal for non-state, public hospitals for the rating periods covering January 2, 2025 to December 31, 2027, incorporated in the capitation rates through a separate payment term of up to $148.8 million for January 1, 2025 - December31, 2025; $148.8 million for the January 1, 2026 – December 31, 2026; and $148.8million for January 1, 2027 – December 31, 2027.",phase_down_determination,prose,,,,,,,,14880000000.0,separate_payment_term,False,False,False,not read,,,,,https://www.medicaid.gov/medicaid/managed-care/downloads/MA_VBP_IPH.OPH2_Renewal_20250101-20271231.pdf,007e51a9c16944ee03c4afb74f8c3ba4969a964939509699ae49e27a5c96eec3,2026-09-30T16:45:25Z,,0.1.0
MA_VBP_IPH.OPH3_Renewal_20220101-20221231,MA,Massachusetts,VBP,VBP,IPH.OPH3,Renewal,Renewal,2022-01-01,2022-12-31,,"Value based payment for Hospital Quality Incentive proposal for the rating period covering January 1, 2022 through December 31, 2022, incorporated in the capitation rates through a separate payment term of up to $296.0 million.",approval,numbered,29600000000.0,296000000.0,$296.0 million,17760000000.0,$177.6 million,11840000000.0,$118.4 million,29600000000.0,separate_payment_term,True,False,False,,,,,,https://www.medicaid.gov/medicaid/managed-care/downloads/ma-vbp-iph.oph3-renewal-20220101-20221231.pdf,34d282df77464b78d801fb385e2d9badd5ab949c4d72d45e7aa65434ee8d8ba9,2026-09-30T16:45:27Z,,0.1.0
MA_VBP_IPH.OPH4_New_20230101-20230331,MA,Massachusetts,VBP,VBP,IPH.OPH4,New,New,2023-01-01,2023-03-31,,"Continuous Quality Improvement (CQI) value-based payment arrangement established by the state for private acute hospitals for the rating period covering January 1, 2023 through March 31, 2023, incorporated into the capitation rates through a separate payment term of up to $37,876,200.",form_only_no_letter,numbered,3787620000.0,37876200.0,"$37,876,200",2211970000.0,"$22,119,700",1575650000.0,"$15,756,500",,,True,False,False,,,,,,https://www.medicaid.gov/medicaid/managed-care/downloads/MA_VBP_IPH.OPH4_New_20230101-20230331.pdf,186a1d54b4822327a4a488d07365246af99b5db8dad243f5415d449b4972e8ec,2026-09-30T16:45:28Z,,0.1.0
MA_VBP_IPH.OPH4_Renewal_20230401-20241231,MA,Massachusetts,VBP,VBP,IPH.OPH4,Renewal,Renewal,2023-04-01,2024-12-31,,"Continuous Quality Improvement (CQI) value-based payment arrangement established by the state for private acute hospitals for the rating period covering April 1, 2023 through December 31, 2024, incorporated into the capitation rates through a separate payment term of up to $104,200,00 for April 1, 2023 to December 31, 2023 and up to $147,000,000 for January 1, 2024 to December 31, 2024.",form_only_no_letter,numbered,2300.0,23.0,"RY23(Q2-Q4): $104,200,000 RY24: $147,000,000",2300.0,"RY23:$62,520,000 RY24: $88,200,000",2300.0,"RY23:$41,680,000 RY24: $58,800,000",,,False,True,False,no currency symbol or scale word; unit assumed,,,,,https://www.medicaid.gov/medicaid/managed-care/downloads/MA_VBP_IPH.OPH4_Renewal_20230401-20241231.pdf,c5a76216cc94dce4240cb32871236502f8162995c49f8ef4b42976ecd4b2c315,2026-09-30T16:45:29Z,,0.1.0
MA_VBP_IPH.OPH5_New_20230101-20230331,MA,Massachusetts,VBP,VBP,IPH.OPH5,New,New,2023-01-01,2023-03-31,,"The Hospital Quality Incentive proposal for the rating period covering January 1, 2023 through March 31, 2023, incorporated in the capitation rates through a separate payment term of up to $37.5 million.",form_only_no_letter,numbered,3750000000.0,37500000.0,$37.5 million,2440000000.0,$24.4 million,1310000000.0,$13.1 million,,,True,False,False,,,,,,https://www.medicaid.gov/medicaid/managed-care/downloads/MA_VBP_IPH.OPH5_New_20230101-20230331.pdf,c07ade9b515b93280573d3172afed1eeb4e1548d51d998dae000a37041ebc3f5,2026-09-30T16:45:31Z,,0.1.0
MA_VBP_IPH.OPH5_Renewal_20230401-20241231,MA,Massachusetts,VBP,VBP,IPH.OPH5,Renewal,Renewal,2023-04-01,2024-12-31,,"The Hospital Quality Incentive proposal for the rating period covering April 1, 2023 through December 31, 2024, incorporated in the capitation rates through a separate payment term of up to $87.5 million for April 1, 2023 through December 31, 2023 and $125 million for rating year 2024.",form_only_no_letter,numbered,8750000000.0,87500000.0,$87.5M for RY23; $125M for RY24,5250000000.0,$52.5M for RY23; $75M for RY24,3500000000.0,$35M for RY23; $50M for RY24,,,True,False,False,,,,,,https://www.medicaid.gov/medicaid/managed-care/downloads/MA_VBP_IPH.OPH5_Renewal_20230401-20241231.pdf,e974b50007af59d97fbc9db74b206077042c3e0ebeeac8f68a5703d9286381ea,2026-09-30T16:45:32Z,,0.1.0
MA_VBP_IPH.OPH5_Renewal_20250101-20271231,MA,Massachusetts,VBP,VBP,IPH.OPH5,Renewal,Renewal,2025-01-01,2027-12-31,,"The Hospital Performance Improvement Initiative proposal for the rating period covering January 1, 2025 through December 31, 2027, incorporated in the capitation rates through a separate payment term of up to $125 million for calendar year (CY) 2025, $125 million for CY 2026, and $125 million for CY 2027.",phase_down_determination,minimal,,,,,,,,12500000000.0,separate_payment_term,False,False,False,not read,,,,,https://www.medicaid.gov/medicaid/managed-care/downloads/MA_VBP_IPH.OPH5_Renewal_20250101-20271231.pdf,50ae1bb6d2ee7ceb06d54b96a9a1e7b1f27eda3fa00a1474ac5416138d458506,2026-09-30T16:45:33Z,,0.1.0
MA_VBP_IPH3_Amend_20230401-20241231,MA,Massachusetts,VBP,VBP,IPH3,Amend,Amendment,2023-04-01,2024-12-31,,"The Hospital Quality Incentive proposal for non-federal, non-state owned, public hospitals for inpatient hospital services for the rating period covering April 1, 2023 through December 31, 2024 incorporated into the capitation rates through a separate payment term of up to $93.8 million for April 1, 2023 through December 31, 2023 and $160.8 million for January 1, 2024 through December 31, 2024.",form_only_no_letter,numbered,9380000000.0,93800000.0,$93.8M for Calendar Year 2023 Quarters 2-4 (RY23); $160.8M for RY24,5630000000.0,$56.3M for RY23; $96.48M for RY24,3750000000.0,$37.5M for RY23; $64.32M for RY24,,,True,False,False,,,,,,https://www.medicaid.gov/medicaid/managed-care/downloads/MA_VBP_IPH3_Amend_20230401-20241231.pdf,2161e58a1f9e7ef1df46a332886d307e8ca9daf5322292a719f9a0d50a37616e,2026-09-30T16:45:35Z,,0.1.0
MA_VBP_IPH3_Renewal_20230101-20230331,MA,Massachusetts,VBP,VBP,IPH3,Renewal,Renewal,2023-01-01,2023-03-31,,"The Hospital Quality Incentive proposal for the rating period covering January 1, 2023 through March 31, 2023, incorporated in the capitation rates through a separate payment term of up to $40.2 million.",approval,numbered,4020000000.0,40200000.0,$40.2 million,2610000000.0,$26.1 million,1410000000.0,$14.1 million,4020000000.0,separate_payment_term,True,False,False,,,,,,https://www.medicaid.gov/medicaid/managed-care/downloads/ma-vbp-iph3-renewal-20230101-20230331.pdf,00bf2a1d48468fdbb3cf5d33d98b0a4abb9a263c4756f795ef08c2cb12048e6d,2026-09-30T16:45:36Z,,0.1.0
MA_VBP_IPH3_Renewal_20230401-20251231,MA,Massachusetts,VBP,VBP,IPH3,Renewal,Renewal,2023-04-01,2025-12-31,,"The Hospital Quality Incentive proposal for the rating period covering January 1, 2023 through March 30, 2023, incorporated in the capitation rates through a separate payment term of up to $93.8 million for the April 1, 2023 – December 31, 2023; $134 million for the January 1, 2024 – December 31, 2024; and $134 million for the January 1, 2025 – December 31, 2025.",approval,numbered,4020000000.0,40200000.0,$40.2 million,2610000000.0,$26.1 million,1410000000.0,$14.1 million,9380000000.0,separate_payment_term,True,False,False,,,,,,https://www.medicaid.gov/medicaid/managed-care/downloads/ma-vbp-iph3-renewal-20230401-20251231.pdf,f6962fe3a026312c888a141ade0606ca3fa447736957ab4e13e25c13bd212a6a,2026-09-30T16:45:38Z,,0.1.0
MA_VBP_IPH3_Renewal_20250101-20271231,MA,Massachusetts,VBP,VBP,IPH3,Renewal,Renewal,2025-01-01,2027-12-31,,"The Hospital Quality Incentive proposal for the rating period covering January 1, 2025through December 31, 2027, incorporated in the capitation rates through a separate payment term of up to $160.8 million for January 1, 2025 – December 31, 2025; $160.8million for January 1, 2026 – December 31, 2026; and $160.8 million for January 1, 2027–December 31, 2027.",phase_down_determination,prose,,,,,,,,16080000000.0,separate_payment_term,False,False,False,not read,,,,,https://www.medicaid.gov/medicaid/managed-care/downloads/MA_VBP_IPH3_Renewal_20250101-20271231.pdf,7dbe8da3963c59a9f4b620ba4a37df63f80f4ce43ecd0a0bca7ceca719f56d76,2026-09-30T16:45:39Z,,0.1.0
MA_VBP_OPH_New_20230401-20241231,MA,Massachusetts,VBP,VBP,OPH,New,New,2023-04-01,2024-12-31,,"The Hospital Quality Incentive proposal for the rating period covering April 1, 2023 through December 31, 2024, incorporated in the capitation rates through a separate payment term of up to $75 million each year for 2023 and 2024 rating years.",form_only_no_letter,numbered,7500000000.0,75000000.0,"$75M for RY23, RY24",4500000000.0,"$45M for RY23, RY24",3000000000.0,"$30M for RY23, RY24",,,True,False,False,,,,,,https://www.medicaid.gov/medicaid/managed-care/downloads/MA_VBP_OPH_New_20230401-20241231.pdf,7067af7c12548dd248831ed1501567ed4fef6c6afe62c405ed21d8aa571b95a8,2026-09-30T16:45:40Z,,0.1.0
MA_VBP_OPH_Renewal_20250101-20271231,MA,Massachusetts,VBP,VBP,OPH,Renewal,Renewal,2025-01-01,2027-12-31,,"The Performance Improvement Initiative for Professional Services proposal for the rating period covering January 1, 2025, through December 31, 2027, incorporated in the capitation rates through a separate payment term of up to $75 million for January 1, 2025–December 31, 2025; $75 million for January 1, 2026 – December 31, 2026; and $75million for January 1, 2027 – December 31, 2027.",phase_down_determination,prose,,,,,,,,7500000000.0,separate_payment_term,False,False,False,not read,,,,,https://www.medicaid.gov/medicaid/managed-care/downloads/MA_VBP_OPH_Renewal_20250101-20271231.pdf,d2811a3a8ff4681327a51f8964b117038210033f8e2da6e8100fc2f8eb69fd82,2026-09-30T16:45:42Z,,0.1.0
MA_VBP_PC2_New_20230401-20231231,MA,Massachusetts,VBP,VBP,PC2,New,New,2023-04-01,2023-12-31,,"Primary Care Sub capitated Arrangement established by the state for the rating period, April 1, 2023 through December 31, 2023, incorporated into the capitation rates through a risk-based adjustment.",form_only_no_letter,numbered,35100000000.0,351000000.0,$351M,21100000000.0,$211M,14000000000.0,$140M,,,True,False,False,,,,,,https://www.medicaid.gov/medicaid/managed-care/downloads/MA_VBP_PC2_New_20230401-20231231.pdf,db63dcdfcfbf35421fd769f27905e6e5ff6134bb170b039617d57fc0fd57a1e1,2026-09-30T16:45:43Z,,0.1.0
MA_VBP_PC2_Renewal_20240101-20241231,MA,Massachusetts,VBP,VBP,PC2,Renewal,Renewal,2024-01-01,2024-12-31,,"Primary Care Sub capitated Arrangement established by the state for the rating period, January 1, 2024 through December 31, 2024, incorporated into the capitation rates through a risk-based adjustment.",form_only_no_letter,numbered,48500000000.0,485000000.0,$485M,29100000000.0,$291M,19400000000.0,$194M,,,True,False,False,,,,,,https://www.medicaid.gov/medicaid/managed-care/downloads/MA_VBP_PC2_Renewal_20240101-20241231.pdf,a1e967b7213dc8b604c912a80a88c5be7c8636dd44e983ac6c9f1b4b5c64aa92,2026-09-30T16:45:45Z,,0.1.0
MA_VBP_PC2_Renewal_20250101-20271231,MA,Massachusetts,VBP,VBP,PC2,Renewal,Renewal,2025-01-01,2027-12-31,,"Primary Care Sub Capitated Arrangement established by the state for the rating period, January 1, 2025 through December 31, 2027, incorporated into the capitation rates through a risk-based adjustment.",form_only_no_letter,prose,,,,,,,,,,False,False,False,not read,,,,,https://www.medicaid.gov/medicaid/managed-care/downloads/MA_VBP_PC2_Renewal_20250101-20271231.pdf,8411096991b932a12e0c1d690ff83583afec109b09a633ed6168a299eb5537df,2026-09-30T16:45:46Z,,0.1.0
MA_VBP_PC_Renewal_20220101-20221231,MA,Massachusetts,VBP,VBP,PC,Renewal,Renewal,2022-01-01,2022-12-31,,"The proposal requiring that Managed Care Organizations (MCO) share savings/losses with MCO-administered Accountable Care Organizations (ACO) for the rating period covering January 1, 2022 – December 31, 2022.",form_only_no_letter,numbered,0.0,0.0,$0.00,,,,,,,True,False,False,,,,,,https://www.medicaid.gov/medicaid/managed-care/downloads/MA_VBP_PC_Renewal_20220101-20221231.pdf,771c11318b3052cf4baedd3d801251bae638f9381f6deb90d302100410e2503a,2026-09-30T16:45:47Z,,0.1.0
MA_VBP_PC_Renewal_20230101-20230331,MA,Massachusetts,VBP,VBP,PC,Renewal,Renewal,2023-01-01,2023-03-31,,"The proposal requiring that Managed Care Organizations (MCO) share savings/losses with MCO-administered Accountable Care Organizations (ACO) for the rating period covering January 1, 2023 – March 31, 2023.",form_only_no_letter,numbered,0.0,0.0,$0.00,0.0,$0.00,0.0,$0.00,,,True,False,False,,,,,,https://www.medicaid.gov/medicaid/managed-care/downloads/MA_VBP_PC_Renewal_20230101-20230331.pdf,0b7ba61e17fd9e2cedfb87cb324eee822b9fd9fcc0d037d2953cad5f4d611cc6,2026-09-30T16:45:49Z,,0.1.0
MD_Fee.VBP_AMC.PC.SP_Amend_20220101-20241231,MD,Maryland,Fee.VBP,FEE.VBP,AMC.PC.SP,Amend,Amendment,2022-01-01,2024-12-31,,"Uniform percentage increase and value-based payment established by the state for professional services at an academic medical center, primary care services, specialty physician services, and qualifying practitioner services for the rating period covering January 1, 2022 through December 31, 2024 incorporated in the capitation rates through a separate payment term of up to $37.8 million.",approval,numbered,3780000000.0,37800000.0,$37.8M for Program Year 4 (PY4),2440000000.0,$24.4M for PY4,1340000000.0,$13.4M for PY4,3780000000.0,separate_payment_term,True,False,False,,,,,,https://www.medicaid.gov/medicaid/managed-care/downloads/md-fee.vbp-amc.pc.sp-amend-20220101-20241231.pdf,001affa2b7d38d1dad7c6b15edddee1ce21341e4948a07e52dff2a8eeab8717e,2026-09-30T16:45:50Z,,0.1.0
MD_Fee.VBP_AMC.PC.SP_Renewal_20250101-20251231,MD,Maryland,Fee.VBP,FEE.VBP,AMC.PC.SP,Renewal,Renewal,2025-01-01,2025-12-31,,"Uniform percentage increase and value-based payment established by the state for professional services at an academic medical center, primary care services, specialty physician services, and qualifying practitioner services for the rating period covering January 1, 2025 through December 31, 2025 incorporated in the capitation rates through a separate payment term amount up to $42 million.",form_only_no_letter,numbered,4200000000.0,42000000.0,$42M,2700000000.0,$ 27M,1500000000.0,$ 15M,,,True,False,False,,,,,,https://www.medicaid.gov/medicaid/managed-care/downloads/MD_Fee.VBP_AMC.PC.SP_Renewal_20250101-20251231.pdf,fc9deb0389395fda51392a3108c1a10c36b65d2eb851e38e6b550b2e919c1a2c,2026-09-30T16:45:51Z,,0.1.0
MD_Fee.VBP_AMC_Renewal_20260101-20261231,MD,Maryland,Fee.VBP,FEE.VBP,AMC,Renewal,Renewal,2026-01-01,2026-12-31,,"Uniform percentage increase and value-based payment established by the state for professional services at an academic medical center for the rating period covering January 1, 2026 through December 31, 2026, incorporated in the capitation rates through a separate payment term amount of up to $47,900,869.",phase_down_determination,minimal,,,,,,,,4790086900.0,separate_payment_term,False,False,False,not read,,,,,https://www.medicaid.gov/medicaid/managed-care/downloads/MD_Fee.VBP_AMC_Renewal_20260101-20261231.pdf,edfed81b23e0e445b3f240d21963943d6e8225d4b1480bc2a8f87248042d6db8,2026-09-30T16:45:53Z,,0.1.0
MD_Fee_PC_New_20250101-20251231,MD,Maryland,Fee,FEE,PC,New,New,2025-01-01,2025-12-31,,"Minimum Fee Schedule for primary care services for the rating period covering January1, 2025 through December 31, 2025, incorporated in the capitation rates through a risk-based rate adjustment.",form_only_no_letter,numbered,535000000.0,5350000.0,$5.35 million,345000000.0,$3.45 million,190000000.0,$1.9 million,,,True,False,False,,,,,,https://www.medicaid.gov/medicaid/managed-care/downloads/MD_Fee_PC_New_20250101-20251231.pdf,2c9e80fecc25e7f5f07b4c10f13821ca6d986559c642e84337b66860b5358106,2026-09-30T16:45:54Z,,0.1.0
MD_Fee_PC_Renewal_20260101-20261231,MD,Maryland,Fee,FEE,PC,Renewal,Renewal,2026-01-01,2026-12-31,,"Minimum Fee Schedule for primary care services for the rating period covering January1, 2026 through December 31, 2026, incorporated in the capitation rates through a risk-based rate adjustment of up to $10,750,000.",form_only_no_letter,numbered,1075000000.0,10750000.0,$10.75 million,690000000.0,$6.9 million,380000000.0,$3.8 million,,,True,False,False,,,,,,https://www.medicaid.gov/medicaid/managed-care/downloads/MD_Fee_PC_Renewal_20260101-20261231.pdf,bab9f04006d167aff12a44606d8b8ad2183220c58f85d5cb2cc639fc8294e31e,2026-09-30T16:45:56Z,,0.1.0
MD_VBP_PC_New_20250101-20251231,MD,Maryland,VBP,VBP,PC,New,New,2025-01-01,2025-12-31,,"Population-based payment for primacy care services for the rating period covering January 1, 2025 through December 31, 2025, incorporated in the capitation rates through a risk-based rate adjustment.",form_only_no_letter,numbered,1025000000.0,10250000.0,$10.25 million,642500000.0,$6.425 million,382000000.0,$3.82 million,,,True,False,False,,,,,,https://www.medicaid.gov/medicaid/managed-care/downloads/MD_VBP_PC_New_20250101-20251231.pdf,6ceb7ee09a6e88f0f83d64e1182f104ab886df5798cbae882f4f3316f3484612,2026-09-30T16:45:57Z,,0.1.0
MD_VBP_PC_Renewal_20260101-20261231,MD,Maryland,VBP,VBP,PC,Renewal,Renewal,2026-01-01,2026-12-31,,"Population-based payment for primary care services for the rating period covering January 1, 2026 through December 31, 2026, incorporated in the capitation rates through a separate payment term amount of up to $29,300,000.",form_only_no_letter,numbered,2930000000.0,29300000.0,$29.3 million,1870000000.0,$18.7 million,1060000000.0,$10.6 million,,,True,False,False,,,,,,https://www.medicaid.gov/medicaid/managed-care/downloads/MD_VBP_PC_Renewal_20260101-20261231.pdf,ff75f60d2e38737b8856f8c957450abf972be706c853bf05e45fc003d4aa28d5,2026-09-30T16:45:58Z,,0.1.0
MI_Fee_AMC_Amend_20221001-20230930,MI,Michigan,Fee,FEE,AMC,Amend,Amendment,2022-10-01,2023-09-30,,"Uniform dollar increase established by the state for professional services provided by practitioners employed or under contract with approved public entities for the rating period covering October 1, 2022 through September 30, 2023, and incorporated in the capitation rates through a separate payment term of up to $583,505,495.00.",form_only_no_letter,numbered,58350549500.0,583505495.0,"$583,505,495.00",45083207871.0,450832078.71,13267341629.0,132673416.29,,,True,False,False,,,,,,https://www.medicaid.gov/medicaid/managed-care/downloads/MI_Fee_AMC_Amend_20221001-20230930.pdf,64b885f4c3091fa24cd87d6ef06d2aa26e9addea7b33fe56a22f7a341563eee2,2026-09-30T16:46:00Z,,0.1.0
MI_Fee_BHI_Amend_20211001-20220930,MI,Michigan,Fee,FEE,BHI,Amend,Amendment,2021-10-01,2022-09-30,,"Uniform dollar increase for psychiatric inpatient days for the rating period covering October 1, 2021 through September 30, 2022, and incorporated in the capitation rates through a separate payment term of up to $99 million.",form_only_no_letter,numbered,9900000000.0,99000000.0,$99 million,7760000000.0,77600000,2140000000.0,21400000,,,True,False,False,,,,,,https://www.medicaid.gov/medicaid/managed-care/downloads/MI_Fee_BHI_Amend_20211001-20220930.pdf,f067ecd6117818c83b922c11e0d1edfe17d68a1cc03224d41c5524d13e7468bc,2026-09-30T16:46:01Z,,0.1.0
MI_Fee_BHI_Renewal_20221001-20230930,MI,No state,Fee,FEE,BHI,Renewal,Renewal,2022-10-01,2023-09-30,,"Uniform dollar increase for psychiatric inpatient days for the rating period covering October 1, 2022 through September 30, 2023 incorporated in the capitation rates through a separate payment term of up to $105 million.",approval,numbered,10500000000.0,105000000.0,$105 million,8242500000.0,82425000,2257500000.0,22575000,10500000000.0,separate_payment_term,True,False,False,,,,,,https://www.medicaid.gov/medicaid/managed-care/downloads/mi-fee-bhi-renewal-20221001-20230930.pdf,0f67d9ecaa23fe5829c8c4736125e57748ec220066d25b6eb54d69d3b4e43351,2026-09-30T16:46:02Z,,0.1.0
MI_Fee_BHI_Renewal_20231001-20240930,MI,Michigan,Fee,FEE,BHI,Renewal,Renewal,2023-10-01,2024-09-30,,"Uniform dollar increase for psychiatric inpatient days for the rating period covering October 1, 2023 through September 30, 2024 incorporated in the capitation rates through a separate payment term of up to $215,800,000.",form_only_no_letter,numbered,21580000000.0,215800000.0,"215,800,000",16255491300.0,"162,554,913",5324508700.0,"53,245,087",,,False,True,False,no currency symbol or scale word; unit assumed,,,,,https://www.medicaid.gov/medicaid/managed-care/downloads/MI_Fee_BHI_Renewal_20231001-20240930.pdf,1697c18934ea49fcfc11e078ac4b22ee47fe11b965d3cb9abc36a5b79ea2ee26,2026-09-30T16:46:04Z,,0.1.0
MI_Fee_BHI_Renewal_20241001-20250930,MI,Michigan,Fee,FEE,BHI,Renewal,Renewal,2024-10-01,2025-09-30,,"Uniform dollar increase for psychiatric inpatient days for the rating period covering October 1, 2024 through September 30, 2025 incorporated in the capitation rates through a separate payment term of up to $297,800,000.",form_only_no_letter,numbered,29780000000.0,297800000.0,"297,800,000",18950000000.0,"189,500,000",10830000000.0,"108,300,000",,,False,True,False,no currency symbol or scale word; unit assumed,,,,,https://www.medicaid.gov/medicaid/managed-care/downloads/MI_Fee_BHI_Renewal_20241001-20250930.pdf,a7ac6484cbc3da1a64953dc13fcc563c3c7ac760c9322cff2a2fef6c827628a6,2026-09-30T16:46:05Z,,0.1.0
MI_Fee_BHI_Renewal_20251001-20260930,MI,Michigan,Fee,FEE,BHI,Renewal,Renewal,2025-10-01,2026-09-30,,"Uniform dollar increase for psychiatric inpatient days for the rating period covering October 1, 2025 through September 30, 2026, incorporated in the capitation rates through a separate payment term up to $297,800,000.",phase_down_determination,minimal,,,,,,,,29780000000.0,separate_payment_term,False,False,False,not read,,,,,https://www.medicaid.gov/medicaid/managed-care/downloads/MI_Fee_BHI_Renewal_20251001-20260930.pdf,aa4b605fc0252e01f3084575fd54c2d0d735571392739f6f14f427b6016c3afd,2026-09-30T16:46:06Z,,0.1.0
MI_Fee_BHO_New_20231001-20240930,MI,Michigan,Fee,FEE,BHO,New,New,2023-10-01,2024-09-30,,"Minimum fee schedule authorized for the administration and services of Methadone established by the state for behavioral health outpatient services for the rating period, October 1, 2023 through September 30, 2024, incorporated into the capitation through a risk based rate adjustment.",form_only_no_letter,numbered,2800000000.0,28000000.0,"$28,000,000",1800000000.0,"$18,000,000",1000000000.0,"$10,000,000",,,True,False,False,,,,,,https://www.medicaid.gov/medicaid/managed-care/downloads/MI_Fee_BHO_New_20231001-20240930.pdf,237b76f413aba4c2b90e19a095e97717a5e9d61fd9c7ecec93797391a1e0c0e4,2026-09-30T16:46:08Z,,0.1.0
MI_Fee_HCBS1_Renewal_20230101-20231231,MI,Michigan,Fee,FEE,HCBS1,Renewal,Renewal,2023-01-01,2023-12-31,,"The uniform dollar increase established by the state for direct care workers providing personal care services to eligible enrollees for the rating period covering January 1, 2023 through December 31, 2023, incorporated in the capitation rates through a risk-based rate adjustment.",approval,numbered,1732055000.0,17320550.0,"$17,320,550",1188189700.0,"$11,881,897",543865300.0,"$5,438,653",,,True,False,False,,,,,,https://www.medicaid.gov/medicaid/managed-care/downloads/MI_Fee_HCBS1_Renewal_20230101-20231231.pdf,44057cfb6d9fd1293680664bdd6345fd4b2ad34db725262cf9d56da97edb9807,2026-09-30T16:46:09Z,,0.1.0
MI_Fee_HCBS1_Renewal_20240101-20241231,MI,Michigan,Fee,FEE,HCBS1,Renewal,Renewal,2024-01-01,2024-12-31,,"The uniform dollar increase established by the state for direct care workers providing personal care services to eligible enrollees for the rating period covering January 1, 2024 through December 31, 2024, incorporated in the capitation rates through a risk-based rate adjustment.",form_only_no_letter,numbered,3130000000.0,31300000.0,"$31,300,000",2034108800.0,"$20,341,088",1095891300.0,"$10,958,913",,,True,False,False,,,,,,https://www.medicaid.gov/medicaid/managed-care/downloads/MI_Fee_HCBS1_Renewal_20240101-20241231.pdf,dc5c2f8fb1ba863370b0842bc998e887c390e6629c4a0bc9e23907a4c86512c0,2026-09-30T16:46:11Z,,0.1.0
MI_Fee_HCBS1_Renewal_20250101-20251231,MI,Michigan,Fee,FEE,HCBS1,Renewal,Renewal,2025-01-01,2025-12-31,,"The uniform dollar increase established by the state for direct care workers providing personal care services to eligible enrollees for the rating period covering January 1, 2025 through December 31, 2025, incorporated in the capitation rates through a risk-based rate adjustment.",form_only_no_letter,numbered,3182275900.0,31822759.0,"$31,822,759",2076832800.0,"$20,768,328",1105443100.0,"$11,054,431",,,True,False,False,,,,,,https://www.medicaid.gov/medicaid/managed-care/downloads/MI_Fee_HCBS1_Renewal_20250101-20251231.pdf,57de64d87b72655144169f00db0ed655b26c3152389273da24ae034b5913ee3d,2026-09-30T16:46:12Z,,0.1.0
MI_Fee_HCBS1_Renewal_20260101-20261231,MI,Michigan,Fee,FEE,HCBS1,Renewal,Renewal,2026-01-01,2026-12-31,,"The uniform dollar increase established by the state for direct care workers providing personal care services to eligible enrollees for the rating period covering January 1, 2026through December 31, 2026, incorporated in the capitation rates through a risk-based rate adjustment.",form_only_no_letter,minimal,,,,,,,,,,False,False,False,not read,,,,,https://www.medicaid.gov/medicaid/managed-care/downloads/MI_Fee_HCBS1_Renewal_20260101-20261231.pdf,a41d7a6faa5df0443e16111582838718119ea12aa51c99e483c5226b8a5c16e8,2026-09-30T16:46:14Z,,0.1.0
MI_Fee_HCBS2_Renewal_20221001-20230930,MI,Michigan,Fee,FEE,HCBS2,Renewal,Renewal,2022-10-01,2023-09-30,,"The uniform dollar increase established by the state for direct care workers providing personal care services to eligible enrollees for the rating period covering October 1, 2022 until September 30, 2023 incorporated in the capitation rates through a risk-based rate adjustment.",approval,numbered,3830000000.0,38300000.0,"$38,300,000",2668935500.0,"$26,689,355",1161064500.0,"$11,610,645",,,True,False,False,,,,,,https://www.medicaid.gov/medicaid/managed-care/downloads/MI_Fee_HCBS2_Renewal_20221001-20230930.pdf,e5cf9d9f6fe737c0b9546aa7d66404b482b9096be475ad061cf1870647e07447,2026-09-30T16:46:15Z,,0.1.0
MI_Fee_HCBS2_Renewal_20231001-20240930,MI,Michigan,Fee,FEE,HCBS2,Renewal,Renewal,2023-10-01,2024-09-30,,"The uniform dollar increase established by the state for direct care workers providing personal care services to eligible enrollees for the rating period covering October 1, 2023 until September 30, 2024 incorporated in the capitation rates through a risk-based rate adjustment.",form_only_no_letter,numbered,6920000000.0,69200000.0,"$69,200,000",4519798000.0,"$45,197,980",2400202000.0,"$24,002,020",,,True,False,False,,,,,,https://www.medicaid.gov/medicaid/managed-care/downloads/MI_Fee_HCBS2_Renewal_20231001-20240930.pdf,208c0c7aad8ebbdede04571f8aff9622ca101575d23a4f226ed1f021f806d408,2026-09-30T16:46:16Z,,0.1.0
MI_Fee_HCBS2_Renewal_20241001-20250930,MI,Michigan,Fee,FEE,HCBS2,Renewal,Renewal,2024-10-01,2025-09-30,,"The uniform dollar increase established by the state for direct care workers providing personal care services to eligible enrollees for the rating period covering October 1, 2024 until September 30, 2025 incorporated in the capitation rates through a risk-based rate adjustment.",form_only_no_letter,numbered,7962683900.0,79626839.0,"$79,626,839",5186096000.0,"$51,860,960",2776587900.0,"$27,765,879",,,True,False,False,,,,,,https://www.medicaid.gov/medicaid/managed-care/downloads/MI_Fee_HCBS2_Renewal_20241001-20250930.pdf,d47978d47ebfd879ee79a201193297db7f8b06bdf0f622d4541c26429249478b,2026-09-30T16:46:18Z,,0.1.0
MI_Fee_HCBS2_Renewal_20251001-20260930,MI,Michigan,Fee,FEE,HCBS2,Renewal,Renewal,2025-10-01,2026-09-30,,"The uniform dollar increase established by the state for direct care workers providing personal care services to eligible enrollees for the rating period covering October 1, 2025, until September 30, 2026 incorporated in the capitation rates through a risk-based rate adjustment.",form_only_no_letter,numbered,7280000000.0,72800000.0,"$72,800,000",4753840000.0,"$47,538,400",2526160000.0,"$25,261,600",,,True,False,False,,,,,,https://www.medicaid.gov/medicaid/managed-care/downloads/MI_Fee_HCBS2_Renewal_20251001-20260930.pdf,934a15e9804f4b13ef0e48e37c87d7d05b52f7a596151fce68c6c3a389566299,2026-09-30T16:46:19Z,,0.1.0
MI_Fee_HCBS3_Renewal_20221001-20230930,MI,Michigan,Fee,FEE,HCBS3,Renewal,Renewal,2022-10-01,2023-09-30,,"The uniform dollar increase established by the state for direct care workers providing personal care services to eligible enrollees for the rating period covering October 1, 2022 through September 30, 2023, incorporated in the capitation rates through a risk-based rate adjustment.",approval,numbered,22300000000.0,223000000.0,"$223,000,000",15539755000.0,"$155,397,550",6760245000.0,"$67,602,450",,,True,False,False,,,,,,https://www.medicaid.gov/medicaid/managed-care/downloads/MI_Fee_HCBS3_Renewal_20221001-20230930.pdf,8391504369ae9e149263dce808fb5961192dea020ba54f0892d8cf7055b9ce44,2026-09-30T16:46:20Z,,0.1.0
MI_Fee_HCBS3_Renewal_20231001-20240930,MI,Michigan,Fee,FEE,HCBS3,Renewal,Renewal,2023-10-01,2024-09-30,,"The uniform dollar increase established by the state for direct care workers providing personal care services to eligible enrollees for the rating period covering October 1, 2023 through September 30, 2024, incorporated in the capitation rates through a risk-based rate adjustment.",form_only_no_letter,numbered,32470000000.0,324700000.0,"$324,700,000",21207780500.0,"$212,077,805",11262219500.0,"$112,622,195",,,True,False,False,,,,,,https://www.medicaid.gov/medicaid/managed-care/downloads/MI_Fee_HCBS3_Renewal_20231001-20240930.pdf,86f62b4b8b8af796753ca0a2bad67b4342823b4a8107a5c8f8c9ccbf4503b764,2026-09-30T16:46:21Z,,0.1.0
MI_Fee_HCBS3_Renewal_20241001-20250930,MI,Michigan,Fee,FEE,HCBS3,Renewal,Renewal,2024-10-01,2025-09-30,,"The uniform dollar increase established by the state for direct care workers providing personal care services to eligible enrollees for the rating period covering October 1, 2024 through September 30, 2025, incorporated in the capitation rates through a risk-based rate adjustment.",form_only_no_letter,numbered,36070000000.0,360700000.0,"$360,700,000",23492391000.0,"$234,923,910",12577609000.0,"$125,776,090",,,True,False,False,,,,,,https://www.medicaid.gov/medicaid/managed-care/downloads/MI_Fee_HCBS3_Renewal_20241001-20250930.pdf,0739aa4a2ec4996ffd870849804d0b9ca48990dc2d2e25bc58074f84889e8377,2026-09-30T16:46:23Z,,0.1.0
MI_Fee_HCBS3_Renewal_20251001-20260930,MI,Michigan,Fee,FEE,HCBS3,Renewal,Renewal,2025-10-01,2026-09-30,,"A uniform dollar increase established by the state for direct care workers providing personal care services to eligible enrollees for the rating period covering October 1, 2025through September 30, 2026, incorporated in the capitation rates through a risk-based rate adjustment.",form_only_no_letter,minimal,,,,,,,,,,False,False,False,not read,,,,,https://www.medicaid.gov/medicaid/managed-care/downloads/MI_Fee_HCBS3_Renewal_20251001-20260930.pdf,fec0f139d7ede8ac1dae6d9fedc95bf018d8b8cb290a36af96024e5b22ec6549,2026-09-30T16:46:24Z,,0.1.0
MI_Fee_IPH.OPH_Renewal_20231001-20240930,MI,Michigan,Fee,FEE,IPH.OPH,Renewal,Renewal,2023-10-01,2024-09-30,,"Uniform increase established by the state for inpatient and outpatient hospital services for the rating period covering October 1, 2023 through September 30, 2024 incorporated into the capitation rates through a separate payment term up to $4,775,089,580.",form_only_no_letter,numbered,477508958000.0,4775089580.0,"4,775,089,580",356673175900.0,"3,566,731,759",120835782100.0,"1,208,357,821",,,False,True,False,no currency symbol or scale word; unit assumed,,,,,https://www.medicaid.gov/medicaid/managed-care/downloads/MI_Fee_IPH.OPH_Renewal_20231001-20240930.pdf,864ebe102304fc6b84dfcfb2924cdc9b9e17f786db51b2eba1a4956efdc65c9e,2026-09-30T16:46:25Z,,0.1.0
MI_Fee_IPH.OPH_Renewal_20241001-20250930,MI,Michigan,Fee,FEE,IPH.OPH,Renewal,Renewal,2024-10-01,2025-09-30,,"Uniform increase established by the state for inpatient and outpatient hospital services for the rating period covering October 1, 2024 through September 30, 2025 incorporated into the capitation rates through a separate payment term up to $5,068,237,933.",form_only_no_letter,numbered,506823793297.0,5068237932.97,"5,068,237,932.97",330094336574.0,"3,300,943,365.74",176729456700.0,"1,767,294,567",,,False,True,False,no currency symbol or scale word; unit assumed,,,,,https://www.medicaid.gov/medicaid/managed-care/downloads/MI_Fee_IPH.OPH_Renewal_20241001-20250930.pdf,63ad98a6739ee058c8ac5321b81cd2fa7993e914e483f277a97acd46fb9c6567,2026-09-30T16:46:27Z,,0.1.0
MI_Fee_IPH.OPH_Renewal_20251001-20260930,MI,Michigan,Fee,FEE,IPH.OPH,Renewal,Renewal,2025-10-01,2026-09-30,,"Uniform increase established by the state for inpatient and outpatient hospital services for the rating period covering October 1, 2025 through September 30, 2026, incorporated into the capitation rates through a separate payment term up to $4,873,315,610.",phase_down_determination,prose,,,,,,,,487331561000.0,separate_payment_term,False,False,False,not read,,,,,https://www.medicaid.gov/medicaid/managed-care/downloads/MI_Fee_IPH.OPH_Renewal_20251001-20260930.pdf,685042b6d9374f1586b015560d811052cea9f1808e994e7b2a631960e5957136,2026-09-30T16:46:28Z,,0.1.0
MI_Fee_NF_Renewal_20230101-20231231,MI,Michigan,Fee,FEE,NF,Renewal,Renewal,2023-01-01,2023-12-31,,"Uniform dollar increase for nursing facility services for the rating period covering January 1, 2023 through December 31, 2023 incorporated in the capitation rates through a separate payment term of up to $28,600,000.",approval,numbered,2860000000.0,28600000.0,"$28,600,000",1942798000.0,"$19,427,980",917202000.0,"$9,172,020",2860000000.0,separate_payment_term,True,False,False,,,,,,https://www.medicaid.gov/medicaid/managed-care/downloads/mi-fee-nf-renewal-20230101-20231231.pdf,719639aec236d573cccefb54be7d0dfd484155ab99890c675ccd37a451aa07e7,2026-09-30T16:46:29Z,,0.1.0
MI_Fee_NF_Renewal_20240101-20241231,MI,Michigan,Fee,FEE,NF,Renewal,Renewal,2024-01-01,2024-12-31,,"Uniform dollar increase for nursing facility services for the rating period covering January 1, 2024 through December 31, 2024 incorporated in the capitation rates through a separate payment term of up to $32,900,000.",form_only_no_letter,numbered,3290000000.0,32900000.0,"$32,900,000",2138088800.0,"$21,380,888",1151911300.0,"$11,519,113",,,True,False,False,,,,,,https://www.medicaid.gov/medicaid/managed-care/downloads/MI_Fee_NF_Renewal_20240101-20241231.pdf,00c881600fd39080a50d783851b534fcf7797cec08e27f22a6f61b70f556809d,2026-09-30T16:46:31Z,,0.1.0
MI_Fee_NF_Renewal_20250101-20251231,MI,Michigan,Fee,FEE,NF,Renewal,Renewal,2025-01-01,2025-12-31,,"Uniform dollar increase for nursing facility services for the rating period covering January 1, 2025 through December 31, 2025 incorporated in the capitation rates through a separate payment term of up to $34,148,153.",form_only_no_letter,numbered,3414815300.0,34148153.0,"$34,148,153",2228593800.0,"$22,285,938",1186221500.0,"$11,862,215",,,True,False,False,,,,,,https://www.medicaid.gov/medicaid/managed-care/downloads/MI_Fee_NF_Renewal_20250101-20251231.pdf,d7ca6188463019186cc956f786c5b6cd663e0832e418f4c1398fb6e421f7bf24,2026-09-30T16:46:32Z,,0.1.0
MI_Fee_PC.SP_Renewal_20231001-20240930,MI,Michigan,Fee,FEE,PC.SP,Renewal,Renewal,2023-10-01,2024-09-30,,"Uniform increase established by the state for primary care and specialty physician services provided by practitioners employed or under contract with approved public entities, for the rating period covering October 1, 2023 through September 30, 2024, incorporated int the capitation rates through a separate payment term of up to $580,000,000.",approval,numbered,58000000000.0,580000000.0,"580,000,000",41760000000.0,"417,600,000",16240000000.0,"162,400,000",58000000000.0,separate_payment_term,False,True,False,no currency symbol or scale word; unit assumed,,,,,https://www.medicaid.gov/medicaid/managed-care/downloads/MI_Fee_PC.SP_Renewal_20231001-20240930.pdf,23783151d0281717bfad56a111ffec768a0e3163e77a35b50f523f4e753326c8,2026-09-30T16:46:33Z,,0.1.0
MI_Fee_PC.SP_Renewal_20241001-20250930,MI,Michigan,Fee,FEE,PC.SP,Renewal,Renewal,2024-10-01,2025-09-30,,"Uniform increase established by the state for primary care and specialty physician services provided by practitioners employed or under contract with approved public entities, for the rating period covering October 1, 2024 through September 30, 2025, incorporated in the capitation rates through a separate payment term of up to $610,000,000.",phase_down_determination,numbered,61000000000.0,610000000.0,"610,000,000",44600000000.0,"446,000,000",16400000000.0,"164,000,000",61000000000.0,separate_payment_term,False,True,False,no currency symbol or scale word; unit assumed,,,,,https://www.medicaid.gov/medicaid/managed-care/downloads/MI_Fee_PC.SP_Renewal_20241001-20250930.pdf,d5fefebd180b29944ba234c906429ebe2d49e336070dbe441d723871bd62f9d5,2026-09-30T16:46:35Z,,0.1.0
MI_Fee_PC.SP_Renewal_20251001-20260930,MI,Michigan,Fee,FEE,PC.SP,Renewal,Renewal,2025-10-01,2026-09-30,,"Uniform increase established by the state for primary care and specialty physician services provided by practitioners employed or under contract with approved public entities, for the rating period covering October 1, 2025 through September 30, 2026, incorporated in the capitation rates through a separate payment term up to$610,000,000.",phase_down_determination,prose,,,,,,,,61000000000.0,separate_payment_term,False,False,False,not read,,,,,https://www.medicaid.gov/medicaid/managed-care/downloads/MI_Fee_PC.SP_Renewal_20251001-20260930.pdf,30bed75953fda00f1b4ad8c7eea62e10a2d19d1db1fed7626cc5cca4ca1f2291,2026-09-30T16:46:36Z,,0.1.0
MN_Fee_IPH.OPH.AMC.Oth_Renewal_20230101-20231231,MN,Minnesota,Fee,FEE,IPH.OPH.AMC.Oth,Renewal,Renewal,2023-01-01,2023-12-31,,"Minimum fee schedule established by the state for eligible inpatient and outpatient hospital services, professional services at an academic medical center, ambulance services, and anesthesia services for the rating period, January 1, 2023 through December 31, 2023, incorporated into the capitation rates through a risk-based rate adjustment.",form_only_no_letter,numbered,25966367000.0,259663670.0,"$259,663,670",18139411200.0,"$181,394,112",7826955800.0,"$78,269,558",,,True,False,False,,,,,,https://www.medicaid.gov/medicaid/managed-care/downloads/MN_Fee_IPH.OPH.AMC.Oth_Renewal_20230101-20231231.pdf,bcd14de78208a70571c6cbeeea473372dc516ead6ca104f63a39184215f7d9b1,2026-09-30T16:46:38Z,,0.1.0
MN_Fee_IPH.OPH.AMC.Oth_Renewal_20240101-20241231,MN,Minnesota,Fee,FEE,IPH.OPH.AMC.Oth,Renewal,Renewal,2024-01-01,2024-12-31,,"Minimum fee schedule established by the state for eligible inpatient and outpatient hospital services, professional services at an academic medical center, ambulance services, and anesthesia services for the rating period, January 1, 2024 through December 31, 2024, incorporated into the capitation rates through a risk-based rate adjustment.",form_only_no_letter,numbered,23585511700.0,235855117.0,"$235,855,117",16149570100.0,"$161,495,701",7435941600.0,"$74,359,416",,,True,False,False,,,,,,https://www.medicaid.gov/medicaid/managed-care/downloads/MN_Fee_IPH.OPH.AMC.Oth_Renewal_20240101-20241231.pdf,2590f652e41da8f3d76d499b83268a7799232ca15fc2e6622499813de60c9019,2026-09-30T16:46:39Z,,0.1.0
MN_Fee_Oth_New_20260101-20261231,MN,Minnesota,Fee,FEE,Oth,New,New,2026-01-01,2026-12-31,,"Uniform dollar increase for rural, underserved area and small retail pharmacies for the rating period covering January 1, 2026 through December 31, 2026, incorporated in the capitation rates through a separate payment term amount of up to $25,860,853.",form_only_no_letter,minimal,,,,,,,,,,False,False,False,not read,,,,,https://www.medicaid.gov/medicaid/managed-care/downloads/MN_Fee_Oth_New_20260101-20261231.pdf,25f54860129f8325967a35bb975bfb982e909218b4e7b698195f202677b5956c,2026-09-30T16:46:41Z,,0.1.0
MN_VBP_IPH.OPH.AMC.PC.SP.BHI.BHO_Renewal_20240101-20261231,MN,Minnesota,VBP,VBP,IPH.OPH.AMC.PC.SP.BHI.BHO,Renewal,Renewal,2024-01-01,2026-12-31,,"Value-based purchasing established by the state for the Integrated Health Partnership for eligible inpatient and outpatient hospital services, professional services at an academic medical center, primary care services, specialty physician services, and inpatient and outpatient behavioral health services for the rating period, January 1, 2024 through December 31, 2026, incorporated into the capitation rates through a risk-based rate adjustment.",form_only_no_letter,numbered,,,"See additional information in the attachment, ""Notes"".",,,,,,,False,False,False,no number in the field,,,,,https://www.medicaid.gov/medicaid/managed-care/downloads/MN_VBP_IPH.OPH.AMC.PC.SP.BHI.BHO_Renewal_20240101-20261231.pdf,3da28a2ea98905574dc429446914c728873ea84fdcd91c71693242b0f3a65237,2026-09-30T16:46:44Z,,0.1.0
MO_Fee_ Oth1_Renewal_20250701-20260630,MO,Missouri,Fee,FEE,Oth1,Renewal,Renewal,2025-07-01,2026-06-30,,"Uniform dollar increase for government-owned or operated ground ambulance providers for the rating period covering July 1, 2025, through June 30, 2026, incorporated in the capitation rates through a separate payment term amount of up to $82,280,786.",form_only_no_letter,numbered,8228078600.0,82280786.0,"$82,280,786",5302173800.0,"$53,021,738",2925904700.0,"29,259,047",,,True,False,False,,,,,,https://www.medicaid.gov/medicaid/managed-care/downloads/MO_Fee_ Oth1_Renewal_20250701-20260630.pdf,8dee04a6696502888d7a2ddfb41ea4c719a68b675cdc561b34e8c79ee7cb0018,2026-09-30T16:46:47Z,,0.1.0
MO_Fee_AMC.PC.SP.D.Oth_Amendment_20240701-20250630,MO,Missouri,Fee,FEE,AMC.PC.SP.D.Oth,Amendment,Amendment,2024-07-01,2025-06-30,,"Uniform percentage increase for the professional services of designated providers affiliated with one of the qualifying hospitals for the rating period covering July 1, 2024 through June 30, 2025, incorporated into the capitation rates through a separate payment term up to $45,479,632.73.",phase_down_determination,prose,,,,,,,,4547963273.0,separate_payment_term,False,False,False,not read,,,,,https://www.medicaid.gov/medicaid/managed-care/downloads/MO_Fee_AMC.PC.SP.D.Oth_Amendment_20240701-20250630.pdf,0454ec75140e4732948a2199d5e977de4336f6cef4b8f7cfe1205bba9d1c224d,2026-09-30T16:46:49Z,,0.1.0
MO_Fee_AMC.PC.SP.D.Oth_Renewal_20240701-20250630,MO,Missouri,Fee,FEE,AMC.PC.SP.D.Oth,Renewal,Renewal,2024-07-01,2025-06-30,,"Uniform percentage increases for the professional services of designated providers affiliated with one of the qualifying hospitals for the rating period covering July 1, 2024 through June 30, 2025, incorporated in the capitation rates through a separate payment term of up to $42,885,009.17.",form_only_no_letter,numbered,4288500917.0,42885009.17,"$42,885,009.17 ($41,813,437.90 GP & $1,071,571.27 SP)",3173961878.0,"$31,739,618.78",1114539039.0,"$11,145,390.39",,,True,False,False,,,,,,https://www.medicaid.gov/medicaid/managed-care/downloads/MO_Fee_AMC.PC.SP_Renewal_20240701-20250630.pdf,d93624ce1aae415d0ab817baceffecba743bf4c1fc1dbe27b00ca6fc923a49ec,2026-09-30T16:46:52Z,,0.1.0
MO_Fee_AMC.PC.SP.D.Oth_Renewal_20250701-20260630,MO,Missouri,Fee,FEE,AMC.PC.SP.D.Oth,Renewal,Renewal,2025-07-01,2026-06-30,,"Uniform percentage increase for the professional services of designated providers affiliated with one of the qualifying hospitals for the rating period covering July 1, 2025 through June 30, 2026, incorporated into the capitation rates through a separate payment term up to $52,178,264.",phase_down_determination,minimal,,,,,,,,5217826400.0,separate_payment_term,False,False,False,not read,,,,,https://www.medicaid.gov/medicaid/managed-care/downloads/MO_Fee_AMC.PC.SP.D.Oth_Renewal_20250701-20260630.pdf,d807aee5b19e52c5afc7b20192c6299fd533dcb5b845d3974315aaa7153d1830,2026-09-30T16:46:54Z,,0.1.0
MO_Fee_AMC.PC.SP_Renewal_20230701-20240630,MO,Missouri,Fee,FEE,AMC.PC.SP,Renewal,Renewal,2023-07-01,2024-06-30,,"Uniform percentage increases for the professional services of designated providers affiliated with one of the qualifying hospitals for the rating period covering July 1, 2023 through June 30, 2024, incorporated in the capitation rates through a separate payment term of up to $68,300,368.37",approval,numbered,6830036837.0,68300368.37,"$68,300,368.37  ($65,915,870.36 GP & $2,384,498.01 SP)",4897835746.0,"$48,978,357.46",1932201091.0,"$19,322,010.91",6830036837.0,separate_payment_term,True,False,False,,,,,,https://www.medicaid.gov/medicaid/managed-care/downloads/MO_Fee_AMC.PC.SP_Renewal_20230701-20240630.pdf,e50c2c1dc9351f8806455c158bd2d5655bc67d3697470e351cf2a476802cebbf,2026-09-30T16:46:56Z,,0.1.0
MO_Fee_BHO_New_20220701-20230630,MO,Missouri,Fee,FEE,BHO,New,New,2022-07-01,2023-06-30,,"Minimum fee schedule for Community Mental Health Clinics established by the state for the rating period covering July 1, 2022 through June 30, 2023, incorporated in the capitation rates through a risk-based rate adjustment.",approval,numbered,160276100.0,1602761.0,"$1,602,761",122422900.0,"$1,224,229",37853200.0,"$378,532",,,True,False,False,,,,,,https://www.medicaid.gov/medicaid/managed-care/downloads/MO_Fee_BHO_New_20220701-20230630.pdf,42dd6a1f24aa45f57169c0bf3fe4f8cdc6bd8ebdda98ed2035741f49a499f5d6,2026-09-30T16:46:57Z,,0.1.0
MO_Fee_BHO_Renewal_20230701-20240630,MO,Missouri,Fee,FEE,BHO,Renewal,Renewal,2023-07-01,2024-06-30,,"Minimum fee schedule for Community Mental Health Clinics established by the state for the rating period covering July 1, 2023 through June 30, 2024, incorporated in the capitation rates through a risk-based rate adjustment.",form_only_no_letter,numbered,178496200.0,1784962.0,"$1,784,962",131264500.0,"$1,312,645",47231700.0,"$472,317",,,True,False,False,,,,,,https://www.medicaid.gov/medicaid/managed-care/downloads/MO_Fee_BHO_Renewal_20230701-20240630.pdf,4b2a46002241ac03293155f5a518b3b4d2c14b93e256925f718df10a910cd9c1,2026-09-30T16:46:58Z,,0.1.0
MO_Fee_BHO_Renewal_20240701-20250630,MO,Missouri,Fee,FEE,BHO,Renewal,Renewal,2024-07-01,2025-06-30,,"Minimum fee schedule for Community Mental Health Clinics established by the state for the rating period covering July 1, 2024 through June 30, 2025, incorporated in the capitation rates through a risk-based rate adjustment.",form_only_no_letter,numbered,234068200.0,2340682.0,"$2,340,682",169102900.0,"$1,691,029",64965300.0,"$649,653",,,True,False,False,,,,,,https://www.medicaid.gov/medicaid/managed-care/downloads/MO_Fee_BHO_Renewal_20240701-20250630.pdf,fe5a398998d5494cea97ac179b314f538e058e64d027fdc8527763edd7a61a6e,2026-09-30T16:47:00Z,,0.1.0
MO_Fee_BHO_Renewal_20250701-20260630,MO,Missouri,Fee,FEE,BHO,Renewal,Renewal,2025-07-01,2026-06-30,,"Minimum Fee Schedule for Community Mental Health Clinics established by the state for the rating period covering July 1, 2025 through June 30, 2026, incorporated in the capitation rates through a risk-based adjustment in the amount of $1,167,065.",form_only_no_letter,prose,,,,,,,,,,False,False,False,not read,,,,,https://www.medicaid.gov/medicaid/managed-care/downloads/MO_Fee_BHO_Renewal_20250701-20260630.pdf,ceb267064a293cbd27fecd25925cf896b1193c94e9ee504a089608dbb2b97c31,2026-09-30T16:47:01Z,,0.1.0
MO_Fee_IPH.OPH2_New_20250701-20260630,MO,Missouri,Fee,FEE,IPH.OPH2,New,New,2025-07-01,2026-06-30,,"Minimum and maximum fee schedule for inpatient and outpatient hospital services for children’s hospitals for the rating period covering July 1, 2025 through June 30, 2026, incorporated into the capitation rates through a risk-based adjustment.",phase_down_determination,prose,,,,,,,,,,False,False,False,not read,,,,,https://www.medicaid.gov/medicaid/managed-care/downloads/MO_Fee_IPH.OPH2_New_20250701-20260630.pdf,a87ac462dc0fcfdf6160b85dd9f6af94f53631c63458196473f4f0fb56607e74,2026-09-30T16:47:03Z,,0.1.0
MO_Fee_IPH.OPH_New_20240701-20250630,MO,Missouri,Fee,FEE,IPH.OPH,New,New,2024-07-01,2025-06-30,,"Maximum fee schedule for inpatient and outpatient hospital services established by the state for the rating period covering July 1, 2024, through June 30, 2025, incorporated in the capitation rates through a risk-based rate adjustment.",form_only_no_letter,numbered,0.0,0.0,$0,0.0,$0,0.0,$0,,,True,False,False,,,,,,https://www.medicaid.gov/medicaid/managed-care/downloads/MO_Fee_IPH.OPH_New_20240701-20250630.pdf,ae6721e7a788c45d993af85c0b0a69c3e493668f0b6569abef943a679befe266,2026-09-30T16:47:04Z,,0.1.0
MO_Fee_IPH_Renewal_20230701-20240630,MO,Missouri,Fee,FEE,IPH,Renewal,Renewal,2023-07-01,2024-06-30,,"Minimum and maximum fee schedules established by the state for inpatient hospital services for the rating period covering July 1, 2023 through June 30, 2024, incorporated in the capitation rates through a risk-based rate adjustment.",approval,numbered,167394936600.0,1673949366.0,"$1,673,949,366",124447771600.0,"$1,244,477,716",42947165000.0,"$429,471,650",,,True,False,False,,,,,,https://www.medicaid.gov/medicaid/managed-care/downloads/mo-fee-iph-renewal-20230701-20240630.pdf,17fc10b0078a7079f62fcf8da6a6a5cb9c16f261d13c0089034b26b9a7f5cfb1,2026-09-30T16:47:05Z,,0.1.0
MO_Fee_IPH_Renewal_20240701-20250630,MO,Missouri,Fee,FEE,IPH,Renewal,Renewal,2024-07-01,2025-06-30,,"Minimum and maximum fee schedules established by the state for inpatient hospital services for the rating period, July 1, 2024 through June 30, 2025, incorporated into the capitation rates through a risk-based rate adjustment.",form_only_no_letter,numbered,154120303100.0,1541203031.0,"$1,541,203,031",112108327100.0,"$1,121,083,271",42011976000.0,"$420,119,760",,,True,False,False,,,,,,https://www.medicaid.gov/medicaid/managed-care/downloads/MO_Fee_IPH_Renewal_20240701-20250630.pdf,f0f190063a95f3661e9ae805191eaef09b8a923fe72aa3e0a3fcfe79563e9e56,2026-09-30T16:47:07Z,,0.1.0
MO_Fee_IPH_Renewal_20250701-20260630,MO,Missouri,Fee,FEE,IPH,Renewal,Renewal,2025-07-01,2026-06-30,,"Minimum and maximum fee schedules established by the state for inpatient hospital services for the rating period covering July 1, 2025 through June 30, 2026, incorporated into the capitation rates through a risk-based adjustment.",phase_down_determination,prose,,,,,,,,,,False,False,False,not read,,,,,https://www.medicaid.gov/medicaid/managed-care/downloads/MO_Fee_IPH_Renewal_20250701-20260630.pdf,4cb397b607cc238734d7f8c52c0ad381daa4f82e8a0304879379664f5d7bd50b,2026-09-30T16:47:08Z,,0.1.0
MO_Fee_OPH_Renewal_20230701-20240630,MO,Missouri,Fee,FEE,OPH,Renewal,Renewal,2023-07-01,2024-06-30,,"Minimum and maximum fee schedules established by the state for outpatient hospital services for the rating period covering July 1, 2023 through June 30, 2024, incorporated in the capitation rates through a risk-based rate adjustment.",approval,numbered,123874971300.0,1238749713.0,"$1,238,749,713",97244935300.0,"$972,449,353",26630036000.0,"$266,300,360",,,True,False,False,,,,,,https://www.medicaid.gov/medicaid/managed-care/downloads/MO_Fee_OPH_Renewal_20230701-20240630.pdf,155f8b4242dea5730b8d34bae2c6d52703e1338982f9ad9b8e65240efd6ba96c,2026-09-30T16:47:09Z,,0.1.0
MO_Fee_OPH_Renewal_20240701-20250630,MO,Missouri,Fee,FEE,OPH,Renewal,Renewal,2024-07-01,2025-06-30,,"Minimum and maximum fee schedules established by the state for outpatient hospital services for the rating period, July 1, 2024 through June 30, 2025, incorporated into the capitation rates through a risk-based rate adjustment.",form_only_no_letter,numbered,126830855200.0,1268308552.0,"$1,268,308,552",96520169900.0,"$965,201,699",30310685300.0,"$303,106,853",,,True,False,False,,,,,,https://www.medicaid.gov/medicaid/managed-care/downloads/MO_Fee_OPH_Renewal_20240701-20250630.pdf,a499f31ee3b58f678970644426b3ea0951c7fea129c3c51a0ce07c4e2c43b959,2026-09-30T16:47:11Z,,0.1.0
MO_Fee_OPH_Renewal_20250701-20260630,MO,Missouri,Fee,FEE,OPH,Renewal,Renewal,2025-07-01,2026-06-30,,"Minimum and maximum fee schedules established by the state for outpatient hospital services for the rating period covering July 1, 2025 through June 30, 2026, incorporated into the capitation rates through a risk-based adjustment.",phase_down_determination,prose,,,,,,,,,,False,False,False,not read,,,,,https://www.medicaid.gov/medicaid/managed-care/downloads/MO_Fee_OPH_Renewal_20250701-20260630.pdf,00e59b17984b16d0af7d31b1034393bcc8780f3bbf8db605796e5ccea6c1dad9,2026-09-30T16:47:12Z,,0.1.0
MO_Fee_Oth1_New_20240701-20250630,MO,Missouri,Fee,FEE,Oth1,New,New,2024-07-01,2025-06-30,,"Uniform dollar increase for government-owned or operated ground ambulance providers for the rating period covering July 1, 2024, through June 30, 2025, incorporated in the capitation rates through a separate payment term amount of up to $80,253,305.",form_only_no_letter,numbered,8025330500.0,80253305.0,"$80,253,305",5241343400.0,"$52,413,434",2783987100.0,"$27,839,871",,,True,False,False,,,,,,https://www.medicaid.gov/medicaid/managed-care/downloads/MO_Fee_Oth1_New_20240701-20250630.pdf,e3aff61d53161a5e0a36924031211580e307a64f75bc8dc31c55d21d4c77d16a,2026-09-30T16:47:13Z,,0.1.0
MO_VBP_IPH.OPH3_New_20250701-20260630,MO,Missouri,VBP,VBP,IPH.OPH3,New,New,2025-07-01,2026-06-30,,"Quality Payment/Pay for Performance (Category 2 APM, or similar) for inpatient and outpatient hospital services for the rating period covering July 1, 2025 through June 30,2026, incorporated into the capitation rates through a separate payment term in the amount of $233,573,938.",phase_down_determination,minimal,,,,,,,,,,False,False,False,not read,,,,,https://www.medicaid.gov/medicaid/managed-care/downloads/MO_VBP_IPH.OPH3_New_20250701-20260630_0.pdf,a52b96381a5c0290df8b872172610ed497687e75f934c5bef923af2edafa7bd4,2026-09-30T16:47:15Z,,0.1.0
MS_Fee.VBP_AMC_Renewal_20230701-20240630,MS,Mississippi,Fee.VBP,FEE.VBP,AMC,Renewal,Renewal,2023-07-01,2024-06-30,,"Uniform percentage increase established by the state for the professional services at an academic medical center for the rating period covering July 1, 2023 through June 30, 2024, incorporated in the capitation rates through a separate payment term of up to $39,420,290.00; Performance improvement initiative established by the state for the professional services at an academic medical center for the rating period covering July 1, 2023 through June 30, 2024, incorporated in the capitation rates through a separate payment term of up to $39,420,290.00.",approval,numbered,3942029000.0,39420290.0,"$ 39,420,290",3091240600.0,"$30,912,406",850788400.0,"$8,507,884",3942029000.0,separate_payment_term,True,False,False,,,,,,https://www.medicaid.gov/medicaid/managed-care/downloads/ms-fee.vbp-amc-renewal-20230701-20240630.pdf,192143e839d091458788879980c17cef262b9c8e1aa4c8a5c91f93a0e64fd825,2026-09-30T16:47:16Z,,0.1.0
MS_Fee.VBP_AMC_Renewal_20240701-20250630,MS,Mississippi,Fee.VBP,FEE.VBP,AMC,Renewal,Renewal,2024-07-01,2025-06-30,,"Uniform percentage increase and performance improvement initiative established by the state for professional services at an academic medical center for the rating period covering July 1, 2024 through June 30, 2025, incorporated in the capitation rates through a separate payment term of up to $29,526,177.",form_only_no_letter,numbered,2952617700.0,29526177.0,"$29,526,177",2273294200.0,"$22,732,942",679323500.0,"$6,793,235",,,True,False,False,,MS_Fee.VBP_AMC_Renewal_20240701-20250630,,,,https://www.medicaid.gov/medicaid/managed-care/downloads/MS_Fee.VBP_AMC_Renewal_20240701-20250630.pdf,862679fc9433de3c747f28e23b155c0fc53fe2ba85ab941117959775c57615e9,2026-09-30T16:47:17Z,,0.1.0
MS_Fee.VBP_AMC_Renewal_20250701-20260630,MS,Mississippi,Fee.VBP,FEE.VBP,AMC,Renewal,Renewal,2025-07-01,2026-06-30,,"Uniform Percentage Increase for professional services at an academic medical center for rating periods covering July 1, 2025 through June 30, 2026, incorporated in the capitation rates through a separate payment term amount of up to $31,002,486.",phase_down_determination,minimal,,,,,,,,3100248600.0,separate_payment_term,False,False,False,not read,,,,,https://www.medicaid.gov/medicaid/managed-care/downloads/MS_Fee.VBP_AMC_Renewal_20250701-20260630.pdf,9acd881d1b7a6b0935bbba15bc72ab4786e53f0f77a646c9298515473b9c357e,2026-09-30T16:47:18Z,,0.1.0
MS_Fee.VBP_IPH.OPH.Oth_Renewal_20250701-20260630,MS,Mississippi,Fee.VBP,FEE.VBP,IPH.OPH.Oth,Renewal,Renewal,2025-07-01,2026-06-30,,"Uniform percentage increase and performance improvement initiative payments established by the state for inpatient hospital services, outpatient hospital services, and rural emergency hospital services for the rating period, July 1, 2025 through June 30,2026, incorporated into the capitation rates through a separate payment term of up to $1,510,325,958.",phase_down_determination,numbered,151032595800.0,1510325958.0,"$1,510,325,958",116144066200.0,"$1,161,440,662",34888529600.0,"$348,885,296",151032595800.0,separate_payment_term,True,False,False,,MS_Fee.VBP_IPH.OPH.Oth_Renewal_20250701-20260630,,,,https://www.medicaid.gov/medicaid/managed-care/downloads/MS_Fee.VBP_IPH.OPH.Oth_Renewal_20250701-20260630.pdf,24d35e31f036082e07bc9d84440fad11d2110af76ff39662c11aa60dbfe52ad0,2026-09-30T16:47:20Z,,0.1.0
MS_Fee.VBP_IPH.OPH_Amend2_20240701-20250630,MS,Mississippi,Fee.VBP,FEE.VBP,IPH.OPH,Amend2,Amendment,2024-07-01,2025-06-30,,"The amendment of the uniform percentage increase and performance improvement initiatives payments established by the state for eligible inpatient and outpatient hospital services for the rating period covering July 1, 2024 through June 30, 2025,incorporated in the capitation rates through a separate payment term of up to $1,540,423,694.",form_only_no_letter,prose,,,,,,,,,,False,False,False,not read,,,,,https://www.medicaid.gov/medicaid/managed-care/downloads/MS_Fee.VBP_IPH.OPH_Amend2_20240701-20250630.pdf,41f6bb03f6419838d424c13071d9a9de17dc65801bafbb37d1dfd4a13e8d4f89,2026-09-30T16:47:21Z,,0.1.0
MS_Fee.VBP_IPH.OPH_Amend_20240701-20250630,MS,Mississippi,Fee.VBP,FEE.VBP,IPH.OPH,Amend,Amendment,2024-07-01,2025-06-30,,"Uniform percentage increase and performance improvement initiative payments established by the state for eligible inpatient and hospital services for the rating period covering July 1, 2024 through June 30, 2025, incorporated in the capitation rates through a separate payment term of up to $1,540,423,694.",form_only_no_letter,numbered,154042369400.0,1540423694.0,"$1,540,423,694",118597220200.0,"$1,185,972,202",35445149200.0,"$354,451,492",,,True,False,False,,MS_Fee.VBP_IPH.OPH_Amend_20240701-20250630,,,,https://www.medicaid.gov/medicaid/managed-care/downloads/MS_Fee.VBP_IPH.OPH_Amend_20240701-20250630.pdf,739f20313cef7315a5436ff8cf16eaec308e7c2669147fe5dfe90d0dd6e17608,2026-09-30T16:47:23Z,,0.1.0
MS_Fee.VBP_IPH.OPH_Renewal_20240701-20250630,MS,Mississippi,Fee.VBP,FEE.VBP,IPH.OPH,Renewal,Renewal,2024-07-01,2025-06-30,,"Uniform percentage increase and performance improvement initiative payments established by the state for inpatient and outpatient hospital services for the rating period covering July 1, 2024 through June 30, 2025, incorporated in the capitation rates through a separate payment term of up to $1,565,840,324.",form_only_no_letter,numbered,156584032400.0,1565840324.0,"$1,565,840,324",120554046500.0,"$1,205,540,465",36029985900.0,"$360,299,859",,,True,False,False,,,,,,https://www.medicaid.gov/medicaid/managed-care/downloads/MS_Fee.VBP_IPH.OPH_Renewal_20240701-20250630.pdf,c4902d1867d3da0092a68c8b00abbcab13b9808ebcc7225be189cba7ccdec8c2,2026-09-30T16:47:24Z,,0.1.0
MS_Fee_IPH.OPH_Amend2_20220701-20230630,MS,Mississippi,Fee,FEE,IPH.OPH,Amend2,Amendment,2022-07-01,2023-06-30,,"Uniform percentage increase established by the state for inpatient and outpatient hospital services for the rating period covering July 1, 2022 through June 30, 2023, incorporated in the capitation rates through a separate payment term of up to $601,153,602.00.",approval,numbered,60115360200.0,601153602.0,"$601,153,602.00",50420255484.0,504202554.84,9695104716.0,96951047.16,60115360200.0,separate_payment_term,True,False,False,,,,,,https://www.medicaid.gov/medicaid/managed-care/downloads/MS_Fee_IPH.OPH_Amend2_20220701-20230630.pdf,0de39b6ff0cc052fab507f758a7d426ce7ffb9354d0f42ed673bf31a626aff32,2026-09-30T16:47:25Z,,0.1.0
MS_Fee_IPH.OPH_Amend_20210701-20220630,MS,Mississippi,Fee,FEE,IPH.OPH,Amend,Amendment,2021-07-01,2022-06-30,,"Uniform percentage increase established by the state for inpatient and outpatient hospital services for the rating period covering July 1, 2021 through June 30, 2022, incorporated in the capitation rates through a separate payment term of up to $533,110,956.00.",approval,numbered,53311095600.0,533110956.0,"$533,110,956.00",43263286857.0,432632868.57,10047808743.0,100478087.43,53311095600.0,separate_payment_term,True,False,False,,,,,,https://www.medicaid.gov/medicaid/managed-care/downloads/MS_Fee_IPH.OPH_Amend_20210701-20220630.pdf,b7167a7bd3d27e0aae69f77025841b0bcf034a1d2c66736ba06287e6bcfdb9f3,2026-09-30T16:47:27Z,,0.1.0
MS_Fee_IPH.OPH_Amend_20230701-20240630,MS,Mississippi,Fee,FEE,IPH.OPH,Amend,Amendment,2023-07-01,2024-06-30,,"Uniform percentage increase established by the state for inpatient and outpatient hospital services for the rating period covering July 1, 2023 through June 30, 2024, incorporated in the capitation rates through a separate payment term of up to $1,522,313,885.00.",approval,numbered,152231388500.0,1522313885.0,"$1,522,313,885.00",119376049077.0,"$1,193,760,490.77",32855339423.0,"$328,553,394.23",152231388500.0,separate_payment_term,True,False,False,,,,,,https://www.medicaid.gov/medicaid/managed-care/downloads/MS_Fee_IPH.OPH_Amend_20230701-20240630.pdf,66feb9fa6ec85aa5aee12949abe4cee1fdc7ad3a6f0cb2ca9c593e94a69b8a12,2026-09-30T16:47:28Z,,0.1.0
MS_Fee_IPH.OPH_Renewal_20230701-20240630,MS,Mississippi,Fee,FEE,IPH.OPH,Renewal,Renewal,2023-07-01,2024-06-30,,"Uniform percentage increase established by the state for inpatient and outpatient hospital services for the rating period covering July 1, 2023 through June 30, 2024, incorporated in the capitation rates through a separate payment term of up to $562,279,698.00.",approval,numbered,56227969800.0,562279698.0,"$562,279,698.00",44092568218.0,"$440,925,682.18",12135401582.0,"$121,354,015.82",56227969800.0,separate_payment_term,True,False,False,,,,,,https://www.medicaid.gov/medicaid/managed-care/downloads/MS_Fee_IPH.OPH_Renewal_20230701-20240630.pdf,54cd610aed32ffff78671446d704fe1af80f460509a733a0d91c7881fa97f5d5,2026-09-30T16:47:29Z,,0.1.0
MS_Fee_IPH.PC.SP_New_20240701-20250630,MS,Mississippi,Fee,FEE,IPH.PC.SP,New,New,2024-07-01,2025-06-30,,"Uniform dollar increase established by the state for inpatient hospital services, primary care services, and specialty physician services for the rating period, July 1, 2024 through June 30, 2025, incorporated into the capitation rates through a separate payment term of up to $6,603,083.",form_only_no_letter,numbered,660308300.0,6603083.0,"$6,603,083",508371400.0,"$5,083,714",151936900.0,"$1,519,369",,,True,False,False,,MS_Fee_IPH.PC.SP_New_20240701-20250630,,,,https://www.medicaid.gov/medicaid/managed-care/downloads/MS_Fee_IPH.PC.SP_New_20240701-20250630.pdf,e9f76e6fe4f077bf338a7771a997762b699b656ca5a6c83dd9b8ea3e02c2cf8e,2026-09-30T16:47:30Z,,0.1.0
MS_Fee_IPH.PC.SP_Renewal_20250701-20260630,MS,Mississippi,Fee,FEE,IPH.PC.SP,Renewal,Renewal,2025-07-01,2026-06-30,,"Uniform dollar increase established by the state for inpatient hospital services, primary care services, and specialty physician services for the rating period covering July 1, 2025through June 30, 2026, incorporated into the capitation rates through a separate payment term amount of up to $6,603,083.",phase_down_determination,minimal,,,,,,,,660308300.0,separate_payment_term,False,False,False,not read,,,,,https://www.medicaid.gov/medicaid/managed-care/downloads/MS_Fee_IPH.PC.SP_Renewal_20250701-20260630.pdf,0562fd0f657c592b3b8ac7ac8f6ae709bbf84e875e4ecf66126f03136951ce1e,2026-09-30T16:47:32Z,,0.1.0
MS_Fee_Oth_Renewal_20230701-20240630,MS,Mississippi,Fee,FEE,Oth,Renewal,Renewal,2023-07-01,2024-06-30,,"Uniform dollar increase established by the state for ground emergency ambulance services for the rating period, July 1, 2023 through June 30, 2024, incorporated into the capitation rates through a separate payment term up to $20,616,966.",form_only_no_letter,numbered,2061696600.0,20616966.0,"$20,616,966",1593073000.0,"$15,930,730",468623600.0,"$4,686,236",,,True,False,False,,,,,,https://www.medicaid.gov/medicaid/managed-care/downloads/MS_Fee_Oth_Renewal_20230701-20240630.pdf,6e52dd82ff5fcc81bbfd5ca68660edfb15ad0b8a3ff401d40efcf8f00ac01e13,2026-09-30T16:47:33Z,,0.1.0
MS_Fee_Oth_Renewal_20240701-20250630,MS,Mississippi,Fee,FEE,Oth,Renewal,Renewal,2024-07-01,2025-06-30,,"Uniform dollar increase established by the state for ground emergency ambulance services for the rating period covering July 1, 2024 through June 30, 2025, incorporated in the capitation rates through a separate payment term of up to $25,285,224.",form_only_no_letter,numbered,2528522400.0,25285224.0,"$25,285,224",1946772600.0,"$19,467,726",581749800.0,"$5,817,498",,,True,False,False,,,,,,https://www.medicaid.gov/medicaid/managed-care/downloads/MS_Fee_Oth_Renewal_20240701-20250630.pdf,dcdab8c17c60839dec908880156ad043e242a92d629fc6f4d5a17f0310886f83,2026-09-30T16:47:34Z,,0.1.0
MS_Fee_Oth_Renewal_20250701-20260630,MS,Mississippi,Fee,FEE,Oth,Renewal,Renewal,2025-07-01,2026-06-30,,"Uniform Dollar Increase for ground emergency ambulance services for the rating period covering July 1, 2025 through June 30, 2026, incorporated in the capitation rates through a separate payment term amount up to $35,786,648.",form_only_no_letter,prose,,,,,,,,,,False,False,False,not read,,,,,https://www.medicaid.gov/medicaid/managed-care/downloads/MS_Fee_Oth_Renewal_20250701-20260630.pdf,ddcb36abe0e5fc584a3f115c52e2aa5eee22e0c636211ea6ed306c8ff093e690,2026-09-30T16:47:36Z,,0.1.0
Ma-Fee-Bhi-Renewal-20220101-20221231,MA,Massachusetts,Fee,FEE,Bhi,Renewal,Renewal,2022-01-01,2022-12-31,,"Uniform increase for DMH-licensed Psychiatric Hospitals and all units with DMH-licensed beds within acute inpatient hospitals and all units that have DMH-licensed beds within applicable Chronic Disease and Rehabilitation Hospitals for the rating period covering January 1, 2022 through December 31, 2022, incorporated in the capitation rates through a risk-based rate adjustment.",approval,numbered,272846700.0,2728467.0,"$2,728,467",163708000.0,"$1,637,080",109138700.0,"$1,091,387",,,True,False,False,,,,state code was not upper case; fields were hyphen separated,,https://www.medicaid.gov/medicaid/managed-care/downloads/ma-fee-bhi-renewal-20220101-20221231.pdf,566af7feb3f4a8aec77f31908d2594ff8db184bec1d86a331ff10953f8c15c9b,2026-09-30T16:47:37Z,,0.1.0
Ma-Fee-Bhi2-Renewal-20220101-20221231,MA,Massachusetts,Fee,FEE,Bhi2,Renewal,Renewal,2022-01-01,2022-12-31,,"Minimum fee schedule for psychiatric services for enrollees under the age of 21 with Autism Spectrum Disorder or Intellectual or Developmental Disability (ASD/IDD) for the rating period covering January 1, 2022 through December 31, 2022, incorporated in the capitation rates through a risk-based rate adjustment.",approval,numbered,3241100.0,32411.0,"$32,411",1944700.0,"$19,447",1296400.0,"$12,964",,,True,False,False,,,,state code was not upper case; fields were hyphen separated,,https://www.medicaid.gov/medicaid/managed-care/downloads/ma-fee-bhi2-renewal-20220101-20221231.pdf,20646b5d3dde98cedc9b08225cc6ede8a7dc4d73d0c1d98ff3f338c9810088e1,2026-09-30T16:47:38Z,,0.1.0
Ma-Fee-Bho-New-20220101-20221231,MA,Massachusetts,Fee,FEE,Bho,New,New,2022-01-01,2022-12-31,,"Uniform increase established by the State for Behavioral Health Urgent Care (BHUC) for the rating period covering January 1, 2022 through December 31, 2022, incorporated in the capitation rates through a risk-based rate adjustment.",approval,numbered,2962509200.0,29625092.0,"$29,625,092",1777505500.0,"17,775,055",1185003700.0,"11,850,037",,,True,False,False,,,,state code was not upper case; fields were hyphen separated,,https://www.medicaid.gov/medicaid/managed-care/downloads/ma-fee-bho-new-20220101-20221231.pdf,3e021f77d5979237565032a78c30f3ffbef1949244f9902b1338587b18ffdf6e,2026-09-30T16:47:40Z,,0.1.0
Ma-Fee-Bho-Oth-Renewal-20220101-20221231,MA,Massachusetts,Fee,FEE,Bho_Oth,Renewal,Renewal,2022-01-01,2022-12-31,,"Uniform increase for behavioral health outpatient services, behavioral health diversionary services, and early intervention services established by the state for the rating period covering January 1, 2022 through December 31, 2022, incorporated in the capitation rates through a risk-based rate adjustment.",approval,numbered,15860000000.0,158600000.0,"$158,600,000",9520000000.0,"$95,200,000",6340000000.0,"$63,400,000",,,True,False,False,,,,state code was not upper case; fields were hyphen separated,,https://www.medicaid.gov/medicaid/managed-care/downloads/ma-fee-bho-oth-renewal-20220101-20221231.pdf,edf61f5443d195e70cc9b3cb06101bfc770e1942ffa59f82ff4fdabfbbbcbaac,2026-09-30T16:47:41Z,,0.1.0
Ma-Fee-Bho-Oth2-Renewal-20220101-20221231,MA,Massachusetts,Fee,FEE,Bho_Oth2,Renewal,Renewal,2022-01-01,2022-12-31,,"Minimum fee scheduled established by the State for outpatient behavioral health services and behavioral health diversionary services for the rating period covering January 1, 2022 through December 31, 2022, incorporated in the capitation rates through a risk-based rate adjustment.",approval,numbered,4249658000.0,42496580.0,"$42,496,580",2549794800.0,"$25,497,948",1699863200.0,"$16,998,632",,,True,False,False,,,,state code was not upper case; fields were hyphen separated,,https://www.medicaid.gov/medicaid/managed-care/downloads/ma-fee-bho-oth2-renewal-20220101-20221231.pdf,ed5215f1e5c414ac406f3ca447f2d7616479d174865883501020b94242bc2489,2026-09-30T16:47:42Z,,0.1.0
Ma-Fee-Bho2-Renewal-20220101-20221231,MA,Massachusetts,Fee,FEE,Bho2,Renewal,Renewal,2022-01-01,2022-12-31,,"Minimum Fee Schedule established by the State for the Program of Assertive Community Treatment (PACT) for the rating period covering January 1, 2022 through December 31, 2022, incorporated in the capitation rates through a risk-based rate adjustment.",approval,numbered,553575300.0,5535753.0,"$5,535,753",332145200.0,"$3,321,452",221430100.0,"$2,214,301",,,True,False,False,,,,state code was not upper case; fields were hyphen separated,,https://www.medicaid.gov/medicaid/managed-care/downloads/ma-fee-bho2-renewal-20220101-20221231.pdf,27e065f5ae5710ccb272b45dd275d976e14e7b7b573ebffd3a55e51fea030caf,2026-09-30T16:47:44Z,,0.1.0
Ms-Fee-Oth-New-20220701-20230630,MS,Mississippi,Fee,FEE,Oth,New,New,2022-07-01,2023-06-30,,"Uniform increase established by the state for ground emergency ambulance services for the rating period covering July 1, 2022 through June 30, 2023, incorporated in the capitation rates through a separate payment term of up to $14,740,472.00.",approval,numbered,1474047200.0,14740472.0,"$14,740,472",1184544300.0,"$11,845,443",289502900.0,"$2,895,029",1474047200.0,separate_payment_term,True,False,False,,,,state code was not upper case; fields were hyphen separated,,https://www.medicaid.gov/medicaid/managed-care/downloads/ms-fee-oth-new-20220701-20230630.pdf,3007e2997f95e4ff9a9cb3ad3fa0fc576c54b5d22eac9b4c0492e63a6d1ae57c,2026-09-30T16:47:45Z,,0.1.0
NC-Fee-BHO-Amend-20210701-20220630,NC,North Carolina,Fee,FEE,BHO,Amend,Amendment,2021-07-01,2022-06-30,,"Uniform percentage increase established by the state for behavioral health outpatient services for the rating period covering July 1, 2021 through June 30, 2022, incorporated in the capitation rates through a risk-based rate adjustment.",approval,numbered,1881500000.0,18815000.0,"$18,815,000",1389500000.0,"$13,895,000",492000000.0,"$4,920,000",,,True,False,False,,,,fields were hyphen separated,,https://www.medicaid.gov/medicaid/managed-care/downloads/nc-fee-bho-amend-20210701-20220630.pdf,6aa614f46e5789a95380d1031d6084280c27e9068bafea61a88b53a604225d17,2026-09-30T16:47:46Z,,0.1.0
NC-Fee-BHO-Oth-Amend-20210701-20220630,NC,North Carolina,Fee,FEE,BHO_Oth,Amend,Amendment,2021-07-01,2022-06-30,,"Uniform increase established by the state for behavioral health outpatient services and other eligible provider services for the rating period covering July 1, 2021 through June 30, 2022, incorporated in the capitation rates through a risk-based rate adjustment.",approval,numbered,3512800000.0,35128000.0,"$35,128,000",2594200000.0,"$25,942,000",918600000.0,"$9,186,000",,,True,False,False,,,,fields were hyphen separated,,https://www.medicaid.gov/medicaid/managed-care/downloads/nc-fee-bho-oth-amend-20210701-20220630.pdf,f6bd7b8239ad551549b1c3701ece8701fbc9f5b6c2b1b369d3e4b25d89183a2b,2026-09-30T16:47:48Z,,0.1.0
NC-Fee-HCBS-BHO-Amend-20210701-20220630,NC,North Carolina,Fee,FEE,HCBS_BHO,Amend,Amendment,2021-07-01,2022-06-30,,"Uniform increase established by the state for home and community-based and behavioral health outpatient services for the rating period covering July 1, 2021 through June 30, 2022, incorporated in the capitation rates through a risk-based rate adjustment.",approval,numbered,2793900000.0,27939000.0,"$27,939,000",2063300000.0,"$20,633,000",730600000.0,"$7,306,000",,,True,False,False,,,,fields were hyphen separated,,https://www.medicaid.gov/medicaid/managed-care/downloads/nc-fee-hcbs-bho-amend-20210701-20220630.pdf,0caf6ad4a1377387cc85847bb4fe972f8ea8331e8e11745b796ef8baeb378987,2026-09-30T16:47:49Z,,0.1.0
NC-Fee-HCBS-BHO-Renewal-20230701-20240630,NC,North Carolina,Fee,FEE,HCBS_BHO,Renewal,Renewal,2023-07-01,2024-06-30,,"Uniform dollar increase for home and community-based services and behavioral health outpatient services established by the state for the rating period covering July 1, 2023 through June 30, 2024, incorporated in the capitation rates through a risk-based rate adjustment.",approval,numbered,15920000000.0,159200000.0,"$159,200,000",10714687000.0,"$107,146,870",5205313000.0,"$52,053,130",,,True,False,False,,,,fields were hyphen separated,,https://www.medicaid.gov/medicaid/managed-care/downloads/nc-fee-hcbs-bho-renewal-20230701-20240630.pdf,740ec070619010163b0e2687941f162685c1c253fb4863a880759ece6ec18dbc,2026-09-30T16:47:50Z,,0.1.0
NC-Fee-NF-BHO-Amend-20210701-20220630,NC,North Carolina,Fee,FEE,NF_BHO,Amend,Amendment,2021-07-01,2022-06-30,,"Uniform increase established by the state for nursing facility services and behavioral health outpatient services for the rating period covering July 1, 2021 through June 30, 2022, incorporated in the capitation rates through a risk-based rate adjustment.",approval,numbered,11515700000.0,115157000.0,"$115,157,000",8504350000.0,"$85,043,500",3011350000.0,"$30,113,500",,,True,False,False,,,,fields were hyphen separated,,https://www.medicaid.gov/medicaid/managed-care/downloads/nc-fee-nf-bho-amend-20210701-20220630.pdf,ec23302fa522df45b7fc097f63338b525cc78976bc947b8784de4f544c82238a,2026-09-30T16:47:52Z,,0.1.0
NC_Fee_AMC_Amend_20220701-20230630,NC,North Carolina,Fee,FEE,AMC,Amend,Amendment,2022-07-01,2023-06-30,,"Uniform dollar increase established by the state for the professional services at academic medical centers for the rating period covering July 1, 2022 through June 30, 2023 incorporated in the capitation rates through a separate payment term of up to $89,528,544.",approval,numbered,8952854400.0,89528544.0,"$89,528,544",6060634800.0,60606348,2892219600.0,28922196,8952854400.0,separate_payment_term,True,False,False,,,,,,https://www.medicaid.gov/medicaid/managed-care/downloads/nc-fee-amc-amend-20220701-20230630.pdf,3a5e16f46e7c5f8fb5a620fdfbc3036c09a850d8e8a29ff8acc48ab175676666,2026-09-30T16:47:53Z,,0.1.0
NC_Fee_AMC_Renewal_20230701-20240630,NC,North Carolina,Fee,FEE,AMC,Renewal,Renewal,2023-07-01,2024-06-30,,"Uniform dollar increase established by the state for the professional services at academic medical centers for the rating period covering July 1, 2023 through June 30, 2024 incorporated in the capitation rates through a separate payment term of up to $83,547,311.",form_only_no_letter,numbered,8354731100.0,83547311.0,"$83,547,311",5941049300.0,"$59,410,493",2413681800.0,"$24,136,818",,,True,False,False,,,,,,https://www.medicaid.gov/medicaid/managed-care/downloads/NC_Fee_AMC_Renewal_20230701-20240630.pdf,4d6dbfbdca477f4b38974d7321dfb5e41736df068bd012f76da323ce1c7e9b09,2026-09-30T16:47:54Z,,0.1.0
NC_Fee_AMC_Renewal_20240701-20250630,NC,North Carolina,Fee,FEE,AMC,Renewal,Renewal,2024-07-01,2025-06-30,,"Uniform dollar increase established by the state for the professional services at academic medical centers for the rating period covering July 1, 2024 through June 30, 2025, incorporated in the capitation rates through a separate payment term of up to$103,203,351.",form_only_no_letter,numbered,10320335100.0,103203351.0,"$103,203,351",7722190700.0,"$77,221,907",2598144400.0,"$25,981,444",,,True,False,False,,,,,,https://www.medicaid.gov/medicaid/managed-care/downloads/NC_Fee_AMC_Renewal_20240701-20250630.pdf,18bcdaca3a42bc2ce2bfe0ecb1572ad82836f5242677a655f19ed76524a456c2,2026-09-30T16:47:56Z,,0.1.0
NC_Fee_BHI_Renewal_20230701-20240630,NC,North Carolina,Fee,FEE,BHI,Renewal,Renewal,2023-07-01,2024-06-30,,"Uniform dollar increase established by the state for behavioral health inpatient services for the rating period covering July 1, 2023 through June 30, 2024, incorporated in the capitation rates through a risk-based rate adjustment.",approval,numbered,10000000000.0,100000000.0,"$100,000,000",6736000000.0,"$67,360,000",3264000000.0,"$32,640,000",,,True,False,False,,,,,,https://www.medicaid.gov/medicaid/managed-care/downloads/nc-fee-bhi-renewal-20230701-20240630.pdf,53e7071ec8acefebbd7522ad84c0dcbabb2c134814cf83bfe88af3067a703cc4,2026-09-30T16:47:57Z,,0.1.0
NC_Fee_BHI_Renewal_20240701-20250630,NC,North Carolina,Fee,FEE,BHI,Renewal,Renewal,2024-07-01,2025-06-30,,"Uniform dollar increase established by the state for eligible behavioral health inpatient services for the rating period, July 1, 2024 through June 30, 2025, incorporated into the capitation rates through a risk-based rate adjustment.",form_only_no_letter,numbered,10050000000.0,100500000.0,"$100,500,000",7040000000.0,$70.4 Million,3010000000.0,$30.1 Million,,,True,False,False,,,,,,https://www.medicaid.gov/medicaid/managed-care/downloads/NC_Fee_BHI_Renewal_20240701-20250630.pdf,c54059ae40980339e27585ddf2297677243f5ab4ac49f851aeda5029ecbe0223,2026-09-30T16:47:58Z,,0.1.0
NC_Fee_BHI_Renewal_20250701-20260630,NC,North Carolina,Fee,FEE,BHI,Renewal,Renewal,2025-07-01,2026-06-30,,"Uniform dollar increase for eligible behavioral health inpatient services for the rating period covering July 1, 2025 through June 30, 2026, incorporated in the capitation rates through a risk-based rate adjustment of up to $136,400,000.",form_only_no_letter,numbered,13640000000.0,136400000.0,"$136,400,000",8810000000.0,"$88,100,000",4830000000.0,"$48,300,000",,,True,False,False,,,,,,https://www.medicaid.gov/medicaid/managed-care/downloads/NC_Fee_BHI_Renewal_20250701-20260630.pdf,3581863ba44abcd4bcfd01132ce9e4756ce51154d7577e719fd729e8fe4f4119,2026-09-30T16:48:00Z,,0.1.0
NC_Fee_BHI_Renewal_20260701-20270630,NC,North Carolina,Fee,FEE,BHI,Renewal,Renewal,2026-07-01,2027-06-30,,"Uniform dollar increase for eligible behavioral health inpatient services for the rating period covering July 1, 2026 through June 30, 2027, incorporated in the capitation rates through a risk-based rate adjustment up to $136,400,000.",form_only_no_letter,prose,,,,,,,,,,False,False,False,not read,,,,,https://www.medicaid.gov/medicaid/managed-care/downloads/NC_Fee_BHI_Renewal_20260701-20270630.pdf,04e08455e581e377673058c25608594dededa1889a814c1773b7bf04dbebad83,2026-09-30T16:48:01Z,,0.1.0
NC_Fee_HCBS.BHO_Amend_20230701-20240630,NC,North Carolina,Fee,FEE,HCBS.BHO,Amend,Amendment,2023-07-01,2024-06-30,,"Uniform dollar increase and minimum fee schedule for home and community-based services and behavioral health outpatient services established by the state for the rating period covering July 1, 2023 through June 30, 2024, incorporated in the capitation rates through a risk-based rate adjustment.",form_only_no_letter,numbered,33422000000.0,334220000.0,"$334,220,000",22494100000.0,"$224,941,000",10927900000.0,"$109,279,000",,,True,False,False,,,,,,https://www.medicaid.gov/medicaid/managed-care/downloads/NC_Fee_HCBS.BHO_Amend_20230701-20240630.pdf,01f3ccf301a190fd4c13915c5fb6053d45ec723ef10181d03cbbbbb54320b34a,2026-09-30T16:48:02Z,,0.1.0
NC_Fee_HCBS.BHO_Amend_20250701-20260630,NC,North Carolina,Fee,FEE,HCBS.BHO,Amend,Amendment,2025-07-01,2026-06-30,,"Uniform dollar increase and Minimum Fee Schedule for home and community-based services and behavioral health outpatient services established by the state for the rating period covering July 1, 2025 through June 30, 2026, incorporated in the capitation rates through a risk-based rate adjustment of up to $374.7 Million.",form_only_no_letter,prose,,,,,,,,,,False,False,False,not read,,,,,https://www.medicaid.gov/medicaid/managed-care/downloads/NC_Fee_HCBS.BHO_Amend_20250701-20260630.pdf,c45f9c47ce59eef59c9181890234a65a074b5735a6ec73f15065e32cc6c6481a,2026-09-30T16:48:04Z,,0.1.0
NC_Fee_HCBS.BHO_Renewal_20250701-20260630,NC,North Carolina,Fee,FEE,HCBS.BHO,Renewal,Renewal,2025-07-01,2026-06-30,,"Uniform dollar increase and minimum fee schedule for home and community-based services and behavioral health outpatient services established by the state for the rating period covering July 1, 2025 through June 30, 2026, incorporated in the capitation rates through a risk-based rate adjustment.",form_only_no_letter,numbered,37470000000.0,374700000.0,$374.7 Million,24210000000.0,$242.1 Million,13260000000.0,$132.6 Million,,,True,False,False,,,,,,https://www.medicaid.gov/medicaid/managed-care/downloads/NC_Fee_HCBS.BHO_Renewal_20250701-20260630.pdf,8864ca13288f82f1c9bb64b8c6a87b2a28116516761d822cac731a20887f0e84,2026-09-30T16:48:05Z,,0.1.0
NC_Fee_HCBS.BHO_Renewal_20260701-20270630,NC,North Carolina,Fee,FEE,HCBS.BHO,Renewal,Renewal,2026-07-01,2027-06-30,,"Minimum Fee Schedule and Uniform dollar increase for home and community-based services and behavioral health outpatient services established by the state for the rating period covering July 1, 2026 through June 30, 2027, incorporated in the capitation rates through a risk-based rate adjustment up to $374,700,000.",form_only_no_letter,prose,,,,,,,,,,False,False,False,not read,,,,,https://www.medicaid.gov/medicaid/managed-care/downloads/NC_Fee_HCBS.BHO_Renewal_20260701-20270630.pdf,24a0d1d1287867830c335ec6611f1f5bcd734a49fcea66be8f38011c0569d4cd,2026-09-30T16:48:06Z,,0.1.0
NC_Fee_HCBS_BHO_Renewal_20240701-20250630,NC,North Carolina,Fee,FEE,HCBS_BHO,Renewal,Renewal,2024-07-01,2025-06-30,,"Uniform dollar increase and minimum fee schedule for home and community-based services and behavioral health outpatient services established by the state for the rating period, July 1, 2024 through June 30, 2025, incorporated into the capitation rates through a risk-based rate adjustment.",form_only_no_letter,numbered,37470000000.0,374700000.0,$374.7 Million,26580000000.0,$265.8 Million,10900000000.0,$109 Million,,,True,False,False,,,,,,https://www.medicaid.gov/medicaid/managed-care/downloads/NC_Fee_HCBS_BHO_Renewal_20240701-20250630.pdf,f3885512ee0cb2cc03f09b9f8e64d4f521d030f0d8259171998f8450f153d808,2026-09-30T16:48:08Z,,0.1.0
NC_Fee_IPH.OPH.BHI.BHO_Amend2_20220701-20230630,NC,North Carolina,Fee,FEE,IPH.OPH.BHI.BHO,Amend2,Amendment,2022-07-01,2023-06-30,,"Uniform percentage increase established by the state for inpatient and outpatient hospital services and behavioral health inpatient and outpatient hospital services at eligible acute care and critical access hospitals for the rating period covering July 1, 2022 through June 30, 2023, incorporated in the capitation rates through a separate payment term of up to $2,889,672,115.",form_only_no_letter,numbered,288967211500.0,2889672115.0,"$2,889,672,115",209488625400.0,"$2,094,886,254",79478586100.0,"$794,785,861",,,True,False,False,,,,,,https://www.medicaid.gov/medicaid/managed-care/downloads/NC_Fee_IPH.OPH.BHI.BHO_Amend2_20220701-20230630.pdf,92fb59b9e3b4a8ba0d843507a35e04c972fcadd64bbea97314f6654fddfc09ad,2026-09-30T16:48:09Z,,0.1.0
NC_Fee_IPH.OPH.BHI.BHO_Amend_20220701-20230630,NC,North Carolina,Fee,FEE,IPH.OPH.BHI.BHO,Amend,Amendment,2022-07-01,2023-06-30,,"Uniform percentage increase established by the state for inpatient and outpatient hospital services and behavioral health inpatient and outpatient hospital services at eligible acute care and critical access hospitals for the rating period covering July 1, 2022 through June 30, 2023, incorporated in the capitation rates through a separate payment term of up to $2,596,485,198.",approval,numbered,259648519800.0,2596485198.0,"$2,596,485,198",188011493200.0,"$1,880,114,932",71637026600.0,"$716,370,266",259648519800.0,separate_payment_term,True,False,False,,,,,,https://www.medicaid.gov/medicaid/managed-care/downloads/NC_Fee_IPH.OPH.BHI.BHO_Amend_20220701-20230630.pdf,7903b82904aece0615fb77e6cdc59f2a9384cd2b3fda9101bb1d2b29eeba3001,2026-09-30T16:48:10Z,,0.1.0
NC_Fee_IPH.OPH.BHI.BHO_New_20220701-20230630,NC,North Carolina,Fee,FEE,IPH.OPH.BHI.BHO,New,New,2022-07-01,2023-06-30,,"Uniform percentage increase established by the state for inpatient and outpatient hospital services and behavioral health inpatient and outpatient hospital services at eligible acute care and critical access hospitals for the rating period covering July 1, 2022 through June 30, 2023, incorporated in the capitation rates through a separate payment term of up to $2,596,485,198.",approval,numbered,259648519800.0,2596485198.0,"$2,596,485,198",188011493200.0,"$1,880,114,932",71637026600.0,"$716,370,266",259648519800.0,separate_payment_term,True,False,False,,,,,,https://www.medicaid.gov/medicaid/managed-care/downloads/NC_Fee_IPH.OPH.BHI.BHO_New_20220701-20230630.pdf,b58c2b576a39604b09d27acde2130339fff87200d90f2dd80da80868de94e5e0,2026-09-30T16:48:12Z,,0.1.0
NC_Fee_IPH.OPH.BHI.BHO_Renewal_20230701-20240630,NC,North Carolina,Fee,FEE,IPH.OPH.BHI.BHO,Renewal,Renewal,2023-07-01,2024-06-30,,"Uniform percentage increase established by the state for inpatient and outpatient hospital services for the rating period covering July 1, 2023 through June 30, 2024, incorporated in the capitation rates through a separate payment term of up to $4,053,353,828.",form_only_no_letter,numbered,405335382800.0,4053353828.0,"$4,053,353,828",293778426000.0,"$2,937,784,260",111556956800.0,"$1,115,569,568",,,True,False,False,,,,,,https://www.medicaid.gov/medicaid/managed-care/downloads/NC_Fee_IPH.OPH.BHI.BHO_Renewal_20230701-20240630.pdf,5f3accfa065ee8939b0cd37ac6bee71e5ea0db9da3631f8d075a396023e47afe,2026-09-30T16:48:13Z,,0.1.0
NC_Fee_IPH.OPH.BHI.BHO_Renewal_20240701-20250630,NC,North Carolina,Fee,FEE,IPH.OPH.BHI.BHO,Renewal,Renewal,2024-07-01,2025-06-30,,"Uniform percentage increase established by the state for inpatient and outpatient hospital services for the rating period covering July 1, 2024 through June 30, 2025, incorporated in the capitation rates through a separate payment term of up to $6,288,572,664.",form_only_no_letter,numbered,628857266400.0,6288572664.0,"$6,288,572,664",476692772000.0,"$4,766,927,720",152164494400.0,"$1,521,644,944",,,True,False,False,,,,,,https://www.medicaid.gov/medicaid/managed-care/downloads/NC_Fee_IPH.OPH.BHI.BHO_Renewal_20240701-20250630.pdf,e9e1ebe93eab3e875c6f7e7bab973f983000938f2b2ee208cbad859619d3ed62,2026-09-30T16:48:15Z,,0.1.0
NC_Fee_IPH.OPH.BHI.BHO_Renewal_20250701-20260630,NC,North Carolina,Fee,FEE,IPH.OPH.BHI.BHO,Renewal,Renewal,2025-07-01,2026-06-30,,"Uniform percentage increase established by the state for inpatient and outpatient hospital services for the rating period covering July 1, 2025 through June 30, 2026, incorporated in the capitation rates through a separate payment term of up to $6,458,454,629.",form_only_no_letter,numbered,645845462900.0,6458454629.0,"$6,458,454,629",470632553500.0,"$4,706,325,535",175212909400.0,"$1,752,129,094",,,True,False,False,,,,,,https://www.medicaid.gov/medicaid/managed-care/downloads/NC_Fee_IPH.OPH.BHI.BHO_Renewal_20250701-20260630.pdf,271c6f7db150e2d5a128dfd374d7caed1d5c79f598e983a180c2f4da529fbeca,2026-09-30T16:48:16Z,,0.1.0
NC_Fee_IPH.OPH1_Renewal_20230701-20240630,NC,North Carolina,Fee,FEE,IPH.OPH1,Renewal,Renewal,2023-07-01,2024-06-30,,"Uniform dollar increase established by the state for inpatient and outpatient hospital services at ECU Health Medical Center for the rating period covering July 1, 2023 through June 30, 2024, incorporated in the capitation rates through a separate payment term of up to $69,573,466.",approval,numbered,6957346600.0,69573466.0,"$69,573,466",4686468700.0,"$46,864,687",2270877900.0,"$22,708,779",6957346600.0,separate_payment_term,True,False,False,,,,,,https://www.medicaid.gov/medicaid/managed-care/downloads/NC_Fee_IPH.OPH1_Renewal_20230701-20240630.pdf,4861dd335dacf1069b0af44a5f5c4bc293fcc96e1629f0ae950720da803cd9bb,2026-09-30T16:48:17Z,,0.1.0
NC_Fee_IPH.OPH1_Renewal_20240701-20250630,NC,North Carolina,Fee,FEE,IPH.OPH1,Renewal,Renewal,2024-07-01,2025-06-30,,"Uniform dollar increase established by the state for inpatient and outpatient hospital services at ECU Health Medical Center for the rating period covering July 1, 2024through June 30, 2025, incorporated in the capitation rates through a separate payment term of up to $71,730,243.",form_only_no_letter,numbered,7173024300.0,71730243.0,"$71,730,243",5376421900.0,"$53,764,219",1796602400.0,"$17,966,024",,,True,False,False,,,,,,https://www.medicaid.gov/medicaid/managed-care/downloads/NC_Fee_IPH.OPH1_Renewal_20240701-20250630.pdf,149bc58ce1ca1b0f0d5a161f1cdc860cc5eecb4b1b1a98ea70a957caa9d6c95f,2026-09-30T16:48:19Z,,0.1.0
NC_Fee_IPH.OPH2_Renewal_20230701-20240630,NC,North Carolina,Fee,FEE,IPH.OPH2,Renewal,Renewal,2023-07-01,2024-06-30,,"Uniform dollar increase established by the state for inpatient and outpatient hospital services at UNC Health Care System hospitals for the rating period covering July 1, 2023 through June 30, 2024, incorporated in the capitation rates through a separate payment term of up to $130,368,333.",approval,numbered,13036833300.0,130368333.0,"$130,368,333",8781610900.0,"$87,816,109",4255222400.0,"$42,552,224",13036833300.0,separate_payment_term,True,False,False,,,,,,https://www.medicaid.gov/medicaid/managed-care/downloads/nc-fee-iph.oph2-renewal-20230701-20240630.pdf,00213b50aeb845327903b88a899f54c4dd08aaef03bbdf8124a831435224ba6e,2026-09-30T16:48:20Z,,0.1.0
NC_Fee_IPH.OPH2_Renewal_20240701-20250630,NC,North Carolina,Fee,FEE,IPH.OPH2,Renewal,Renewal,2024-07-01,2025-06-30,,"Uniform dollar increase established by the state for inpatient and outpatient hospital services at UNC Health Care System hospitals for the rating period covering July 1, 2024through June 30, 2025, incorporated in the capitation rates through a separate payment term of up to $134,409,751.",form_only_no_letter,numbered,13440975100.0,134409751.0,"$134,409,751",10074461000.0,"$100,744,610",3366514100.0,"$33,665,141",,,True,False,False,,,,,,https://www.medicaid.gov/medicaid/managed-care/downloads/NC_Fee_IPH.OPH2_Renewal_20240701-20250630.pdf,32779551efcdda0f4c311dcee2b09028650057fca5a099ccfefcac02d9a64aaf,2026-09-30T16:48:21Z,,0.1.0
NC_Fee_NF.BHI_Renewal_20230701-20240630,NC,North Carolina,Fee,FEE,NF.BHI,Renewal,Renewal,2023-07-01,2024-06-30,,"Minimum fee schedule for non-state government owned skilled nursing facility admission days and inpatient behavioral health stays based on actual utilization for the rating period, July 1, 2022 through June 30, 2023, incorporated into the capitation rates through an adjustment to base rates.",form_only_no_letter,numbered,3253000000.0,32530000.0,"$32,530,000",2191200000.0,"$21,912,000",1061800000.0,"$10,618,000",,,True,False,False,,,,,,https://www.medicaid.gov/medicaid/managed-care/downloads/NC_Fee_NF.BHI_Renewal_20230701-20240630.pdf,2fc267724bd24bf57b56350f249f541e9a72636c6822a4da71f9f52277c9b507,2026-09-30T16:48:23Z,,0.1.0
NC_Fee_NF.BHI_Renewal_20240701-20250630,NC,North Carolina,Fee,FEE,NF.BHI,Renewal,Renewal,2024-07-01,2025-06-30,,"Minimum fee schedules established by the state for eligible non-state government owned skilled nursing facilities and inpatient behavioral health providers for actual utilization of services for the rating period, July 1, 2024 through June 30, 2025, incorporated into the capitation rates through a risk-based rate adjustment.",form_only_no_letter,numbered,7960000000.0,79600000.0,$79.6 Million,5960000000.0,$59.6 Million,2000000000.0,$20 Million,,,True,False,False,,,,,,https://www.medicaid.gov/medicaid/managed-care/downloads/NC_Fee_NF.BHI_Renewal_20240701-20250630.pdf,2f19be1b14161ee22be019a166a5fe58fe9842088e185c26d142e1a33f95e3e0,2026-09-30T16:48:24Z,,0.1.0
NC_Fee_NF_Amend_20250701-20260630,NC,North Carolina,Fee,FEE,NF,Amend,Amendment,2025-07-01,2026-06-30,,"Minimum Fee Schedule established by the state for eligible non-state government owned nursing facilities for actual utilization of services for the rating period covering July 1, 2025 through June 30, 2026, incorporated in the capitation rates through a risk-based rate adjustment of up to $5,650,000.",phase_down_determination,minimal,,,,,,,,565000000.0,risk_based_adjustment,False,False,False,not read,,,,,https://www.medicaid.gov/medicaid/managed-care/downloads/NC_Fee_NF_Amend_20250701-20260630.pdf,28c14b25327b4c05a36f764c26dbabc5fe5f93bc79837864f8da1134eaf3407e,2026-09-30T16:48:25Z,,0.1.0
NC_Fee_NF_New_20220701-20230630,NC,North Carolina,Fee,FEE,NF,New,New,2022-07-01,2023-06-30,,"Minimum fee schedule for non-state government owned skilled nursing facility admission days for the rating period, July 1, 2022 through June 30, 2023, incorporated into the capitation rates through an adjustment to base rates.",form_only_no_letter,numbered,1015000000.0,10150000.0,"$10,150,000",680050000.0,"$6,800,500",334950000.0,"$3,349,500",,,True,False,False,,,,,,https://www.medicaid.gov/medicaid/managed-care/downloads/NC_Fee_NF_New_20220701-20230630.pdf,f6e939efbd7243f376ced1a98a0ea6bae62df0386ca9802a680b2b916ded4f6a,2026-09-30T16:48:27Z,,0.1.0
NC_Fee_NF_Renewal_20250701-20260630,NC,North Carolina,Fee,FEE,NF,Renewal,Renewal,2025-07-01,2026-06-30,,"Minimum Fee Schedule established by the state for eligible non-state government owned skilled nursing facilities for actual utilization of services for rating periods covering July1, 2025 – June 30, 2026, incorporated in the capitation rates through a risk-based rate adjustment.",form_only_no_letter,numbered,565000000.0,5650000.0,"$5,650,000",366000000.0,"$3,660,000",199000000.0,"$1,990,000",,,True,False,False,,,,,,https://www.medicaid.gov/medicaid/managed-care/downloads/NC_Fee_NF_Renewal_20250701-20260630.pdf,9d67bcc3b442a0db8a7d251f4fdfcc2af3300884909581bd5770db254fbc5eb4,2026-09-30T16:48:28Z,,0.1.0
NC_Fee_NF_Renewal_20260701-20270630,NC,North Carolina,Fee,FEE,NF,Renewal,Renewal,2026-07-01,2027-06-30,,"Minimum Fee Schedule established by the state for eligible non-state government owned skilled nursing facility admission days based on actual utilization services for the rating period covering July 1, 2026 through June 30, 2027, incorporated in the capitation rates through a risk-based rate adjustment of up to $5,650,000.",phase_down_determination,minimal,,,,,,,,565000000.0,risk_based_adjustment,False,False,False,not read,,,,,https://www.medicaid.gov/medicaid/managed-care/downloads/NC_Fee_NF_Renewal_20260701-20270630.pdf,f65e0368a91ac2d14c1c23ff4d3a1bcf81aad6bb9b418e7202ad10dc18417aea,2026-09-30T16:48:29Z,,0.1.0
NC_Fee_OPH_Renewal_20220701-20230630,NC,North Carolina,Fee,FEE,OPH,Renewal,Renewal,2022-07-01,2023-06-30,,"Minimum fee schedule for outpatient laboratory services provided by in-state acute care hospitals and critical access hospitals for the rating period covering July 1, 2022 through June 30, 2023, incorporated in the capitation rates through a risk-based rate adjustment.",approval,numbered,3380000000.0,33800000.0,"$33,800,000",2288091000.0,22880910,1091909000.0,10919090,,,True,False,False,,,,,,https://www.medicaid.gov/medicaid/managed-care/downloads/nc-fee-oph-renewal-20220701-20230630.pdf,af92ed59a27c13434f889ace7f193642d39eb9663349036559cb2dc2f86f0e99,2026-09-30T16:48:31Z,,0.1.0
NC_Fee_OPH_Renewal_20230701-20240630,NC,North Carolina,Fee,FEE,OPH,Renewal,Renewal,2023-07-01,2024-06-30,,"Minimum fee schedule established by the state for outpatient laboratory services provided by in-state acute care hospitals and critical access hospitals for the rating period covering July 1, 2023 through June 30, 2024, incorporated in the capitation rates through a risk-based rate adjustment.",approval,numbered,3350000000.0,33500000.0,"$33,500,000",2256560000.0,"$22,565,600",1093440000.0,"$10,934,400",,,True,False,False,,,,,,https://www.medicaid.gov/medicaid/managed-care/downloads/nc-fee-oph-renewal-20230701-20240630.pdf,fe3e33663a296b0c8999c01f993fa541c165415fc3b6e01094f9f79921e1e461,2026-09-30T16:48:32Z,,0.1.0
NC_Fee_OPH_Renewal_20240701-20250630,NC,North Carolina,Fee,FEE,OPH,Renewal,Renewal,2024-07-01,2025-06-30,,"Minimum fee schedule established by the state for laboratory services provided by in-state acute care hospitals and critical access hospitals for the rating period covering July1, 2024 through June 30, 2025, incorporated in the capitation rates through a risk-based adjustment.",form_only_no_letter,numbered,4710000000.0,47100000.0,"$47,100,000",3530302700.0,"$35,303,027",1179697300.0,"$11,796,973",,,True,False,False,,,,,,https://www.medicaid.gov/medicaid/managed-care/downloads/NC_Fee_OPH_Renewal_20240701-20250630.pdf,d6ff00f22bf56612140f4b8df44e9433048cee4049c47d6fc99fcecb9fc0aeca,2026-09-30T16:48:33Z,,0.1.0
NC_Fee_OPH_Renewal_20250701-20260630,NC,North Carolina,Fee,FEE,OPH,Renewal,Renewal,2025-07-01,2026-06-30,,"Minimum Fee Schedule established by the state for laboratory services provided by in-state acute care hospitals and critical access hospitals for the rating period covering July1, 2025 through June 30, 2026, incorporated in the capitation rates through a risk-based rate adjustment.",phase_down_determination,numbered,4910000000.0,49100000.0,"$49,100,000",3497790400.0,"$34,977,904",1412209600.0,"$14,122,096",,,True,False,False,,,,,,https://www.medicaid.gov/medicaid/managed-care/downloads/NC_Fee_OPH_Renewal_20250701-20260630.pdf,cf36d23060bdddb618fa6e21fa54c425f5b903a3080ddec0c0c455475f19b44a,2026-09-30T16:48:35Z,,0.1.0
NC_Fee_Oth1_Renewal_20230701-20240630,NC,North Carolina,Fee,FEE,Oth1,Renewal,Renewal,2023-07-01,2024-06-30,,"Minimum fee schedule established by the state for public ambulance provider services for the rating period covering July 1, 2023 through June 30, 2024, incorporated in the capitation rates through a risk-based rate adjustment.",approval,numbered,6450000000.0,64500000.0,"$64,500,000",4344720000.0,"$43,447,200",2105280000.0,"$21,052,800",,,True,False,False,,,,,,https://www.medicaid.gov/medicaid/managed-care/downloads/nc-fee-oth1-renewal-20230701-20240630.pdf,21d4ffbdbce28ac68ad10119b96f74deef394bb0774dae9ffb0fcbe5dfa624df,2026-09-30T16:48:36Z,,0.1.0
NC_Fee_Oth1_Renewal_20240701-20250630,NC,North Carolina,Fee,FEE,Oth1,Renewal,Renewal,2024-07-01,2025-06-30,,"Minimum fee schedule established by the state for public ambulance provider services for the rating period covering July 1, 2024 through June 30, 2025, incorporated in the capitation rates through a risk-based adjustment.",form_only_no_letter,numbered,9200000000.0,92000000.0,"$92,000,000",6895708100.0,"$68,957,081",2304291900.0,"$23,042,919",,,True,False,False,,,,,,https://www.medicaid.gov/medicaid/managed-care/downloads/NC_Fee_Oth1_Renewal_20240701-20250630.pdf,c9a4201c794a0d728256e5bd54bb15536212db010662fb5dd70f8b41a0d295a9,2026-09-30T16:48:38Z,,0.1.0
NC_Fee_Oth1_Renewal_20250701-20260630,NC,North Carolina,Fee,FEE,Oth1,Renewal,Renewal,2025-07-01,2026-06-30,,"Minimum Fee Schedule established by the state for public ambulance provider services for the rating period covering July 1, 2025 through June 30, 2026, incorporated in the capitation rates through a risk-based rate adjustment.",phase_down_determination,numbered,9640000000.0,96400000.0,"$96,400,000",6867352200.0,"$68,673,522",2772647800.0,"$27,726,478",,,True,False,False,,,,,,https://www.medicaid.gov/medicaid/managed-care/downloads/NC_Fee_Oth1_Renewal_20250701-20260630.pdf,bb584d5263e7678a94df44740992432640dc345375e607b3824cd89abbbc6836,2026-09-30T16:48:39Z,,0.1.0
NC_Fee_Oth2_Renewal_20230701-20240630,NC,North Carolina,Fee,FEE,Oth2,Renewal,Renewal,2023-07-01,2024-06-30,,"Uniform dollar increase established by the state for local health department services for the rating period covering July 1, 2023 through June 30, 2024, incorporated in the capitation rates through a separate payment term of up to $55,500,000.",approval,numbered,5550000000.0,55500000.0,"$55,500,000",3738480000.0,"$37,384,800",1811520000.0,"$18,115,200",5550000000.0,separate_payment_term,True,False,False,,,,,,https://www.medicaid.gov/medicaid/managed-care/downloads/nc-fee-oth2-renewal-20230701-20240630.pdf,0dd645a172ad664856238aca3e0f73fadf15b8dc764ca9832cf44b988f2ac049,2026-09-30T16:48:40Z,,0.1.0
NC_Fee_Oth2_Renewal_20240701-20250630,NC,North Carolina,Fee,FEE,Oth2,Renewal,Renewal,2024-07-01,2025-06-30,,"Uniform dollar increase established by the state for local health department services for the rating period covering July 1, 2024 through June 30, 2025, incorporated in the capitation rates through a separate payment term of up to $79,100,000.",form_only_no_letter,numbered,7910000000.0,79100000.0,"$79,100,000",5928809900.0,"$59,288,099",1981190100.0,"$19,811,901",,,True,False,False,,,,,,https://www.medicaid.gov/medicaid/managed-care/downloads/NC_Fee_Oth2_Renewal_20240701-20250630.pdf,0e2207ab132b1f3898d1232451e16f5adbb453cc779eb67de1482b4765ddd870,2026-09-30T16:48:41Z,,0.1.0
NC_Fee_Oth2_Renewal_20250701-20260630,NC,North Carolina,Fee,FEE,Oth2,Renewal,Renewal,2025-07-01,2026-06-30,,"Minimum fee schedule established by the state for local health department services for rating periods covering July 1, 2025 through June 30, 2026, incorporated in the capitation rates through a separate payment term amount of up to $82,900,000.",form_only_no_letter,numbered,8290000000.0,82900000.0,"$82,900,000",5905637900.0,"$59,056,379",2384362100.0,"$23,843,621",,,True,False,False,,,,,,https://www.medicaid.gov/medicaid/managed-care/downloads/NC_Fee_Oth2_Renewal_20250701-20260630.pdf,15b0594d75b1a62e000beffec9d766d033661ec0952b7d0da20b8bdc04d25649,2026-09-30T16:48:43Z,,0.1.0
NC_VBP_PC_New_20230701-20250630,NC,North Carolina,VBP,VBP,PC,New,New,2023-07-01,2025-06-30,,"Integrated Care for Kids (InCK) value based payment model for eligible primary care service providers for the rating periods covering July 1, 2023 through June 30, 2025, incorporated into the capitation rates through a risk based rate adjustment.",form_only_no_letter,numbered,20700000.0,207000.0,"$207,000 for SFY 2024, $217,000 for SFY 2025",14719800.0,"$147,198 for SY 2024, $152,491 for SFY 2025",5980200.0,"$59,802 for SFY 2024, $64,509 for SFY 2025",,,True,False,False,,,,,,https://www.medicaid.gov/medicaid/managed-care/downloads/NC_VBP_PC_New_20230701-20250630.pdf,62d09f8ded90ab43d0d89bae254655110ee448f40ee66198f2a2cdcee2c11525,2026-09-30T16:48:44Z,,0.1.0
NE_FEE_IPH.OPH_New_20240101-20241231,NE,Nebraska,FEE,FEE,IPH.OPH,New,New,2024-01-01,2024-12-31,,"Uniform increase for non-state owned or operated hospitals established by the state for inpatient and outpatient hospital services for the rating period, January 1, through December 31, 2024, incorporated into the capitation rates through a separate payment term of up to $705,533,735.",form_only_no_letter,numbered,70553373500.0,705533735.0,"$705,533,735",48456056900.0,"$484,560,569",22097316600.0,"$220,973,166",,,True,False,False,,,,,,https://www.medicaid.gov/medicaid/managed-care/downloads/NE_FEE_IPH.OPH_New_20240101-20241231.pdf,2ec85c4af1aa37031e29fed3bedbd62b957be1fd60c7ff514872839a2b2c957b,2026-09-30T16:48:45Z,,0.1.0
NE_FEE_IPH.OPH_Renewal_20250101-20251231,NE,Nebraska,FEE,FEE,IPH.OPH,Renewal,Renewal,2025-01-01,2025-12-31,,"Uniform increase for non-state owned or operated hospitals established by the state for inpatient and outpatient hospital services for the rating period, January 1, 2025 through December 31, 2025, incorporated into the capitation rates through a separate payment term of up to $1,410,710,373.",phase_down_determination,numbered,141071037300.0,1410710373.0,"$1,410,710,373",96887588400.0,"$968,875,884",44183448900.0,"$441,834,489",141071037300.0,separate_payment_term,True,False,False,,,,,,https://www.medicaid.gov/medicaid/managed-care/downloads/NE_FEE_IPH.OPH_Renewal_20250101-20251231.pdf,eb27b1c65ccc011b1a13d604ef85c4e4e38964d0e9dd2fcc0dfcac0fb96126eb,2026-09-30T16:48:47Z,,0.1.0
NE_FEE_IPH.OPH_Renewal_20260101-20261231,NE,Nebraska,FEE,FEE,IPH.OPH,Renewal,Renewal,2026-01-01,2026-12-31,,"Uniform increase for non-state owned or operated hospitals established by the state for inpatient and outpatient hospital services for the rating period, January 1, 2026 through December 31, 2026, incorporated into the capitation rates through a separate payment term up to $1,410,710,373.",phase_down_determination,minimal,,,,,,,,141071037300.0,separate_payment_term,False,False,False,not read,,,,,https://www.medicaid.gov/medicaid/managed-care/downloads/NE_FEE_IPH.OPH_Renewal_20260101-20261231.pdf,f802d87073f65dfe55a263f6ae706b0d7f70f38298c7457c6ccfd73d33ac5b46,2026-09-30T16:48:48Z,,0.1.0
NE_Fee_AMC_Renewal_20230101-20231231,NE,Nebraska,Fee,FEE,AMC,Renewal,Renewal,2023-01-01,2023-12-31,,"A uniform increase for practitioners who are acting in the capacity of an employee or contractor of the Public Academic Medical Institutions for the rating period covering January 1, 2023 through December 31, 2023, incorporated in the capitation rates through a risk-based rate adjustment.",approval,numbered,2070000000.0,20700000.0,$20.7M,1233000000.0,$12.33M,837000000.0,$8.37M,,,True,False,False,,,,,,https://www.medicaid.gov/medicaid/managed-care/downloads/NE_Fee_AMC_Renewal_20230101-20231231.pdf,d2f5cbb06cee517cc4efa41ab82345ea8d79603b8201e62d41807e42e2650c14,2026-09-30T16:48:50Z,,0.1.0
NE_Fee_AMC_Renewal_20240101-20241231,NE,Nebraska,Fee,FEE,AMC,Renewal,Renewal,2024-01-01,2024-12-31,,"Uniform increase for faculty or staff members of an academic medical institution of a public university established by the state for the rating period, January 1, 2024through December 31, 2024, incorporated into the capitation rates through a risk-based rate adjustment.",form_only_no_letter,numbered,2400497500.0,24004975.0,"$24,004,975",1596528400.0,"$15,965,284",803969100.0,"$8,039,691",,,True,False,False,,,,,,https://www.medicaid.gov/medicaid/managed-care/downloads/NE_Fee_AMC_Renewal_20240101-20241231.pdf,820b2671a236984a395a43cb39a9a81170a7ff16eda03c387ac4ba724bd68079,2026-09-30T16:48:52Z,,0.1.0
NE_Fee_AMC_Renewal_20250101-20251231,NE,Nebraska,Fee,FEE,AMC,Renewal,Renewal,2025-01-01,2025-12-31,,"Uniform increase for faculty or staff members of an academic medical institution of a public university established by the state for the rating period, January 1, 2025through December 31, 2025, incorporated into the capitation rates through a risk-based rate adjustment of up to $25,135,163.",phase_down_determination,minimal,,,,,,,,,,False,False,False,not read,,,,,https://www.medicaid.gov/medicaid/managed-care/downloads/NE_Fee_AMC_Renewal_20250101-20251231.pdf,f749746a80081c6ee1aa5361cf8d89376654c7f9174fb2aecc2f9530e2779f07,2026-09-30T16:48:53Z,,0.1.0
NE_Fee_AMC_Renewal_20260101-20261231,NE,Nebraska,Fee,FEE,AMC,Renewal,Renewal,2026-01-01,2026-12-31,,"Uniform increase for faculty or staff members of an academic medical institution of a public university established by the state for the rating period covering January 1, 2026 through December 31, 2026, incorporated in the capitation rates through a risk-based rate adjustment up to $23,485,412.",phase_down_determination,minimal,,,,,,,,2513516300.0,total_dollar_amount,False,False,False,not read,,,,,https://www.medicaid.gov/medicaid/managed-care/downloads/NE_Fee_AMC_Renewal_20260101-20261231.pdf,dc15ecc8d9fb679ef25f5a96c72196c5ec9ce21a7a3167b7208ec86836073281,2026-09-30T16:48:55Z,,0.1.0
NE_Fee_D_Renewal_20230701-20231231,NE,Nebraska,Fee,FEE,D,Renewal,Renewal,2023-07-01,2023-12-31,,"Uniform increase established by the state for professional services of staff and faculty dental providers at an academic dentistry institution of a public university for the rating period covering July 1, 2023 through December 31, 2023, incorporated as an adjustment to risk-based capitation rates.",approval,numbered,89403000.0,894030.0,"$894,030",51853700.0,"$518,537",37549300.0,"$375,493",,,True,False,False,,NE_Fee_D_Renewal_20230701-20231231,,,,https://www.medicaid.gov/medicaid/managed-care/downloads/NE_Fee_D_Renewal_20230701-20231231.pdf,d119521a5314abb1c554299e336514deeaa046fa4722e6c0e4ad8005c50c4cd1,2026-09-30T16:48:57Z,,0.1.0
NE_Fee_D_Renewal_20240101-20241231,NE,Nebraska,Fee,FEE,D,Renewal,Renewal,2024-01-01,2024-12-31,,"Uniform increase for staff and faculty dental providers at an academic dentistry institution of a public university established by the state for dental services for the rating period, January 1, 2024 through December 31, 2024, incorporated into the capitation rates through a risk-based adjustment.",form_only_no_letter,numbered,299086100.0,2990861.0,"$2,990,861",190215500.0,"$1,902,155",108870600.0,"$1,088,706",,,True,False,False,,,,,,https://www.medicaid.gov/medicaid/managed-care/downloads/NE_Fee_D_Renewal_20240101-20241231.pdf,d0e83c1fa1be78ead2e2520204a051242e77f456e451e12cabc295ad3d87a10a,2026-09-30T16:48:58Z,,0.1.0
NE_Fee_D_Renewal_20250101-20251231,NE,Nebraska,Fee,FEE,D,Renewal,Renewal,2025-01-01,2025-12-31,,"Uniform increase for staff and faculty dental providers at an academic dentistry institution of a public university established by the state for dental services for the rating period, January 1, 2025 through December 31, 2025, incorporated into the capitation rates through a risk-based adjustment of up to $3,347,318.",phase_down_determination,minimal,,,,,,,,334731800.0,risk_based_adjustment,False,False,False,not read,,,,,https://www.medicaid.gov/medicaid/managed-care/downloads/NE_Fee_D_Renewal_20250101-20251231.pdf,a0020f9c4d2e018e86f6bbd1a5e6e5217ebdcdd1c8406a1568c2af42235d2d6c,2026-09-30T16:48:59Z,,0.1.0
NE_Fee_D_Renewal_20260101-20261231,NE,Nebraska,Fee,FEE,D,Renewal,Renewal,2026-01-01,2026-12-31,,"Uniform increase for staff and faculty dental providers at an academic dentistry institution of a public university established by the state for dental services for the rating period covering January 1, 2026 through December 31, 2026, incorporated in the capitation rates through a risk-based rate adjustment up to $1,251,865.",phase_down_determination,minimal,,,,,,,,125186500.0,risk_based_adjustment,False,False,False,not read,,,,,https://www.medicaid.gov/medicaid/managed-care/downloads/NE_Fee_D_Renewal_20260101-20261231.pdf,735f0e83b704c900b1e8a6e138075b2ff1dcb8bf6f4a1fde891d772e4c13f15a,2026-09-30T16:49:00Z,,0.1.0
NH_Fee_BHO_Renewal_20230730-20240831,NH,New Hampshire,Fee,FEE,BHO,Renewal,Renewal,2023-07-30,2024-08-31,,"Uniform dollar increase for community mental health programs including Assertive Community Treatment (ACT), New Hampshire Hospital (NHH) Discharges/Same-day Access and Follow-up, Timely Prescriber Services Following Intake, Illness Management and Recovery Services (IMR), and Specialty Residential Service Payment Enhancement for Individuals with Co-occurring Developmental Disabilities Discharged from Hospital for the rating period covering July 1, 2023 through August 31, 2024, incorporated into the capitation rates through a separate payment term of up to $5,833,333.",approval,numbered,583333300.0,5833333.0,"$5,833,333",322822000.0,"$3,228,220",260511400.0,"$2,605,114",583333300.0,separate_payment_term,True,False,False,,,,,,https://www.medicaid.gov/medicaid/managed-care/downloads/NH_Fee_BHO_Renewal_20230730-20240831.pdf,5097d163fd75db75fbe8d9149538db28b74e95db3bd590a20a6ab4efe43056f3,2026-09-30T16:49:02Z,,0.1.0
NH_Fee_BHO_Renewal_20240901-20250630,NH,New Hampshire,Fee,FEE,BHO,Renewal,Renewal,2024-09-01,2025-06-30,,"Uniform dollar increase for community mental health programs for the rating period covering September 1, 2024 through June 30, 2025, incorporated into the capitation rates through a separate payment term of up to $4,166,666.67.",form_only_no_letter,numbered,416666667.0,4166666.67,"$4,166,666.67",238103300.0,"$2,381,033",178563400.0,"$1,785,634",,,True,False,False,,NH_Fee_BHO_Renewal_20240901-20250630,,,,https://www.medicaid.gov/medicaid/managed-care/downloads/NH_Fee_BHO_Renewal_20240901-20250630.pdf,f15a2c5d31d86ebcd812d05805ef58242571f4d36010087fe15f0d8966224c44,2026-09-30T16:49:04Z,,0.1.0
NH_Fee_BHO_Renewal_20250701-20260630,NH,New Hampshire,Fee,FEE,BHO,Renewal,Renewal,2025-07-01,2026-06-30,,"Uniform dollar increase for community mental health program services for the rating period covering July 1, 2025 through June 30, 2026, incorporated into the capitation rates through a separate payment term of up to $2,650,000.",form_only_no_letter,numbered,265000000.0,2650000.0,"$2,650,000",153372400.0,"$1,533,724",111627600.0,"$1,116,276",,,True,False,False,,,,,,https://www.medicaid.gov/medicaid/managed-care/downloads/NH_Fee_BHO_Renewal_20250701-20260630.pdf,5101cdc2f7b3bd5a5ddf1ee90dfbf374257e1f07b13cfb2683307bc304cbdbfa,2026-09-30T16:49:05Z,,0.1.0
NH_Fee_BHO_Renewal_20260701-20270630,NH,New Hampshire,Fee,FEE,BHO,Renewal,Renewal,2026-07-01,2027-06-30,,"Uniform dollar increase for qualified behavioral health outpatient services established by the state for the rating period covering July 1, 2026 through June 30, 2027, incorporated in the capitation rates through a separate payment term amount up to $2,650,000.",form_only_no_letter,minimal,,,,,,,,,,False,False,False,not read,,,,,https://www.medicaid.gov/medicaid/managed-care/downloads/NH_Fee_BHO_Renewal_20260701-20270630.pdf,84f0966ab24e0ca511cac1aa0fb312566f1cf05b2df66781946e1ead1a96a0df,2026-09-30T16:49:06Z,,0.1.0
NH_Fee_IPH.OPH2_New_20230701-20240831,NH,New Hampshire,Fee,FEE,IPH.OPH2,New,New,2023-07-01,2024-08-31,,"Uniform dollar increase for children’s inpatient and outpatient services with recognized children’s hospitals established by the state for the rating period, July 1, 2023 through August 31, 2024, incorporated into the capitation rates through a separate payment term up to $1,668,000.",form_only_no_letter,numbered,166800000.0,1668000.0,"$1,668,000",83400000.0,"$834,000",83400000.0,"$834,000",,,True,False,False,,,,,,https://www.medicaid.gov/medicaid/managed-care/downloads/NH_Fee_IPH.OPH2_New_20230701-20240831.pdf,0fd155149854281f2bb84532c793e1295f99e8d732d73526b1803fd27304dc29,2026-09-30T16:49:08Z,,0.1.0
NH_Fee_IPH.OPH2_Renewal_20240901-20250630,NH,New Hampshire,Fee,FEE,IPH.OPH2,Renewal,Renewal,2024-09-01,2025-06-30,,"Uniform dollar increase for children’s inpatient and outpatient services with recognized children’s hospitals established by the state for rating periods covering September 1,2024 through June 30, 2025, incorporated in the capitation rates through a separate payment term amount of up to $1,229,000.",form_only_no_letter,numbered,122900000.0,1229000.0,"$1,229,000",61450000.0,"$614,500",61450000.0,"$614,500",,,True,False,False,,,,,,https://www.medicaid.gov/medicaid/managed-care/downloads/NH_Fee_IPH.OPH2_Renewal_20240901-20250630.pdf,bd390d7ebf5e14ef18ee50a4264fe781fc115c7f09b1cc2a0b0c8aa0f937cfe9,2026-09-30T16:49:09Z,,0.1.0
NH_Fee_IPH.OPH2_Renewal_20250701-20260630,NH,New Hampshire,Fee,FEE,IPH.OPH2,Renewal,Renewal,2025-07-01,2026-06-30,,"Uniform dollar increase for children’s inpatient and outpatient services with recognized children’s hospitals established by the state for rating periods covering July 1, 2025through June 30, 2026, incorporated in the capitation rates through a separate payment term amount of up to $1,309,591.",form_only_no_letter,numbered,130959100.0,1309591.0,"$1,309,591",68131300.0,"$681,313",62827700.0,"$628,277",,,True,False,False,,,,,,https://www.medicaid.gov/medicaid/managed-care/downloads/NH_Fee_IPH.OPH2_Renewal_20250701-20260630.pdf,af27c500ac57c8883376f5c82e08830cd472cc367875970d931b9ce1d1aa96d5,2026-09-30T16:49:10Z,,0.1.0
NH_Fee_IPH.OPH3_New_20240901-20250630,NH,New Hampshire,Fee,FEE,IPH.OPH3,New,New,2024-09-01,2025-06-30,,"The uniform dollar increase for inpatient discharges and outpatient visits to qualifying non-critical access hospitals for the rating period covering September 1, 2024 through June 30, 2025, incorporated in the capitation rates through a separate payment term of up to $32,413,757.",form_only_no_letter,minimal,,,,,,,,,,False,False,False,not read,,,,,https://www.medicaid.gov/medicaid/managed-care/downloads/NH_Fee_IPH.OPH3_New_20240901-20250630.pdf,7b8e28588d66389b65e741c9f6927180f3fccc688890018ce527f34c224333f6,2026-09-30T16:49:12Z,,0.1.0
NH_Fee_IPH.OPH3_Renewal_20250701-20260630,NH,New Hampshire,Fee,FEE,IPH.OPH3,Renewal,Renewal,2025-07-01,2026-06-30,,"Uniform dollar increase for inpatient and outpatient hospital services to qualifying non-critical access hospitals for rating periods covering July 1, 2025 through June 30, 2026,incorporated in the capitation rates through a separate payment term amount of up to$104,752,459.",phase_down_determination,numbered,10475245900.0,104752459.0,"$104,752,459",7610662600.0,"$76,106,626",2864583300.0,"$28,645,833",10475245900.0,separate_payment_term,True,False,False,,,,,,https://www.medicaid.gov/medicaid/managed-care/downloads/NH_Fee_IPH.OPH3_Renewal_20250701-20260630.pdf,a3e1ed07abe1ede5c6d4f0718428005859eb24f17ae584fc5d9fa2e9122bafde,2026-09-30T16:49:13Z,,0.1.0
NH_Fee_IPH.OPH4_New_20250701-20260630,NH,New Hampshire,Fee,FEE,IPH.OPH4,New,New,2025-07-01,2026-06-30,,"Uniform dollar increase for inpatient and outpatient hospital services to qualifying hospitals for rating periods covering July 1, 2025 through June 30, 2026, incorporated in the capitation rates through a separate payment term amount of up to $75,251,849.",phase_down_determination,numbered,7525184900.0,75251849.0,"$75,251,849",5467331600.0,"$54,673,316",2057853300.0,"$20,578,533",7525184900.0,separate_payment_term,True,False,False,,,,,,https://www.medicaid.gov/medicaid/managed-care/downloads/NH_Fee_IPH.OPH4_New_20250701-20260630.pdf,964d715e4186bfdffd837ce09a996665a2e33bac36df9e434f0a79995dd9c0b4,2026-09-30T16:49:14Z,,0.1.0
NH_Fee_IPH.OPH_Renewal_20230701-20240831,NH,New Hampshire,Fee,FEE,IPH.OPH,Renewal,Renewal,2023-07-01,2024-08-31,,"The uniform dollar increase for inpatient discharges and outpatient visits to qualifying critical access hospitals for the rating period covering July 1, 2023 through August 31, 2024, incorporated in the capitation rates through a separate payment term of up to $49,000,000.",approval,numbered,4900000000.0,49000000.0,"$49,000,000",3430000000.0,"$34,300,000",1470000000.0,"$14,700,000",4900000000.0,separate_payment_term,True,False,False,,,,,,https://www.medicaid.gov/medicaid/managed-care/downloads/NH_Fee_IPH.OPH_Renewal_20230701-20240831.pdf,dd1450f539fee513eebd6db9a65f7f25d35b533ecd6a9047bf6d10520b9e7d25,2026-09-30T16:49:16Z,,0.1.0
NH_Fee_IPH.OPH_Renewal_20240901-20250630,NH,New Hampshire,Fee,FEE,IPH.OPH,Renewal,Renewal,2024-09-01,2025-06-30,,"The uniform dollar increase for inpatient discharges and outpatient visits to qualifying critical access hospitals for the rating period covering September 1, 2024 through June 30, 2025, incorporated in the capitation rates through a separate payment term of up to $56,120,600.",form_only_no_letter,minimal,,,,,,,,,,False,False,False,not read,,,,,https://www.medicaid.gov/medicaid/managed-care/downloads/NH_Fee_IPH.OPH_Renewal_20240901-20250630.pdf,d9372c2e41ffb75a9f6f2a5d63c94e584cf586fbd452f9805823fbdc96a8c211,2026-09-30T16:49:17Z,,0.1.0
NH_Fee_IPH.OPH_Renewal_20250701-20260630,NH,New Hampshire,Fee,FEE,IPH.OPH,Renewal,Renewal,2025-07-01,2026-06-30,,"The uniform dollar increase for inpatient discharges and outpatient visits to qualifying critical access hospitals for the rating period covering July 1, 2025 through June 30, 2026, incorporated in the capitation rates through a separate payment term amount of up to $94,725,164.",phase_down_determination,numbered,9472516400.0,94725164.0,"$94,725,164",6882141700.0,"$68,821,417",2590374700.0,"$25,903,747",9472516400.0,separate_payment_term,True,False,False,,,,,,https://www.medicaid.gov/medicaid/managed-care/downloads/NH_Fee_IPH.OPH_Renewal_20250701-20260630.pdf,f7d938c6eaea5b84e9a024b555ecb348d3db64208f549d3b9f806aa9c91087ea,2026-09-30T16:49:18Z,,0.1.0
NH_Fee_IPH2.SP.BHI2_New_20230701-20240831,NH,New Hampshire,Fee,FEE,IPH2.SP.BHI2,New,New,2023-07-01,2024-08-31,,"Minimum fee schedule for psychiatrists in a state-owned Institutions for Mental Diseases (IMD) established by the state for inpatient, specialty physician services and behavioral health inpatient services for the rating period, July 1, 2023 through August 31, 2024, incorporated into the capitation rates through a risk-based adjustment.",form_only_no_letter,numbered,136150000.0,1361500.0,"$1,361,500",73068400.0,"$730,684",63081600.0,"$630,816",,,True,False,False,,,,,,https://www.medicaid.gov/medicaid/managed-care/downloads/NH_Fee_IPH2.SP.BHI2_New_20230701-20240831.pdf,b72121ea38706d64b9c99b83843d09d819017b3064aa0a5a12171d9a06623af8,2026-09-30T16:49:20Z,,0.1.0
NH_Fee_Oth1_Amend_20260701-20270630,NH,New Hampshire,Fee,FEE,Oth1,Amend,Amendment,2026-07-01,2027-06-30,,"Minimum Fee Schedule for durable medical equipment for the rating period covering July 1, 2026 through June 30, 2027, incorporated in the capitation rates through a risk-based rate adjustment up to $15,759,168.",form_only_no_letter,prose,,,,,,,,,,False,False,False,not read,,,,,https://www.medicaid.gov/medicaid/managed-care/downloads/NH_Fee_Oth1_Amend_20260701-20270630.pdf,71cdee3e536d289697e2dcf8361e7996bb86463ec07c34bc3aa02d8398abb8de,2026-09-30T16:49:21Z,,0.1.0
NH_Fee_Oth1_Amendment_20250701-20260630,NH,No state,Fee,FEE,Oth1,Amendment,Amendment,2025-07-01,2026-06-30,,"Minimum Fee Schedule established by the state for durable medical equipment for the rating period covering July 1, 2025 through June 30, 2026, incorporated in the capitation rates through a risk-based rate adjustment.",form_only_no_letter,numbered,1575916800.0,15759168.0,"$15,759,168",970228400.0,"$9,702,284",605688400.0,"$6,056,884",,,True,False,False,,,,,,https://www.medicaid.gov/medicaid/managed-care/downloads/NH_Fee_Oth1_Amendment_20250701-20260630.pdf,8553b60e3800fc3efc86fe82f3735c26ed509dd096154fd8ae1b3b41d195c00f,2026-09-30T16:49:23Z,,0.1.0
NH_Fee_Oth1_Renewal_20230701-20240831,NH,New Hampshire,Fee,FEE,Oth1,Renewal,Renewal,2023-07-01,2024-08-31,,"Minimum fee schedule established by the state for durable medical equipment for the rating period covering July 1, 2023 through August 31, 2024, incorporated into the capitation rates through a risk-based rate adjustment",approval,numbered,2498000000.0,24980000.0,"$24,980,000.00",1401000000.0,"$14,010,000 .00",1097000000.0,"$10,970,000 .00",,,True,False,False,,,,,,https://www.medicaid.gov/medicaid/managed-care/downloads/NH_Fee_Oth1_Renewal_20230701-20240831.pdf,accb6c32b55eb5fce6cc0b6c013d959b640d08fce4d8e918c4b99f8fac593d96,2026-09-30T16:49:24Z,,0.1.0
NH_Fee_Oth1_Renewal_20240901-20250630,NH,New Hampshire,Fee,FEE,Oth1,Renewal,Renewal,2024-09-01,2025-06-30,,"Minimum fee schedule established by the state for durable medical equipment for the rating period covering September 1, 2024 through June 30, 2025, incorporated into the capitation rates through a risk-based rate adjustment.",form_only_no_letter,numbered,1469365000.0,14693650.0,"$14,693,650.00",891535000.0,"$8,915,350.00",577829900.0,"$5,778,299 .00",,,True,False,False,,NH_Fee_Oth1_Renewal_20240901-20250630,,,,https://www.medicaid.gov/medicaid/managed-care/downloads/NH_Fee_Oth1_Renewal_20240901-20250630.pdf,5b95b16217bb74e5c9bc2e159bdda7c241f32af656df55f1da6072c129931185,2026-09-30T16:49:25Z,,0.1.0
NH_Fee_Oth1_Renewal_20250701-20260630,NH,New Hampshire,Fee,FEE,Oth1,Renewal,Renewal,2025-07-01,2026-06-30,,"Minimum fee schedule established by the state for durable medical equipment for the rating period covering July 1, 2025 through June 30, 2026, incorporated into the capitation rates through a risk-based rate adjustment.",form_only_no_letter,numbered,1796870500.0,17968705.0,"$17,968,705",1140830500.0,"$11,408,305",656040000.0,"$6,560,400",,,True,False,False,,,,,,https://www.medicaid.gov/medicaid/managed-care/downloads/NH_Fee_Oth1_Renewal_20250701-20260630.pdf,60add6983b8e4ad7255ea10eeba9fa34c249c310eb35eb9c5d24721ac9f6999a,2026-09-30T16:49:26Z,,0.1.0
NH_Fee_Oth1_Renewal_20260701-20270630,NH,New Hampshire,Fee,FEE,Oth1,Renewal,Renewal,2026-07-01,2027-06-30,,"Minimum Fee Schedule established by the state for durable medical equipment for the rating period covering July 1, 2026 through June 30, 2027, incorporated in the capitation rates through a risk-based rate adjustment of up to $17,968,705.",form_only_no_letter,minimal,,,,,,,,,,False,False,False,not read,,,,,https://www.medicaid.gov/medicaid/managed-care/downloads/NH_Fee_Oth1_Renewal_20260701-20270630.pdf,6fc73eed1b8a303151d0327a2225e66e12b33a601042fc98bdf62659aab9f19b,2026-09-30T16:49:28Z,,0.1.0
NH_VBP_BHO_New_20240901-20250630,NH,New Hampshire,VBP,VBP,BHO,New,New,2024-09-01,2025-06-30,,"The value-based payment for eligible community mental health centers established by the state for behavioral health outpatient services for the rating period September 1, 2024through June 30, 2025, incorporated into the capitation rates through a risk-based rate adjustment up to $5,000,000.",form_only_no_letter,numbered,500000000.0,5000000.0,"$5,000,000",287825500.0,"$2,878,255",212174500.0,"$2,121,745",,,True,False,False,,NH_VBP_BHO_New_20240901-20250630,,,,https://www.medicaid.gov/medicaid/managed-care/downloads/NH_VBP_BHO_New_20240901-20250630.pdf,eaddab4a625d1d80cc097a696334238ea6713ad92f22383b6ad7c04943c906c2,2026-09-30T16:49:29Z,,0.1.0
NH_VBP_BHO_Renewal_20250701-20260630,NH,New Hampshire,VBP,VBP,BHO,Renewal,Renewal,2025-07-01,2026-06-30,,"The value-based payment for eligible community mental health centers established by the state for behavioral health outpatient services for the rating period covering July 1,2025 through June 30, 2026, incorporated into the capitation rates through a risk-based rate adjustment.",phase_down_determination,numbered,735000000.0,7350000.0,"$7,350,000",425177600.0,"$4,251,776",309822400.0,"$3,098,224",,,True,False,False,,,,,,https://www.medicaid.gov/medicaid/managed-care/downloads/NH_VBP_BHO_Renewal_20250701-20260630.pdf,899cccf9876895b204ea8c28deefd25e3d6572866131c24508c7b774420d8ec2,2026-09-30T16:49:30Z,,0.1.0
NH_VBP_BHO_Renewal_20260701-20270630,NH,New Hampshire,VBP,VBP,BHO,Renewal,Renewal,2026-07-01,2027-06-30,,"Value-based payment for eligible community mental health centers established by the state for behavioral health outpatient services for the rating period covering July 1, 2026 through June 30, 2027, incorporated in the capitation rates through a risk-based rate adjustment up to $7,350,000.",form_only_no_letter,minimal,,,,,,,,,,False,False,False,not read,,,,,https://www.medicaid.gov/medicaid/managed-care/downloads/NH_VBP_BHO_Renewal_20260701-20270630.pdf,8d2055a1e5bfdbdb04d396cb360777d52ae1ebbb27391ca8f5e00e5d7dd6cc52,2026-09-30T16:49:31Z,,0.1.0
NJ_Fee_AMC.PC.SP.D_Renewal_20240701-20250630,NJ,New Jersey,Fee,FEE,AMC.PC.SP.D,Renewal,Renewal,2024-07-01,2025-06-30,,"Minimum fee schedules as established by the state for professional services provided by qualified providers affiliated with schools of medicine or dentistry who participate in the New Jersey Medicaid program for the rating period, July 1, 2024 through June 30, 2025, incorporated into the capitation rates through a risk-based rate adjustment",form_only_no_letter,numbered,39408738400.0,394087384.0,"$394,087,384",26211824100.0,"$262,118,241",13196914300.0,"$131,969,143",,,True,False,False,,,,,,https://www.medicaid.gov/medicaid/managed-care/downloads/NJ_Fee_AMC.PC.SP.D_Renewal_20240701-20250630.pdf,63344f4ea3f6d9dd813a83ad3f10d6577103dbac98295b9e0449bc6d244d5535,2026-09-30T16:49:33Z,,0.1.0
NJ_Fee_AMC1_New_20250701-20260630,NJ,New Jersey,Fee,FEE,AMC1,New,New,2025-07-01,2026-06-30,,"Uniform percentage increase for professional services provided by qualified providers employed or contracted with the AtlantiCare health system which is affiliated with Stockton University’s nursing and allied health training programs for the rating period covering July 1, 2025 through June 30, 2026, incorporated in the capitation rates through a separate payment term up to $50,611,881.",phase_down_determination,minimal,,,,,,,,5061188100.0,separate_payment_term,False,False,False,not read,,,,,https://www.medicaid.gov/medicaid/managed-care/downloads/NJ_Fee_AMC1_New_20250701-20260630.pdf,b72f84a2e2451b30e463aebae0fccc2b682f4ed9848b287a10d5a006d41cff98,2026-09-30T16:49:34Z,,0.1.0
NJ_Fee_AMC_Renewal_20250701-20260630,NJ,New Jersey,Fee,FEE,AMC,Renewal,Renewal,2025-07-01,2026-06-30,,"Minimum fee schedules for professional services provided by qualified providers affiliated with schools of medicine or dentistry who participate in the New Jersey Medicaid program for the rating period, July 1, 2025 through June 30, 2026,",phase_down_determination,numbered,47278161500.0,472781615.0,"$472,781,615",31969288300.0,"$319,692,883",15308873200.0,"$153,088,732",47278161500.0,risk_based_adjustment,True,False,False,,,,,,https://www.medicaid.gov/medicaid/managed-care/downloads/NJ_Fee_AMC_Renewal_20250701-20260630.pdf,eb71b90e25cdfe2f7482d655ecc36f35912628ef412acb2ac81cfa4f96c0027d,2026-09-30T16:49:35Z,,0.1.0
NJ_Fee_IPH.BH2_Renewal_20240701-20250630,NJ,New Jersey,Fee,FEE,IPH.BH2,Renewal,Renewal,2024-07-01,2025-06-30,,"Uniform dollar increase for inpatient hospital services and behavioral health inpatient services provided by Ocean County hospitals for the rating period, July 1, 2024 through June 30, 2025, incorporated into the capitation rates through a separate payment term up to $83,912,896.",form_only_no_letter,numbered,8391289600.0,83912896.0,"$83,912,896",5977285000.0,"$59,772,850",2414004600.0,"$24,140,046",,,True,False,False,,,,,,https://www.medicaid.gov/medicaid/managed-care/downloads/NJ_Fee_IPH.BH2_Renewal_20240701-20250630.pdf,8053ce2f2658167d7aebd40b2912ac777242456dc350b091435fab73db321662,2026-09-30T16:49:37Z,,0.1.0
NJ_Fee_IPH.BHI1_Amend_20230701-20240630,NJ,New Jersey,Fee,FEE,IPH.BHI1,Amend,Amendment,2023-07-01,2024-06-30,,"The amendment of the uniform increase for inpatient hospital services provided by public and private acute care hospitals and freestanding psychiatric hospitals in Bergen County for the rating period covering July 1, 2023 through June 30, 2024, incorporated in the capitation rates through a separate payment term up to $326,850,042.",form_only_no_letter,minimal,,,,,,,,,,False,False,False,not read,,,,,https://www.medicaid.gov/medicaid/managed-care/downloads/NJ_Fee_IPH.BHI1_Amend_20230701-20240630.pdf,2095add617c22fa5b4602fc9db4f4e46731a8e41f54b473ed56b3de8fa37c213,2026-09-30T16:49:38Z,,0.1.0
NJ_Fee_IPH.BHI1_New_20230701-20240630,NJ,New Jersey,Fee,FEE,IPH.BHI1,New,New,2023-07-01,2024-06-30,,"The uniform dollar increase for inpatient hospital services provided by public and private acute care hospitals and freestanding psychiatric hospitals in Bergen County for the rating period covering July 1, 2023 through June 30, 2024, incorporated in the capitation rates through a separate payment term of up to $311,194,527.",approval,numbered,31119452700.0,311194527.0,"$311,194,527",21827206900.0,"$218,272,069",9292245800.0,"$92,922,458",31119452700.0,separate_payment_term,True,False,False,,,,,,https://www.medicaid.gov/medicaid/managed-care/downloads/nj-fee-iph.bhi1-new-20230701-20240630.pdf,deeee04e7f2aaa8c0ee4253313549d8916f8d13e52aaa887120d5da3237fe526,2026-09-30T16:49:39Z,,0.1.0
NJ_Fee_IPH.BHI2_New_20230701-20240630,NJ,New Jersey,Fee,FEE,IPH.BHI2,New,New,2023-07-01,2024-06-30,,"The uniform dollar increase for inpatient hospital services provided by general acute care hospitals and non-general acute care hospitals in Burlington County for the rating period covering July 1, 2023 through June 30, 2024, incorporated in the capitation rates through a separate payment term of up to $60,600,614.",approval,numbered,6060061400.0,60600614.0,"$60,600,614",4172744100.0,"$41,727,441",1887317300.0,"$18,873,173",6060061400.0,separate_payment_term,True,False,False,,,,,,https://www.medicaid.gov/medicaid/managed-care/downloads/nj-fee-iph.bhi2-new-20230701-20240630.pdf,f587fe4e68417504d46b4723e7939ce1d07c2aac218ee5f5a732fea1b3d2462b,2026-09-30T16:49:40Z,,0.1.0
NJ_Fee_IPH.BHI3_Amend_20230701-20240630,NJ,New Jersey,Fee,FEE,IPH.BHI3,Amend,Amendment,2023-07-01,2024-06-30,,"The amendment of the uniform increase for inpatient hospital services, including behavioral inpatient hospital services, provided by participating hospitals in Ocean County for the rating period covering July 1, 2023 through June 30, 2024, incorporated in the capitation rates through a separate payment term up to $69,614,213.",form_only_no_letter,minimal,,,,,,,,,,False,False,False,not read,,,,,https://www.medicaid.gov/medicaid/managed-care/downloads/NJ_Fee_IPH.BHI3_Amend_20230701-20240630.pdf,4619d8ebf6dee691112a761a3b9c00e1d94061382cff229aaf5e1c96208213a1,2026-09-30T16:49:41Z,,0.1.0
NJ_Fee_IPH.BHI3_New_20230701-20240630,NJ,New Jersey,Fee,FEE,IPH.BHI3,New,New,2023-07-01,2024-06-30,,"The uniform dollar increase for inpatient hospital services provided by participating hospitals in Ocean County for the rating period covering July 1, 2023 through June 30, 2024, incorporated in the capitation rates through a separate payment term of up to $63,498,231.",approval,numbered,6349823100.0,63498231.0,"$63,498,231",4409604500.0,"$44,096,045",1940218500.0,"$19,402,185",6349823100.0,separate_payment_term,True,False,False,,,,,,https://www.medicaid.gov/medicaid/managed-care/downloads/nj-fee-iph.bhi3-new-20230701-20240630.pdf,44c52fa6d93b660c64c39a36d7ffa40af60d444c5a0541d3552c13fe1c7aa8fc,2026-09-30T16:49:43Z,,0.1.0
NJ_Fee_IPH.BHI_Renewal_20230701-20240630,NJ,New Jersey,Fee,FEE,IPH.BHI,Renewal,Renewal,2023-07-01,2024-06-30,,"The uniform dollar increase for inpatient hospital services provided by general acute care hospitals and freestanding psychiatric hospitals in Camden County for the rating period covering July 1, 2023 through June 30, 2024, incorporated in the capitation rates through a separate payment term of up to $134,768,687.",approval,numbered,13476868700.0,134768687.0,"$134,768,687",8982743000.0,"$89,827,430",4494125700.0,"$44,941,257",13476868700.0,separate_payment_term,True,False,False,,,,,,https://www.medicaid.gov/medicaid/managed-care/downloads/nj-fee-iph.bhi-renewal-20230701-20240630.pdf,0b1e8d501effd3c0b91fb8373827426384abaad80dbed5bb52dfd454a1ee1275,2026-09-30T16:49:44Z,,0.1.0
NJ_Fee_IPH.BHI_Renewal_20240701-20250630,NJ,New Jersey,Fee,FEE,IPH.BHI,Renewal,Renewal,2024-07-01,2025-06-30,,"Uniform dollar increase for inpatient hospital and behavioral health inpatient services provided by Camden County hospitals for the rating period, July 1, 2024 through June 30, 2025, incorporated into the capitation rates through a separate payment term up to $230,048,387.",form_only_no_letter,numbered,23004838700.0,230048387.0,"$230,048,387",15764365900.0,"$157,643,659",7240472800.0,"$72,404,728",,,True,False,False,,,,,,https://www.medicaid.gov/medicaid/managed-care/downloads/NJ_Fee_IPH.BHI_Renewal_20240701-20250630.pdf,8419c1f8c5d4cd201ed69310d21072a233c21c23c3f4afe5cadd412cc9f82871,2026-09-30T16:49:45Z,,0.1.0
NJ_Fee_IPH.OPH.AMC.PC.SP.BHI.BHO.D_Amend_20220701-20230630,NJ,No state,Fee,FEE,IPH.OPH.AMC.PC.SP.BHI.BHO.D,Amend,Amendment,2022-07-01,2023-06-30,,"Alternative fee schedules established by the state for professional services provided by qualified providers affiliated with schools of medicine or dentistry who participate in the Medicaid Access to Physician Services (MAPS) program for the rating period covering July 1, 2022 through June 30, 2023 incorporated in the capitation rates through a risk-based rate adjustment.",approval,numbered,16240738200.0,162407382.0,"$162,407,382",11327276000.0,"$113,272,760",4913462200.0,"$49,134,622",,,True,False,False,,,,,,https://www.medicaid.gov/medicaid/managed-care/downloads/nj-fee-iph.oph.amc.pc.sp.bhi.bho.d-amend-20220701-20230630.pdf,51ad800d2858a1a35cb2ac88b9cb72e1b534dc26d9663b3fbb38d15a5ee227a7,2026-09-30T16:49:47Z,,0.1.0
NJ_Fee_IPH.OPH.AMC.PC.SP.BHI.BHO.D_Renewal_20230701-20240630,NJ,New Jersey,Fee,FEE,IPH.OPH.AMC.PC.SP.BHI.BHO.D,Renewal,Renewal,2023-07-01,2024-06-30,,"The alternative fee schedules established by the state for professional services provided by qualified providers affiliated with schools of medicine or dentistry who participate in the Medicaid Access to Physician Services (MAPS) program for the rating period covering July 1, 2023 through June 30, 2024, incorporated in the capitation rates through a risk-based rate adjustment.",approval,numbered,20038529500.0,200385295.0,"$200,385,295",14006971400.0,"$140,069,714",6031558100.0,"$60,315,581",,,True,False,False,,,,,,https://www.medicaid.gov/medicaid/managed-care/downloads/NJ_Fee_IPH.OPH.AMC.PC.SP.BHI.BHO.D_Renewal_20230701-20240630.pdf,86aa8adf0f17dc39f96ac847717420b1fb84eda095bd6714bc80ce446d81223a,2026-09-30T16:49:48Z,,0.1.0
NJ_Fee_IPH.OPH.BH1_Renewal_20240701-20250630,NJ,New Jersey,Fee,FEE,IPH.OPH.BH1,Renewal,Renewal,2024-07-01,2025-06-30,,"Uniform dollar increase for inpatient hospital services, outpatient hospital services, and behavioral health inpatient services provided by Bergen County hospitals for the rating period, July 1, 2024 through June 30, 2025, incorporated into the capitation rates through a separate payment term up to $383,396,201.",form_only_no_letter,numbered,38339620100.0,383396201.0,"$383,396,201",27162129600.0,"$271,621,296",11174490500.0,"$111,744,905",,,True,False,False,,,,,,https://www.medicaid.gov/medicaid/managed-care/downloads/NJ_Fee_IPH.OPH.BH1_Renewal_20240701-20250630.pdf,46610e5355e644dc0a5d8fd8d0b3c6a3d58d221a530362ef2ef9c46e1b1599cf,2026-09-30T16:49:49Z,,0.1.0
NJ_Fee_IPH.OPH.BHI.BHO1_Renewal_20250701-20260630,NJ,New Jersey,Fee,FEE,IPH.OPH.BHI.BHO1,Renewal,Renewal,2025-07-01,2026-06-30,,"Uniform dollar increase for inpatient and outpatient hospital services and behavioral health inpatient and outpatient services provided by participating hospitals in Ocean County for the rating period covering July 1, 2025 through June 30, 2026, incorporated in the capitation rates through a separate payment term up to $252,832,810.",phase_down_determination,prose,,,,,,,,25283281000.0,separate_payment_term,False,False,False,not read,,,,,https://www.medicaid.gov/medicaid/managed-care/downloads/NJ_Fee_IHP.OPH.BHI.BHO1_Renewal_20250701-20260630.pdf,348e41090fe8689c1dec075b66de43a99e6e104966f2733bed8c90bc4f9389af,2026-09-30T16:49:51Z,,0.1.0
NJ_Fee_IPH.OPH.BHI1_New_20250701-20260630,NJ,New Jersey,Fee,FEE,IPH.OPH.BHI1,New,New,2025-07-01,2026-06-30,,"Uniform dollar increase for inpatient hospital services, outpatient hospital services and behavioral health inpatient services provided by general acute hospitals and a private acute psychiatric inpatient hospital in Union County for the rating period, July 1, 2025 through June 30, 2026, incorporated into the capitation rates through a separate payment term up to $213,769,468.",phase_down_determination,minimal,,,,,,,,21376946800.0,separate_payment_term,False,False,False,not read,,,,,https://www.medicaid.gov/medicaid/managed-care/downloads/NJ_Fee_IPH.OPH.BHI1_New_20250701-20260630.pdf,52801584259c3858960ea2909416834e7bd66efac208f641657f5fcf3c026403,2026-09-30T16:49:52Z,,0.1.0
NJ_Fee_IPH.OPH.BHI_Renewal_20250701-20260630 Camden,NJ,New Jersey,Fee,FEE,IPH.OPH.BHI,Renewal,Renewal,2025-07-01,2026-06-30,Camden,"Uniform increase for inpatient hospital services, outpatient hospital services, and behavioral health inpatient services provided by Camden County hospitals for the rating period covering July 1, 2025 through June 30, 2026, incorporated in the capitation rates through a separate payment term amount of up to $582,557,535.",phase_down_determination,prose,,,,,,,,58255753500.0,separate_payment_term,False,False,False,not read,,,,,https://www.medicaid.gov/medicaid/managed-care/downloads/NJ_Fee_IPH.OPH.BHI_Renewal_20250701-20260630.pdf,3cc4bc463a3985f49e9cbf036a7b2e3394d4fbdfdbd6f700ad1ec54e6e257514,2026-09-30T16:49:53Z,,0.1.0
NJ_Fee_IPH.OPH1_Renewal_20250701-20260630 Burlington,NJ,New Jersey,Fee,FEE,IPH.OPH1,Renewal,Renewal,2025-07-01,2026-06-30,Burlington,"Uniform increase for inpatient and outpatient hospital services provided by Burlington County hospitals for the rating period covering July 1, 2025 through June 30, 2026, incorporated in the capitation rates through a separate payment term amount of up to $161,590,174.",phase_down_determination,prose,,,,,,,,16159017400.0,separate_payment_term,False,False,False,not read,,,,,https://www.medicaid.gov/medicaid/managed-care/downloads/NJ_Fee_IPH.OPH1_Renewal_20250701-20260630.pdf,34ea00e1db7a97e81f00199406ecbad36fc1242f673059e0d963735fafab9643,2026-09-30T16:49:55Z,,0.1.0
NJ_Fee_IPH.OPH2_Renewal_20250701-20260630 Essex,NJ,New Jersey,Fee,FEE,IPH.OPH2,Renewal,Renewal,2025-07-01,2026-06-30,Essex,"Uniform increase for inpatient and outpatient hospital services provided by Essex County hospitals for the rating period covering July 1, 2025 through June 30, 2026, incorporated in the capitation rates through a separate payment term amount of up to $566,687,809.",phase_down_determination,prose,,,,,,,,56668780900.0,separate_payment_term,False,False,False,not read,,,,,https://www.medicaid.gov/medicaid/managed-care/downloads/NJ_Fee_IPH.OPH2_Renewal_20250701-20260630.pdf,97f3dc11ce795018881d9e8592585bc1f7ce9f489fb0518feae80b5e87e05f48,2026-09-30T16:49:56Z,,0.1.0
NJ_Fee_IPH.OPH3_New_20250701-20260630,NJ,New Jersey,Fee,FEE,IPH.OPH3,New,New,2025-07-01,2026-06-30,,"The uniform dollar increase for inpatient hospital services and outpatient hospital services provided by Gloucester County hospitals for the rating period covering July 1, 2025 through June 30, 2026, incorporated in the capitation rates through a separate payment term up to $70,954,562.",phase_down_determination,prose,,,,,,,,7095456200.0,separate_payment_term,False,False,False,not read,,,,,https://www.medicaid.gov/medicaid/managed-care/downloads/NJ_Fee_IPH.OPH3_New_20250701-20260630.pdf,44ba3a7b2d8b6bcd02bfb6592bfa545cbdaf4d5113ddc3118470993147a10ef3,2026-09-30T16:49:57Z,,0.1.0
NJ_Fee_IPH.OPH4_Renewal_20250701-20260630,NJ,New Jersey,Fee,FEE,IPH.OPH4,Renewal,Renewal,2025-07-01,2026-06-30,,"Uniform dollar increase for inpatient and outpatient hospital services provided by Mercer County hospitals for the rating period, July 1, 2025 through June 30, 2026, incorporated in the capitation rates through a separate payment term up to $185,883,506.",phase_down_determination,prose,,,,,,,,18588350600.0,separate_payment_term,False,False,False,not read,,,,,https://www.medicaid.gov/medicaid/managed-care/downloads/NJ_Fee_IPH.OPH4_Renewal_20250701-20260630.pdf,5f4949a8c31a6545516b9d69fcfba6d33641501ca2e3e5a31edcc5f1e2bc0837,2026-09-30T16:49:59Z,,0.1.0
NJ_Fee_IPH.OPH5_Renewal_20250701-20260630,NJ,New Jersey,Fee,FEE,IPH.OPH5,Renewal,Renewal,2025-07-01,2026-06-30,,"Uniform dollar increase for inpatient and outpatient hospital services provided by Middlesex County hospitals for the rating period, July 1, 2025 through June 30, 2026, incorporated in the capitation rates through a separate payment term up to$534,141,249.",phase_down_determination,prose,,,,,,,,53414124900.0,separate_payment_term,False,False,False,not read,,,,,https://www.medicaid.gov/medicaid/managed-care/downloads/NJ_Fee_IPH.OPH5_Renewal_20250701-20260630.pdf,03803b61b66ead8d5a0cf43632cae730c0c8e554e42d66a9634fc0062c36aafd,2026-09-30T16:50:00Z,,0.1.0
NJ_Fee_IPH.OPH6_Renewal_20250701-20260630 Monmouth,NJ,New Jersey,Fee,FEE,IPH.OPH6,Renewal,Renewal,2025-07-01,2026-06-30,Monmouth,"Uniform dollar increase for inpatient and outpatient hospital services provided by Monmouth County hospitals for the rating period covering July 1, 2025 through June 30, 2026, incorporated in the capitation rates through a separate payment term amount of up to $393,023,133.",phase_down_determination,prose,,,,,,,,39302313300.0,separate_payment_term,False,False,False,not read,,,,,https://www.medicaid.gov/medicaid/managed-care/downloads/NJ_Fee_IPH.OPH6_Renewal_20250701-20260630.pdf,ab4aa35748b5002691247b7c7dd6d2e7493362e51902ad27d6bf049beaedfa02,2026-09-30T16:50:02Z,,0.1.0
NJ_Fee_IPH.OPH7_Renewal_20250701-20260630,NJ,New Jersey,Fee,FEE,IPH.OPH7,Renewal,Renewal,2025-07-01,2026-06-30,,"Uniform dollar increase for inpatient and outpatient hospital services provided by participating hospitals in Bergen County for the rating period covering from July 1,2025 through June 30, 2026, incorporated in the capitation rates through a separate payment term up to $516,107,405.",phase_down_determination,prose,,,,,,,,51610740500.0,separate_payment_term,False,False,False,not read,,,,,https://www.medicaid.gov/medicaid/managed-care/downloads/NJ_Fee_IPH.OPH7_Renewal_20250701-20260630.pdf,96fe557077c0d56aee3d93c6e515bdac493840fbc36a4d6397571a160f4740c2,2026-09-30T16:50:04Z,,0.1.0
NJ_Fee_IPH.OPH_Renewal_20250701-20260630 Atlantic,NJ,New Jersey,Fee,FEE,IPH.OPH,Renewal,Renewal,2025-07-01,2026-06-30,Atlantic,"Uniform increase for inpatient and outpatient hospital services provided by Atlantic County hospitals for the rating period covering July 1, 2025 through June 30, 2026, incorporated in the capitation rates through a separate payment term amount of up to $166,050,629.",phase_down_determination,prose,,,,,,,,16605062900.0,separate_payment_term,False,False,False,not read,,,,,https://www.medicaid.gov/medicaid/managed-care/downloads/NJ_Fee_IPH.OPH_Renewal_20250701-20260630.pdf,d9f62a155f42222db518c31bd3252c9b11ddab784650ae4a5ef77fd86bd11a2c,2026-09-30T16:50:05Z,,0.1.0
NJ_Fee_IPH1_Renewal_20230701-20240630,NJ,New Jersey,Fee,FEE,IPH1,Renewal,Renewal,2023-07-01,2024-06-30,,"The uniform dollar increase for inpatient hospital services provided by Atlantic County hospitals for the rating period covering July 1, 2023 through June 30, 2024, incorporated in the capitation rates through a separate payment term of up to $68,929,587.",approval,numbered,6892958700.0,68929587.0,"$68,929,587",4674685100.0,"$46,746,851",2218273600.0,"$22,182,736",6892958700.0,separate_payment_term,True,False,False,,,,,,https://www.medicaid.gov/medicaid/managed-care/downloads/nj-fee-iph1-renewal-20230701-20240630.pdf,037344a881112029ba24c46e7749e2d6cb75ed8a2db05914279d590d464ed79e,2026-09-30T16:50:06Z,,0.1.0
NJ_Fee_IPH1_Renewal_20240701-20250630,NJ,New Jersey,Fee,FEE,IPH1,Renewal,Renewal,2024-07-01,2025-06-30,,"Uniform dollar increase for inpatient hospital services provided by Atlantic County hospitals for the rating period, July 1, 2024 through June 30, 2025, incorporated into the capitation rates through a separate payment term up to $85,436,770.",form_only_no_letter,numbered,8543677000.0,85436770.0,"$85,436,770",5921464700.0,"$59,214,647",2622212300.0,"$26,222,123",,,True,False,False,,,,,,https://www.medicaid.gov/medicaid/managed-care/downloads/NJ_Fee_IPH1_Renewal_20240701-20250630.pdf,d8c6e7814cdf1202804b6e8a596b7fa25f0960b8176c519b780624db532a5378,2026-09-30T16:50:08Z,,0.1.0
NJ_Fee_IPH2_Renewal_20230701-20240630,NJ,New Jersey,Fee,FEE,IPH2,Renewal,Renewal,2023-07-01,2024-06-30,,"A uniform dollar increase for inpatient hospital services provided by Hudson County hospitals for the rating period covering July 1, 2023 through June 30, 2024, incorporated in the capitation rates through a separate payment term of up to $72,753,656.",approval,numbered,7275365600.0,72753656.0,"$72,753,656",4706320000.0,"$47,063,200",2569045600.0,"$25,690,456",7275365600.0,separate_payment_term,True,False,False,,,,,,https://www.medicaid.gov/medicaid/managed-care/downloads/nj-fee-iph2-renewal-20230701-20240630.pdf,d849fba4ef9d827c53ff48eb7968b8ed81428e571044086f00253d4272dd2105,2026-09-30T16:50:09Z,,0.1.0
NJ_Fee_IPH2_Renewal_20240701-20250630,NJ,New Jersey,Fee,FEE,IPH2,Renewal,Renewal,2024-07-01,2025-06-30,,"Uniform dollar increase for inpatient hospital services provided by Burlington County hospitals for the rating period, July 1, 2024 through June 30, 2025, incorporated into the capitation rates through a separate payment term up to $71,746,613.",form_only_no_letter,numbered,7174661300.0,71746613.0,"$71,746,613",4987043800.0,"$49,870,438",2187617500.0,"$21,876,175",,,True,False,False,,,,,,https://www.medicaid.gov/medicaid/managed-care/downloads/NJ_Fee_IPH2_Renewal_20240701-20250630.pdf,9691e3354a1374c49d7a8de23306d9b205bcbe36e9c7a37a3e8774bbdb37f69b,2026-09-30T16:50:10Z,,0.1.0
NJ_Fee_IPH2_Renewal_20250701-20260630 Hudson,NJ,New Jersey,Fee,FEE,IPH2,Renewal,Renewal,2025-07-01,2026-06-30,Hudson,"Uniform increase for inpatient hospital services provided by Hudson County hospitals for the rating period covering July 1, 2025 through June 30, 2026, incorporated in the capitation rates through a separate payment term amount of up to $198,272,741.",phase_down_determination,prose,,,,,,,,19827274100.0,separate_payment_term,False,False,False,not read,,,,,https://www.medicaid.gov/medicaid/managed-care/downloads/NJ_Fee_IPH2_Renewal_20250701-20260630.pdf,67bad723b890bf4ba557e99cb2ad5397778596a99e1182d1c5a4f1acf147cd7a,2026-09-30T16:50:12Z,,0.1.0
NJ_Fee_IPH3_Renewal_20240701-20250630,NJ,New Jersey,Fee,FEE,IPH3,Renewal,Renewal,2024-07-01,2025-06-30,,"Uniform dollar increase for inpatient hospital services provided by Cumberland County hospitals for the rating period, July 1, 2024 through June 30, 2025, incorporated into the capitation rates through a separate payment term up to $37,292,135.",form_only_no_letter,numbered,3729213500.0,37292135.0,"$37,292,135",2439059400.0,"$24,390,594",1290154100.0,"$12,901,541",,,True,False,False,,,,,,https://www.medicaid.gov/medicaid/managed-care/downloads/NJ_Fee_IPH3_Renewal_20240701-20250630.pdf,67b6728eb956d082d472aa16f2f2940a1be186691f587821f47ff2fbe97505be,2026-09-30T16:50:13Z,,0.1.0
NJ_Fee_IPH3_Renewal_20250701-20260630 Cumberland,NJ,New Jersey,Fee,FEE,IPH3,Renewal,Renewal,2025-07-01,2026-06-30,Cumberland,"Uniform increase for inpatient hospital services provided by Cumberland County hospitals for the rating period covering July1, 2025 through June 30, 2026, incorporated in the capitation rates through a separate payment term amount of up to $90,779,944.",phase_down_determination,prose,,,,,,,,9077994400.0,separate_payment_term,False,False,False,not read,,,,,https://www.medicaid.gov/medicaid/managed-care/downloads/NJ_Fee_IPH3_Renewal_20250701-20260630.pdf,6d59fae5a445898a0988c9eaf6738cf2d1e55c76540527fe664623b645355824,2026-09-30T16:50:15Z,,0.1.0
NJ_Fee_IPH4_Amend_20230701-20240630,NJ,New Jersey,Fee,FEE,IPH4,Amend,Amendment,2023-07-01,2024-06-30,,"The amendment of the uniform increase for inpatient hospital services provided by Mercer County hospitals for the rating period covering July 1, 2023 through June 30, 2024, incorporated in the capitation rates through a separate payment term of up to $65,991,813.",form_only_no_letter,numbered,6599181300.0,65991813.0,"$65,991,813",4401300800.0,"$44,013,008",2197880500.0,"$21,978,805",,,True,False,False,,,,,,https://www.medicaid.gov/medicaid/managed-care/downloads/NJ_Fee_IPH4_Amend_20230701-20240630.pdf,37559c8f75aaedc9ef81b2404bf1db4581bfc8409e543a2fe71444318b549bec,2026-09-30T16:50:16Z,,0.1.0
NJ_Fee_IPH4_Renewal_20230701-20240630,NJ,New Jersey,Fee,FEE,IPH4,Renewal,Renewal,2023-07-01,2024-06-30,,"The uniform dollar increase for inpatient hospital services provided by Mercer County hospitals for the rating period covering July 1, 2023 through June 30, 2024, incorporated in the capitation rates through a separate payment term of up to $57,945,281.",approval,numbered,5794528100.0,57945281.0,"$57,945,281",3708739500.0,"$37,087,395",2085788600.0,"$20,857,886",5794528100.0,separate_payment_term,True,False,False,,,,,,https://www.medicaid.gov/medicaid/managed-care/downloads/nj-fee-iph4-renewal-20230701-20240630.pdf,a41c2548d8a690dcd06c8a3f431beb355e2986bf1e84b923e900fc95a8e8b3d6,2026-09-30T16:50:17Z,,0.1.0
NJ_Fee_IPH4_Renewal_20240701-20250630,NJ,New Jersey,Fee,FEE,IPH4,Renewal,Renewal,2024-07-01,2025-06-30,,"Uniform dollar increase for inpatient hospital services provided by Essex County hospitals for the rating period, July 1, 2024 through June 30, 2025, incorporated into the capitation rates through a separate payment term up to $263,242,781.",form_only_no_letter,numbered,26324278100.0,263242781.0,"$263,242,781",17745385000.0,"$177,453,850",8578893100.0,"$85,788,931",,,True,False,False,,,,,,https://www.medicaid.gov/medicaid/managed-care/downloads/NJ_Fee_IPH4_Renewal_20240701-20250630.pdf,226f9d6ba14f5cc8c4fc398362b6a4f00140bad7798b971dc41108ce442006f7,2026-09-30T16:50:19Z,,0.1.0
NJ_Fee_IPH5_Amend_20230701-20240630,NJ,New Jersey,Fee,FEE,IPH5,Amend,Amendment,2023-07-01,2024-06-30,,"The amendment of the uniform increase for inpatient hospital services provided by Middlesex County hospitals for the rating period covering July 1, 2023 through June 30, 2024, incorporated in the capitation rates through a separate payment term up to$187,423,005.",form_only_no_letter,minimal,,,,,,,,,,False,False,False,not read,,,,,https://www.medicaid.gov/medicaid/managed-care/downloads/NJ_Fee_IPH5_Amend_20230701-20240630.pdf,851ba0697f5c48fe299ea6fa204ab46b1fbfd32b7dc6273dd0a52ab771c56db5,2026-09-30T16:50:20Z,,0.1.0
NJ_Fee_IPH5_Renewal_20230701-20240630,NJ,New Jersey,Fee,FEE,IPH5,Renewal,Renewal,2023-07-01,2024-06-30,,"The uniform dollar increase for inpatient hospital services provided by Middlesex County hospitals for the rating period covering July 1, 2023 through June 30, 2024, incorporated in the capitation rates through a separate payment term of up to $170,305,003.",approval,numbered,17030500300.0,170305003.0,"$170,305,003",11041921700.0,"$110,419,217",5988578600.0,"$59,885,786",17030500300.0,separate_payment_term,True,False,False,,,,,,https://www.medicaid.gov/medicaid/managed-care/downloads/nj-fee-iph5-renewal-20230701-20240630.pdf,f3ae8349cc7c0195299adf9854a369bfb456fa9cdf60593bd85b4d841374b8c3,2026-09-30T16:50:21Z,,0.1.0
NJ_Fee_IPH5_Renewal_20240701-20250630,NJ,New Jersey,Fee,FEE,IPH5,Renewal,Renewal,2024-07-01,2025-06-30,,"Uniform dollar increase for inpatient hospital services provided by Hudson County hospitals for the rating period, July 1, 2024 through June 30, 2025, incorporated into the capitation rates through a separate payment term up to $107,475,883.",form_only_no_letter,numbered,10747588300.0,107475883.0,"$107,475,883",7427393300.0,"$74,273,933",3320195000.0,"$33,201,950",,,True,False,False,,,,,,https://www.medicaid.gov/medicaid/managed-care/downloads/NJ_Fee_IPH5_Renewal_20240701-20250630.pdf,3bbd7ad8edfa815df1846ea0a4a3a86b90302390d7858205b01e47514f812d29,2026-09-30T16:50:23Z,,0.1.0
NJ_Fee_IPH6_Renewal_20230701-20240630,NJ,New Jersey,Fee,FEE,IPH6,Renewal,Renewal,2023-07-01,2024-06-30,,"The uniform dollar increase for inpatient hospital services provided by Passaic County hospitals for the rating period covering July 1, 2023 through June 30, 2024, incorporated in the capitation rates through a separate payment term of up to $49,488,138.",approval,numbered,4948813800.0,49488138.0,"$49,488,138",3162366200.0,"$31,623,662",1786447600.0,"$17,864,476",4948813800.0,separate_payment_term,True,False,False,,,,,,https://www.medicaid.gov/medicaid/managed-care/downloads/nj-fee-iph6-renewal-20230701-20240630.pdf,e00c383c19dd912d98c1a0a71129deae685f438fa7d86cae0b1bbc66b029b466,2026-09-30T16:50:24Z,,0.1.0
NJ_Fee_IPH6_Renewal_20240701-20250630,NJ,New Jersey,Fee,FEE,IPH6,Renewal,Renewal,2024-07-01,2025-06-30,,"Uniform dollar increase for inpatient hospital services provided by Mercer County hospitals for the rating period, July 1, 2024 through June 30, 2025, incorporated into the capitation rates through a separate payment term up to $84,249,173.",form_only_no_letter,numbered,8424917300.0,84249173.0,"$84,249,173",5699545500.0,"$56,995,455",2725371800.0,"$27,253,718",,,True,False,False,,,,,,https://www.medicaid.gov/medicaid/managed-care/downloads/NJ_Fee_IPH6_Renewal_20240701-20250630.pdf,2711150c685fad0e0e798d84dbbcc964322dd32e9ce39026e40e150dd7939bb6,2026-09-30T16:50:25Z,,0.1.0
NJ_Fee_IPH7_New_20230701-20240630,NJ,New Jersey,Fee,FEE,IPH7,New,New,2023-07-01,2024-06-30,,"The uniform dollar increase for inpatient hospital services provided at acute care and rehabilitation hospitals in Cumberland County for the rating period covering July 1, 2023 through June 30, 2024, incorporated in the capitation rates through a separate payment term of up to $30,308,732.",approval,numbered,3030873200.0,30308732.0,"$30,308,732",1923262600.0,"$19,232,626",1107610500.0,"$11,076,105",3030873200.0,separate_payment_term,True,False,False,,,,,,https://www.medicaid.gov/medicaid/managed-care/downloads/nj-fee-iph7-new-20230701-20240630.pdf,1d8c1a7991c1a5140a683120389049d2d0cb4b9accc73603e52594827b70fe7f,2026-09-30T16:50:26Z,,0.1.0
NJ_Fee_IPH7_Renewal_20240701-20250630,NJ,New Jersey,Fee,FEE,IPH7,Renewal,Renewal,2024-07-01,2025-06-30,,"Uniform dollar increase for inpatient hospital services provided by Middlesex County hospitals for the rating period, July 1, 2024 through June 30, 2025, incorporated into the capitation rates through a separate payment term up to $248,562,303.",form_only_no_letter,numbered,24856230300.0,248562303.0,"$248,562,303",16364051000.0,"$163,640,510",8492179300.0,"$84,921,793",,,True,False,False,,,,,,https://www.medicaid.gov/medicaid/managed-care/downloads/NJ_Fee_IPH7_Renewal_20240701-20250630.pdf,bcf2d5c4a7d40d1be2e98791da34cad4d30c2543ddf52d1321b5cb4c4f392ab7,2026-09-30T16:50:28Z,,0.1.0
NJ_Fee_IPH8_New_20230701-20240630,NJ,New Jersey,Fee,FEE,IPH8,New,New,2023-07-01,2024-06-30,,"The uniform dollar increase for inpatient hospital services provided by acute care and rehabilitation hospitals in Monmouth County for the rating period covering July 1, 2023 through June 30, 2024, incorporated in the capitation rates through a separate payment term of up to $160,993,241.",approval,numbered,16099324100.0,160993241.0,"$160,993,241",10333329300.0,"$103,333,293",5765994700.0,"$57,659,947",16099324100.0,separate_payment_term,True,False,False,,,,,,https://www.medicaid.gov/medicaid/managed-care/downloads/nj-fee-iph8-new-20230701-20240630.pdf,446401531475b986ad26665ce0af76b206998348e05a7eca8b5d3f12f9cbd721,2026-09-30T16:50:29Z,,0.1.0
NJ_Fee_IPH8_Renewal_20240701-20250630,NJ,New Jersey,Fee,FEE,IPH8,Renewal,Renewal,2024-07-01,2025-06-30,,"Uniform dollar increase for inpatient hospital services provided by Monmouth County hospitals for the rating period, July 1, 2024 through June 30, 2025, incorporated into the capitation rates through a separate payment term up to $185,039,257.",form_only_no_letter,numbered,18503925700.0,185039257.0,"$185,039,257",12092892300.0,"$120,928,923",6411033400.0,"$64,110,334",,,True,False,False,,,,,,https://www.medicaid.gov/medicaid/managed-care/downloads/NJ_Fee_IPH8_Renewal_20240701-20250630.pdf,8d77bba81de262e51835e162dbaf3b8fcd52178546df3b5a54014c11ad5497b9,2026-09-30T16:50:30Z,,0.1.0
NJ_Fee_IPH9_Renewal_20240701-20250630,NJ,New Jersey,Fee,FEE,IPH9,Renewal,Renewal,2024-07-01,2025-06-30,,"Uniform dollar increase for inpatient hospital services provided by Passaic County hospitals for the rating period, July 1, 2024 through June 30, 2025, incorporated into the capitation rates through a separate payment term up to $69,563,799.",form_only_no_letter,numbered,6956379900.0,69563799.0,"$69,563,799",4622138600.0,"$46,221,386",2334241300.0,"$23,342,413",,,True,False,False,,,,,,https://www.medicaid.gov/medicaid/managed-care/downloads/NJ_Fee_IPH9_Renewal_20240701-20250630.pdf,7e35b0d144a17c178ea54dde990f3f17be94adde8c5fd5306042bdcf296187d6,2026-09-30T16:50:32Z,,0.1.0
NJ_Fee_IPH9_Renewal_20250701-20260630 Passaic,NJ,New Jersey,Fee,FEE,IPH9,Renewal,Renewal,2025-07-01,2026-06-30,Passaic,"Uniform increase for inpatient hospital services provided by Passaic County hospitals for the rating period covering July 1, 2025 through June 30, 2026, incorporated in the capitation rates through a separate payment term amount of up to $145,767,110.",phase_down_determination,prose,,,,,,,,14576711000.0,separate_payment_term,False,False,False,not read,,,,,https://www.medicaid.gov/medicaid/managed-care/downloads/NJ_Fee_IPH9_Renewal_20250701-20260630.pdf,b46ae80b3f12570444f0d391e2495c39ec8fac2e701b9db396acd8b00d8f32ce,2026-09-30T16:50:33Z,,0.1.0
NJ_Fee_IPH_New_20230701-20240630,NJ,New Jersey,Fee,FEE,IPH,New,New,2023-07-01,2024-06-30,,"A minimum and maximum fee schedule for qualifying out-of-state pediatric hospital inpatient services established by the state for the rating period July 1, 2023 through June 30, 2024, incorporated into the capitation rates through a risk based rate adjustment, and through a separate payment term up to $2,705,308.",form_only_no_letter,numbered,544274600.0,5442746.0,"$5,442,746",326564800.0,"$3,265,648",217709800.0,"$2,177,098",,,True,False,False,,NJ_Fee_IPH_New_20230701-20240630,,,,https://www.medicaid.gov/medicaid/managed-care/downloads/NJ_Fee_IPH_New_20230701-20240630.pdf,024932d93fdfad5d534a24b9263f232f809551cd04b98e85777cd255d7bde03e,2026-09-30T16:50:34Z,,0.1.0
NJ_Fee_NF_Renewal_20230701-20240630,NJ,New Jersey,Fee,FEE,NF,Renewal,Renewal,2023-07-01,2024-06-30,,"Uniform increase for inpatient hospital services provided by Class II (publicly owned) nursing facilities with greater than 500 licensed beds for the rating period covering July 1, 2023 through June 30, 2024, incorporated in the capitation rates through a separate payment term of up to $14,747,200.",approval,numbered,1474720000.0,14747200.0,"$14,747,200",752107200.0,"$7,521,072",722612800.0,"$7,226,128",1474720000.0,separate_payment_term,True,False,False,,,,,,https://www.medicaid.gov/medicaid/managed-care/downloads/nj-fee-nf-renewal-20230701-20240630.pdf,408d22b63782db5f98e1eb662f7ecc8384570f83418907419913f61c2d30d763,2026-09-30T16:50:36Z,,0.1.0
NJ_Fee_NF_Renewal_20240701-20250630,NJ,New Jersey,Fee,FEE,NF,Renewal,Renewal,2024-07-01,2025-06-30,,Uniform increase for nursing facility services provided by Class II (publicly owned),form_only_no_letter,numbered,1820743800.0,18207438.0,"$18,207,438",910371900.0,"$9,103,719",910371900.0,"$9,103,719",,,True,False,False,,,,,,https://www.medicaid.gov/medicaid/managed-care/downloads/NJ_Fee_NF_Renewal_20240701-20250630.pdf,d1a4c7e8c73a65962ff1454ba24c80f2b70bf2afb7a2d207452d981df7f69d7c,2026-09-30T16:50:37Z,,0.1.0
NJ_Fee_NF_Renewal_20250701-20260630,NJ,New Jersey,Fee,FEE,NF,Renewal,Renewal,2025-07-01,2026-06-30,,"Uniform increase for nursing facility services provided by Class II (publicly owned) nursing facilities with greater than 500 licensed beds for the rating period, July 1, 2025 through June 30, 2026, incorporated into the capitation rates through a separate payment term up to $18,207,438.",phase_down_determination,numbered,1820743800.0,18207438.0,"$18,207,438",910371900.0,"$9,103,719",910371900.0,"$9,103,719",1820743800.0,separate_payment_term,True,False,False,,,,,,https://www.medicaid.gov/medicaid/managed-care/downloads/NJ_Fee_NF_Renewal_20250701-20260630.pdf,ac697d9a0c2ad20d17f2fa18e643e43377b105db15b94e3d9686ef22e00c5cad,2026-09-30T16:50:38Z,,0.1.0
NJ_Fee_NF_Renewal_20260701-20270630,NJ,New Jersey,Fee,FEE,NF,Renewal,Renewal,2026-07-01,2027-06-30,,"The uniform percentage increase for nursing facility services provided by Class II (publicly owned) nursing facilities with greater than 500 licensed beds for the rating period for July 1, 2026 through June 30, 2027, incorporated in the capitation rates through a separate payment term amount up to $18,207,438.",phase_down_determination,prose,,,,,,,,1820743800.0,separate_payment_term,False,False,False,not read,,,,,https://www.medicaid.gov/medicaid/managed-care/downloads/NJ_Fee_NF_Renewal_20260701-20270630.pdf,58d049ce241f4111c3d3bbc01b426895d703a05f7ff2707e330f85e930a99c12,2026-09-30T16:50:39Z,,0.1.0
NJ_Fee_OPH_New_20240701-20250630,NJ,New Jersey,Fee,FEE,OPH,New,New,2024-07-01,2025-06-30,,"A uniform dollar increase for acute care hospitals established by the state for outpatient hospital services for the rating period July 1, 2024 through June 30, 2025, incorporated into the capitation rates through a separate payment term up to $543,923,045.",form_only_no_letter,numbered,54392304500.0,543923045.0,"$543,923,045",36459161700.0,"$364,591,617",17933142800.0,"$179,331,428",,,True,False,False,,NJ_Fee_OPH_New_20240701-20250630,,,,https://www.medicaid.gov/medicaid/managed-care/downloads/NJ_Fee_OPH_New_20240701-20250630.pdf,94a8c6c312b27f1b502f22b45393f7afa333687eeeb54f6debe4696e09f19676,2026-09-30T16:50:41Z,,0.1.0
NJ_Fee_OPH_Renewal_20250701-20260630,NJ,New Jersey,Fee,FEE,OPH,Renewal,Renewal,2025-07-01,2026-06-30,,"The uniform dollar increase for acute care hospitals established by the state for outpatient hospital services for the rating period covering July 1, 2025 through June 30, 2026, incorporated in the capitation rates through a separate payment term of up to",phase_down_determination,numbered,57427827600.0,574278276.0,"$574,278,276 in estimated gross State Directed Payments. $539,247,301 in net State Directed Payments directly to providers, as expressed in Table 2.",36483898900.0,"$364,838,989 n estimated gross State Directed Payments. $342,583,811 net State Directed Payments directly to providers, as expressed in Table 2.",20943928700.0,"$209,439,287 in estimated gross State Directed Payments. $196,663,490 in net State Directed Payments directly to providers, as expressed in Table 2.",57427827600.0,separate_payment_term,True,False,False,,,,,,https://www.medicaid.gov/medicaid/managed-care/downloads/NJ_Fee_OPH_Renewal_20250701-20260630.pdf,731eda2ab011663866e41ff42289ec3b8abde7fcc9ce58be4bf55a6148039217,2026-09-30T16:50:42Z,,0.1.0
NJ_Fee_Oth_New_20250701-20260630,NJ,New Jersey,Fee,FEE,Oth,New,New,2025-07-01,2026-06-30,,"Minimum Fee Schedule for facilities authorized by Casgevy and Lyfgenia manufacturers to administer the therapies for the rating period covering July 1, 2025 through June 30, 2026, incorporated in the capitation rates through a risk-based rate adjustment up to $0, reflecting that Managed Care Organizations (MCOs) are already reimbursing according to this methodology based on limited available data, and therefore no additional financial impact is expected from implementing this payment arrangement.",form_only_no_letter,minimal,,,,,,,,,,False,False,False,not read,,,,,https://www.medicaid.gov/medicaid/managed-care/downloads/NJ_Fee_Oth_New_20250701-20260630.pdf,7beb022b1e67e9f043aa7ed30768972bed3272f5278e188efcf5a10fb83dfd69,2026-09-30T16:50:43Z,,0.1.0
NJ_Fee_PC.SP_Renewal_20230701-20240630,NJ,New Jersey,Fee,FEE,PC.SP,Renewal,Renewal,2023-07-01,2024-06-30,,"The uniform dollar increase for Early and Periodic Screening, Diagnostic, and Treatment (EPSDT) screening services for the rating period covering July 1, 2023 through June 30, 2024, incorporated in the capitation rates through a risk-based rate adjustment.",approval,numbered,910000000.0,9100000.0,"$9,100,000",510000000.0,"$5,100,000",400000000.0,"$4,000,000",,,True,False,False,,,,,,https://www.medicaid.gov/medicaid/managed-care/downloads/NJ_Fee_PC.SP_Renewal_20230701-20240630.pdf,038c0e8310bc98a3810f4bbf022e12653c91c44b9d347a10d2aa77d8d13461ad,2026-09-30T16:50:44Z,,0.1.0
NJ_Fee_PC1_New_20250701-20260630 (formerly NJ_Fee_AMC.PC_New_20250701-20260630),NJ,New Jersey,Fee,FEE,PC1,New,New,2025-07-01,2026-06-30,(formerly NJ_Fee_AMC.PC_New_20250701-20260630),"The uniform dollar increase for primary care services to meet Healthy Steps model fidelity for the rating period covering July 1, 2025 through June 30, 2026, incorporated in the capitation rates through a risk-based rate adjustment of up to $98,385.",form_only_no_letter,prose,,,,,,,,,,False,False,False,not read,,,,,https://www.medicaid.gov/medicaid/managed-care/downloads/NJ_Fee_PC1_New_20250701-20260630.pdf,dc2f611aa6b24af71c8ba77a0c7fadf75b57511c9a3e3c1a31e01c3459ff959a,2026-09-30T16:50:46Z,,0.1.0
NJ_Fee_PC1_Renewal_20260701-20270630,NJ,New Jersey,Fee,FEE,PC1,Renewal,Renewal,2026-07-01,2027-06-30,,"The uniform dollar increase for primary care services to meet HealthySteps model fidelity for the rating period covering July 1, 2026 through June 30, 2027, incorporated in the capitation rates through a risk-based rate adjustment up to $223,500.",form_only_no_letter,prose,,,,,,,,,,False,False,False,not read,,,,,https://www.medicaid.gov/medicaid/managed-care/downloads/NJ_Fee_PC1_Renewal_20260701-20270630.pdf,18f988bfed5a49c4707abf3cf6a0137022ac51e771a3ec59a21d8fe364c811f1,2026-09-30T16:50:47Z,,0.1.0
NJ_Fee_PC_Renewal_20250701-20260630,NJ,New Jersey,Fee,FEE,PC,Renewal,Renewal,2025-07-01,2026-06-30,,"The uniform dollar increase for Early and Periodic Screening, Diagnostic, and Treatment (EPSDT) screening services for the rating period covering July 1, 2025 through June 30, 2026, incorporated in the capitation rates through a risk-based rate adjustment.",approval,numbered,910000000.0,9100000.0,"$9,100,000",510000000.0,"$5,100,000",400000000.0,"$4,000,000",,,True,False,False,,,,,,https://www.medicaid.gov/medicaid/managed-care/downloads/NJ_Fee_PC_Renewal_20250701-20260630.pdf,9d54cb068cf13d9dabd692b909b5d5f1142a3b208e297bff4f8804295aa192bb,2026-09-30T16:50:48Z,,0.1.0
NJ_Fee_PC_Renewal_20260701-20270630,NJ,New Jersey,Fee,FEE,PC,Renewal,Renewal,2026-07-01,2027-06-30,,"The uniform dollar increase for Early and Periodic Screening, Diagnostic, and Treatment (EPSDT) screening services for the rating period covering July 1, 2026 through June 30, 2027, incorporated in the capitation rates through a risk-based rate adjustment up to $6,832,530.",form_only_no_letter,prose,,,,,,,,,,False,False,False,not read,,,,,https://www.medicaid.gov/medicaid/managed-care/downloads/NJ_Fee_PC_Renewal_20260701-20270630.pdf,f3036c43591535b3cdf1d9b4307913dbd1efc20bd789b447a3e829b86e3ad460,2026-09-30T16:50:50Z,,0.1.0
NJ_VBP_IPH.OPH.BHI.BHO1_Renewal_20240701-20250630,NJ,New Jersey,VBP,VBP,IPH.OPH.BHI.BHO1,Renewal,Renewal,2024-07-01,2025-06-30,,"A pay-for-performance initiative focused on behavioral health performance improvement among acute care hospitals for the rating period covering July 1, 2024 through June 30, 2025, incorporated into the capitation rates through a separate payment term of up to $147,000,000.",form_only_no_letter,numbered,14700000000.0,147000000.0,"$147,000,000",8820000000.0,"$88,200,000",5880000000.0,"$58,800,000",,,True,False,False,,,,,,https://www.medicaid.gov/medicaid/managed-care/downloads/NJ_VBP_IPH.OPH.BHI.BHO1_Renewal_20240701-20250630.pdf,33a17f7523a9dd4356eebdb8400b1b388ec3d5551ced232716ca4db334ab4a9c,2026-09-30T16:50:51Z,,0.1.0
NJ_VBP_IPH.OPH.BHI.BHO1_Renewal_20250701-20260630,NJ,New Jersey,VBP,VBP,IPH.OPH.BHI.BHO1,Renewal,Renewal,2025-07-01,2026-06-30,,"A pay-for-performance initiative focused on behavioral health performance improvement among acute care hospitals for the rating period covering July 1, 2025 through June 30, 2026, incorporated into the capitation rates through a separate payment term of up to $147,000,000.",form_only_no_letter,numbered,14700000000.0,147000000.0,"$147,000,000",8820000000.0,"$88,200,000",5880000000.0,"$58,800,000",,,True,False,False,,NJ_VBP_IPH.OPH.BHI.BHO1_Renewal_20250701-20260630,,,,https://www.medicaid.gov/medicaid/managed-care/downloads/NJ_VBP_IPH.OPH.BHI.BHO1_Renewal_20250701-20260630.pdf,9628f591e391235ad4f7804d429b8a8ace0d349dae9fd075437787e8de35b2cc,2026-09-30T16:50:52Z,,0.1.0
NJ_VBP_IPH.OPH_Renewal_20240701-20250630,NJ,New Jersey,VBP,VBP,IPH.OPH,Renewal,Renewal,2024-07-01,2025-06-30,,"A pay-for-performance initiative focused on maternal health performance improvement among acute care hospitals licensed to provide Labor and Delivery Services for the rating period covering July 1, 2024 through June 30, 2025, incorporated into the capitation rates through a separate payment term of up to $63,000,000.",form_only_no_letter,numbered,6300000000.0,63000000.0,"$63,000,000",3780000000.0,"$37,800,000",2520000000.0,"$25,200,000",,,True,False,False,,,,,,https://www.medicaid.gov/medicaid/managed-care/downloads/NJ_VBP_IPH.OPH_Renewal_ 20240701-20250630.pdf,1854c8825cdd5abdedeb4ece574069091d9b2f93e0dc68b433939ff93d8837fc,2026-09-30T16:50:54Z,,0.1.0
NJ_VBP_IPH.OPH_Renewal_20250701-20260630,NJ,New Jersey,VBP,VBP,IPH.OPH,Renewal,Renewal,2025-07-01,2026-06-30,,"A pay-for-performance initiative focused on maternal health performance improvement among acute care hospitals licensed to provide Labor and Delivery Services for the rating period covering July 1, 2025 through June 30, 2026, incorporated into the capitation rates through a separate payment term of up to $63,000,000.",form_only_no_letter,numbered,6300000000.0,63000000.0,"$63,000,000",3780000000.0,"$37,800,000",2520000000.0,"$25,200,000",,,True,False,False,,NJ_VBP_IPH.OPH_Renewal_20250701-20260630,,,,https://www.medicaid.gov/medicaid/managed-care/downloads/NJ_VBP_IPH.OPH_Renewal_20250701-20260630.pdf,0df158164e86aea5ac4a3400b586f9eba37b541926ed7fbc0bb9dd7663ff165e,2026-09-30T16:50:55Z,,0.1.0
NJ_VBP_Oth_Amend_20220701-20230630,NJ,New Jersey,VBP,VBP,Oth,Amend,Amendment,2022-07-01,2023-06-30,,"A perinatal episode of care pilot established by the state for the rating period covering July 1, 2022 through June 30, 2023, incorporated into the capitation rates through a risk-based rate adjustment and a separate payment term of up to $3 million.",approval,numbered,250000000.0,2500000.0,$2.5 million per contract rating period (amended to $3.5 million per contract rating period),125000000.0,$1.25 million ($1.75 million),125000000.0,$1.25 million ($1.75 million),300000000.0,separate_payment_term,True,False,False,,,,,,https://www.medicaid.gov/medicaid/managed-care/downloads/NJ_VBP_Oth_Amend_20220701-20230630.pdf,436570fd643ad2ec37bf61206b061f5cf2fca46361d9a8073458bae3d89739aa,2026-09-30T16:50:56Z,,0.1.0
NJ_VBP_Oth_Renewal_20230701-20240630,NJ,New Jersey,VBP,VBP,Oth,Renewal,Renewal,2023-07-01,2024-06-30,,"A perinatal episode of care pilot established by the state for the rating period covering July 1, 2023 through June 30, 2024 incorporated int the capitation rates through a risk-based rate adjustment and separate payment term of up to $3 million.",approval,numbered,350000000.0,3500000.0,$3.5 million per contract rating period,175000000.0,$1.75 million,175000000.0,$1.75 million,300000000.0,separate_payment_term,True,False,False,,,,,,https://www.medicaid.gov/medicaid/managed-care/downloads/NJ_VBP_Oth_Renewal_20230701-20240630.pdf,a7af08197640630e672a9d1193897841c8c2986b40d50518a6cd877ea89e3e85,2026-09-30T16:50:58Z,,0.1.0
NJ_VBP_Oth_Renewal_20240701-20250630,NJ,New Jersey,VBP,VBP,Oth,Renewal,Renewal,2024-07-01,2025-06-30,,"A perinatal episode of care pilot established by the state for the rating period covering July 1, 2024 through June 30, 2025 incorporated into the capitation rates through a risk based rate adjustment and separate payment term of up to $3.5 million.",form_only_no_letter,numbered,350000000.0,3500000.0,$3.5 million per contract rating period,175000000.0,$1.75 million,175000000.0,$1.75 million,,,True,False,False,,NJ_VBP_Oth_Renewal_20240701-20250630,,,,https://www.medicaid.gov/medicaid/managed-care/downloads/NJ_VBP_Oth_Renewal_20240701-20250630.pdf,c5a50bafd0a9f3294a9b9deb41bee5f81328f6bde16d449d81e16dd0c02b3f86,2026-09-30T16:50:59Z,,0.1.0
NJ_VBP_Oth_Renewal_20250701-20260630,NJ,New Jersey,VBP,VBP,Oth,Renewal,Renewal,2025-07-01,2026-06-30,,"A perinatal episode of care pilot established by the state for the rating period covering July 1, 2025, through June 30, 2026, incorporated into the capitation rates through a risk-based rate adjustment and separate payment terms of up to $3,500,000.",form_only_no_letter,numbered,350000000.0,3500000.0,$3.5 million per contract rating period,175000000.0,$1.75 million,175000000.0,$1.75 million,,,True,False,False,,,,,,https://www.medicaid.gov/medicaid/managed-care/downloads/NJ_VBP_Oth_Renewal_20250701-20260630.pdf,b596c541e91b382ed1762df5fc04b9d323a59ea79c455c0a67d64f6a2b876c10,2026-09-30T16:51:00Z,,0.1.0
NM-Fee-HCBS-Renewal-20230101-20231231,NM,New Mexico,Fee,FEE,HCBS,Renewal,Renewal,2023-01-01,2023-12-31,,"The uniform increase for HCBS and personal care services for the rating period covering January 1, 2023 through December 31, 2023, incorporated in the capitation rates through a risk-based rate adjustment.",approval,numbered,4930000000.0,49300000.0,"$49,300,000",3670000000.0,"$36,700,000",1260000000.0,"$12,600,000",,,True,False,False,,,,fields were hyphen separated,,https://www.medicaid.gov/medicaid/managed-care/downloads/nm-fee-hcbs-renewal-20230101-20231231.pdf,f0cc34e537445af600f8f148255b59469722ad3e6de190391f26f97ecee99138,2026-09-30T16:51:01Z,,0.1.0
NM-Fee-OTH2-Renewal-20230101-20231231,NM,New Mexico,Fee,FEE,OTH2,Renewal,Renewal,2023-01-01,2023-12-31,,"The uniform increase for EPSDT services established by the state for Private Duty Nursing and Home Health Providers for the rating period covering January 1, 2023 through December 31, 2023, incorporated in the capitation rates through a risk-based rate adjustment.",approval,numbered,2420000000.0,24200000.0,"$24,200,000.00",1780000000.0,"$17,800,000.00",640000000000.0,"$6,4000,000,00",,,True,False,False,,,,fields were hyphen separated,,https://www.medicaid.gov/medicaid/managed-care/downloads/nm-fee-oth2-renewal-20230101-20231231.pdf,7a98200c66351ce9855d257d91c55b197711a187d08e7bdfb5774ffc69f14d9f,2026-09-30T16:51:03Z,,0.1.0
NM_Fee_AMC.PC.SP.HCBS.Oth_New_20240701-20241231,NM,New Mexico,Fee,FEE,AMC.PC.SP.HCBS.Oth,New,New,2024-07-01,2024-12-31,,"Maximum Fee Schedule for eligible non-contract providers for the rating period covering July 1, 2024 through December 31, 2024, incorporated in the capitation rates through a risk-based rate adjustment.",form_only_no_letter,prose,,,,,,,,,,False,False,False,not read,,,,,https://www.medicaid.gov/medicaid/managed-care/downloads/NM_Fee_AMC.PC.SP.HCBS.Oth_New_20240701-20241231.pdf,69cabbc31051b451609277ca36f89bd4487651a9fb7c4164f64509b243b3602b,2026-09-30T16:51:04Z,,0.1.0
NM_Fee_AMC.PC.SP.HCBS.Oth_Renewal_20250101-20251231,NM,New Mexico,Fee,FEE,AMC.PC.SP.HCBS.Oth,Renewal,Renewal,2025-01-01,2025-12-31,,"Maximum Fee Schedule for eligible non-contract providers for the rating period covering January 1, 2025 through December 31, 2025, incorporated in the capitation rates through a risk-based rate adjustment.",form_only_no_letter,prose,,,,,,,,,,False,False,False,not read,,,,,https://www.medicaid.gov/medicaid/managed-care/downloads/NM_Fee_AMC.PC.SP.HCBS.Oth_Renewal_20250101-20251231.pdf,2ebf37058fdb426a2ea6fedaac5cdccaf15462eea4e550edd4ed3fb0996eb3cd,2026-09-30T16:51:05Z,,0.1.0
NM_Fee_AMC.PC.SP.HCBS.Oth_Renewal_20260101-20261231,NM,New Mexico,Fee,FEE,AMC.PC.SP.HCBS.Oth,Renewal,Renewal,2026-01-01,2026-12-31,,"Maximum Fee Schedule for eligible non-contract providers for the rating period covering January 1, 2026 through December 31, 2026, incorporated in the capitation rates through a risk-based rate adjustment.",form_only_no_letter,prose,,,,,,,,,,False,False,False,not read,,,,,https://www.medicaid.gov/medicaid/managed-care/downloads/NM_Fee_AMC.PC.SP.HCBS.Oth_Renewal_20260101-20261231.pdf,f60a6be48983b2e0b3c0646a46b776d9aacf82667acd3c441ccaec4372f0a3e0,2026-09-30T16:51:06Z,,0.1.0
NM_Fee_AMC_Amend_20230101-20231231,NM,New Mexico,Fee,FEE,AMC,Amend,Amendment,2023-01-01,2023-12-31,,"Amendment of the uniform percentage increase established by the state for qualified practitioners who are members of a practice plan under contract to provide professional services at a state-owned academic medical center for the rating period covering January1, 2023 through December 31, 2023, incorporated in the capitation rates through a separate payment term of up to $73.6 million.",form_only_no_letter,numbered,7360000000.0,73600000.0,"$73,600,000.00",6000000000.0,60000000,1360000000.0,13600000,,,True,False,False,,NM_Fee_AMC_Amend_20230101-20231231,,,,https://www.medicaid.gov/medicaid/managed-care/downloads/NM_Fee_AMC_Amend_20230101-20231231.pdf,ad9b544a1db63b0bc869c098f9e3fc2fa9eb81a677a9444e43a825ef190ff2db,2026-09-30T16:51:08Z,,0.1.0
NM_Fee_AMC_Renewal_20230101-20231231,NM,New Mexico,Fee,FEE,AMC,Renewal,Renewal,2023-01-01,2023-12-31,,"A uniform percentage increase established by the state for qualified practitioners who are members of a practice plan under contract to provide professional services at a state- owned academic medical center for the rating period covering January 1, 2023 through December 31, 2023, incorporated in the capitation rates through a separate payment term of up to $64 million.",approval,numbered,6400000000.0,64000000.0,"$64,000,000",5050000000.0,50500000,1350000000.0,13500000,6400000000.0,separate_payment_term,True,False,False,,,,,,https://www.medicaid.gov/medicaid/managed-care/downloads/nm-amc-renewal-20230101-20231231.pdf,78c29bb224d36e6fafa36a1cde83f9b2a1f55da69e3b594ace28ec75aa207da7,2026-09-30T16:51:09Z,,0.1.0
NM_Fee_AMC_Renewal_20240101-20240630,NM,New Mexico,Fee,FEE,AMC,Renewal,Renewal,2024-01-01,2024-06-30,,"Renewal of the uniform percentage increase established by the state for qualified practitioners who are members of a practice plan under contract to provide professional services at a state-owned academic medical center for the rating period covering January 1, 2024 through June 30, 2024, incorporated in the capitation rates through a separate payment term of up to $34 million.",form_only_no_letter,numbered,3400000000.0,34000000.0,"$34,000,000.00",2685000000.0,"$26,850,000.00",715000000.0,"$7,150,000.00",,,True,False,False,,,,,,https://www.medicaid.gov/medicaid/managed-care/downloads/NM_Fee_AMC_Renewal_20240101-20240630.pdf,7ad3cf53c22c8b72d6a94b6d5db7c2579ee0725566bf9cbb02750534432f5c1a,2026-09-30T16:51:10Z,,0.1.0
NM_Fee_AMC_Renewal_20240701-20241231,NM,New Mexico,Fee,FEE,AMC,Renewal,Renewal,2024-07-01,2024-12-31,,"Renewal of the uniform percentage increase established by the state for qualified practitioners who are members of a practice plan under contract to provide professional services at a state-owned academic medical center for the rating period covering July 1, 2024 through December 31, 2024, incorporated in the capitation rates through a separate payment term of up to $13 million.",form_only_no_letter,numbered,1300000000.0,13000000.0,"$13,000,000.00",1023000000.0,"$10,230,000.00",277000000.0,"$2,770,000.00",,,True,False,False,,NM_Fee_AMC_Renewal_20240701-20241231,,,,https://www.medicaid.gov/medicaid/managed-care/downloads/NM_Fee_AMC_Renewal_20240701-20241231.pdf,5864b8803516654646f518daf46210307c923f32384b48efb9df368d5d4cdc68,2026-09-30T16:51:12Z,,0.1.0
NM_Fee_AMC_Renewal_20250101-20251231,NM,New Mexico,Fee,FEE,AMC,Renewal,Renewal,2025-01-01,2025-12-31,,"Renewal of the uniform percentage increase established by the state for qualified practitioners who are members of a practice plan under contract to provide professional services at a state-owned academic medical center for the rating period covering January1, 2025 through December 31, 2025, incorporated in the capitation rates through a separate payment term of up to $34 million.",form_only_no_letter,numbered,3400000000.0,34000000.0,$34 million,2660000000.0,$26.6 million,740000000.0,$7.4 million,,,True,False,False,,NM_Fee_AMC_Renewal_20250101-20251231,,,,https://www.medicaid.gov/medicaid/managed-care/downloads/NM_Fee_AMC_Renewal_20250101-20251231.pdf,fadc75c7e19553e6ec92f3d077d13cd6504dd2aa01e4e2b604e15d0c7b6b0cb2,2026-09-30T16:51:13Z,,0.1.0
NM_Fee_AMC_Renewal_20260101-20261231,NM,New Mexico,Fee,FEE,AMC,Renewal,Renewal,2026-01-01,2026-12-31,,"Renewal of the uniform percentage increase established by the state for qualified practitioners who are members of a practice plan under contract to provide professional services at a state-owned academic medical center for the rating period covering January 1, 2026 through December 31, 2026, incorporated in the capitation rates through a separate payment term of up to $34 million.",phase_down_determination,numbered,3400000000.0,34000000.0,$34.00 million,2675000000.0,$26.75 million,725000000.0,$7.25 million,3400000000.0,separate_payment_term,True,False,False,,NM_Fee_AMC_Renewal_20260101-20261231,,,,https://www.medicaid.gov/medicaid/managed-care/downloads/NM_Fee_AMC_Renewal_20260101-20261231.pdf,b9c31de701712828fbc6eb85d53ddef06950deb761e84af727feaaa7a84b53f6,2026-09-30T16:51:14Z,,0.1.0
NM_Fee_HCBS.Oth_New_20250101-20251231,NM,New Mexico,Fee,FEE,HCBS.Oth,New,New,2025-01-01,2025-12-31,,"Uniform increase established by the state for Agency-Based Community Benefit services, for the rating period covering January 1, 2025 through December 31, 2025, incorporated in the capitation rates through a risk-based rate adjustment of up to $1.89million.",form_only_no_letter,numbered,189000000.0,1890000.0,$1.89 million,141000000.0,$1.41million,48500000.0,$0.485 million,,,True,False,False,,NM_Fee_HCBS.Oth_New_20250101-20251231,,,,https://www.medicaid.gov/medicaid/managed-care/downloads/NM_Fee_HCBS.Oth_New_20250101-20251231.pdf,008d8e0000e7adf57fe546abd0065bf6a57a288ef8a6a8a54316ea4fcc61a93f,2026-09-30T16:51:15Z,,0.1.0
NM_Fee_HCBS1_New_20240701-20241231,NM,New Mexico,Fee,FEE,HCBS1,New,New,2024-07-01,2024-12-31,,"A uniform increase for HCBS and personal care services for the rating period covering July 1, 2024 through December 31, 2024, incorporated in the capitation rates through a separate payment term amount of up to $77.52 million.",form_only_no_letter,numbered,7752000000.0,77520000.0,$77.52 million,5704000000.0,$57.04 million,2048000000.0,$20.48 million,,,True,False,False,,NM_Fee_HCBS1_New_20240701-20241231,,,,https://www.medicaid.gov/medicaid/managed-care/downloads/NM_Fee_HCBS1_New_20240701-20241231.pdf,2f357c4d0d7bafa3f4001c5b895378c994cace8a667e5a04ed5cd61249221e67,2026-09-30T16:51:17Z,,0.1.0
NM_Fee_HCBS_Renewal_20240101-20240630,NM,New Mexico,Fee,FEE,HCBS,Renewal,Renewal,2024-01-01,2024-06-30,,"Renewal of the uniform increase established by the state for HCBS and personal care services for the rating period covering January 1, 2024 through June 30, 2024, incorporated in the capitation rates through a risk-based rate adjustment.",form_only_no_letter,numbered,4040000000.0,40400000.0,$40.4 million,2958000000.0,$29.58 million,1046000000.0,$10.46 million,,,True,False,False,,,,,,https://www.medicaid.gov/medicaid/managed-care/downloads/NM_Fee_HCBS_Renewal_20240101-20240630.pdf,d8fefa02d27167202d479c3721fbe3c0de308048ca44e6600fda26c150c48b9a,2026-09-30T16:51:18Z,,0.1.0
NM_Fee_IPH.OPH1_Renewal_20230101-20231231,NM,New Mexico,Fee,FEE,IPH.OPH1,Renewal,Renewal,2023-01-01,2023-12-31,,"The uniform percentage increase established by the state for inpatient and outpatient services by for-profit/investor owned and government-owned hospitals for the rating period covering January 1, 2023 through December 31, 2023, incorporated in the capitation rates through a risk-based rate adjustment.",approval,numbered,1280000000.0,12800000.0,12800000,1030000000.0,10300000,250000000.0,2500000,,,False,True,False,no currency symbol or scale word; unit assumed,NM_Fee_IPH.OPH1_Renewal_20230101-2023123,filename says 'NM_Fee_IPH.OPH1_Renewal_20230101-20231231'; document says 'NM_Fee_IPH.OPH1_Renewal_20230101-2023123',,,https://www.medicaid.gov/medicaid/managed-care/downloads/NM_Fee_IPH.OPH1_Renewal_20230101-20231231.pdf,961dddcd5b8d54b57daf7bef59830bf073fb9de7fb676a544baff2bf82f2d72d,2026-09-30T16:51:20Z,,0.1.0
NM_Fee_IPH.OPH1_Renewal_20240101-20240630,NM,New Mexico,Fee,FEE,IPH.OPH1,Renewal,Renewal,2024-01-01,2024-06-30,,"Renewal of the uniform percentage increase established by the state for inpatient and outpatient services by for-profit/investor owned and government-owned hospitals for the rating period covering January 1, 2024 through June 30, 2024, incorporated in the capitation rates through a risk-based rate adjustment.",form_only_no_letter,numbered,460000000.0,4600000.0,$4.60 million,368000000.0,$3.68 million,92000000.0,$0.92 million,,,True,False,False,,,,,,https://www.medicaid.gov/medicaid/managed-care/downloads/NM_Fee_IPH.OPH1_Renewal_20240101-20240630.pdf,3b6893149ab517f34ac833b45f7e55bb6d8fab5167abca0ceb3d23a74edfb8da,2026-09-30T16:51:21Z,,0.1.0
NM_Fee_IPH.OPH2_Renewal_20230101-20231231,NM,New Mexico,Fee,FEE,IPH.OPH2,Renewal,Renewal,2023-01-01,2023-12-31,,"The uniform percentage increase established by the state for inpatient and outpatient services by not-for-profit hospitals for the rating period covering January 1, 2023 through December 31, 2023, incorporated in the capitation rates through a risk-based rate adjustment.",approval,numbered,1240000000.0,12400000.0,$12.4 million,1000000000.0,$10 million,240000000.0,$2.4 million,,,True,False,False,,NM_Fee_IPH.OPH2_Renewal_20230101-20231231,,,,https://www.medicaid.gov/medicaid/managed-care/downloads/NM_Fee_IPH.OPH2_Renewal_20230101-20231231.pdf,6b2c761ae12058ee30682dc6ee4105765b27cf0a4c19114d1d38250d04b8519e,2026-09-30T16:51:22Z,,0.1.0
NM_Fee_IPH.OPH2_Renewal_20240101-20240630,NM,New Mexico,Fee,FEE,IPH.OPH2,Renewal,Renewal,2024-01-01,2024-06-30,,"Renewal of the uniform percentage increase established by the state for inpatient and outpatient services by not-for-profit hospitals for the rating period covering January 1, 2024 through June 30, 2024, incorporated in the capitation rates through a risk-based rate adjustment.",form_only_no_letter,numbered,771000000.0,7710000.0,$7.71 million,619000000.0,$6.19 million,152000000.0,$1.52 million,,,True,False,False,,,,,,https://www.medicaid.gov/medicaid/managed-care/downloads/NM_Fee_IPH.OPH2_Renewal_20240101-20240630.pdf,a73245bcfc0c9553ca1cc9b99396c8b3c5da755f14e140a03789e9ac87db160c,2026-09-30T16:51:24Z,,0.1.0
NM_Fee_IPH.OPH3_Renewal_20230101-202321231,NM,New Mexico,Fee,FEE,IPH.OPH3,Renewal,Renewal,2023-01-01,,,"The uniform increase arrangement for trauma hospitals established by the state for inpatient and outpatient services for the rating period covering January 1, 2023 through December 31, 2023, incorporated in the capitation rates through a risk-based rate adjustment.",approval,numbered,610000000.0,6100000.0,"$6,100,000",500000000.0,"$5,000,000",110000000.0,"$1,100,000",,,True,False,False,,NM_Fee_IPH.OPH3_Renewal_20230101-20231231,filename says 'NM_Fee_IPH.OPH3_Renewal_20230101-202321231'; document says 'NM_Fee_IPH.OPH3_Renewal_20230101-20231231',"date has 9 digits, expected 8","date has 9 digits, expected 8",https://www.medicaid.gov/medicaid/managed-care/downloads/NM_Fee_IPH.OPH3_Renewal_20230101-202321231.pdf,b09700312f94baecff2e131e0d87f7691121a215c5d5af5d47c7ee55627dc6ac,2026-09-30T16:51:25Z,,0.1.0
NM_Fee_IPH.OPH3_Renewal_20240101-20240630,NM,New Mexico,Fee,FEE,IPH.OPH3,Renewal,Renewal,2024-01-01,2024-06-30,,"Renewal of the uniform increase arrangement for trauma hospitals established by the state for inpatient and outpatient services for the rating period covering January 1, 2024through June 30, 2024, incorporated in the capitation rates through a risk-based rate adjustment.",form_only_no_letter,numbered,479000000.0,4790000.0,$4.79 million,388000000.0,$3.88 million,91000000.0,$0.91million,,,True,False,False,,,,,,https://www.medicaid.gov/medicaid/managed-care/downloads/NM_Fee_IPH.OPH3_Renewal_20240101-20240630.pdf,ce3dde48103838ff91ab4ae88a0639cef9662b2e2f9868977d1b975027ab2ece,2026-09-30T16:51:26Z,,0.1.0
NM_Fee_IPH.OPH4_Renewal_20230101-20231231,NM,New Mexico,Fee,FEE,IPH.OPH4,Renewal,Renewal,2023-01-01,2023-12-31,,"The uniform percentage increase established by the state for inpatient and outpatient services provided by practice plans under contract to community hospitals that serve a disproportionate share of Native American enrollees for the rating period covering January 1, 2023 through December 31, 2023, incorporated in the capitation rates through a risk-based rate adjustment.",approval,numbered,2920000000.0,29200000.0,"$29,200,000",2340000000.0,23400000,580000000.0,5800000,,,True,False,False,,NM_Fee_IPH.OPH4_Renewal_20230101-20231231,,,,https://www.medicaid.gov/medicaid/managed-care/downloads/NM_Fee_IPH.OPH4_Renewal_20230101-20231231.pdf,f6897075bd1cf38bcd8cba1b4f5a61234bea9c7e3dfc722c1accfa776b560901,2026-09-30T16:51:28Z,,0.1.0
NM_Fee_IPH.OPH4_Renewal_20240101-20240630,NM,New Mexico,Fee,FEE,IPH.OPH4,Renewal,Renewal,2024-01-01,2024-06-30,,"Renewal of the uniform percentage increase established by the state for inpatient and outpatient services provided by practice plans under contract to community hospitals that serve a disproportionate share of Native American enrollees for the rating period covering January 1, 2024 through June 30, 2024, incorporated in the capitation rates through a risk-based rate adjustment.",form_only_no_letter,numbered,1236000000.0,12360000.0,$12.36 million,988000000.0,$9.88 million,248000000.0,$2.48 million,,,True,False,False,,,,,,https://www.medicaid.gov/medicaid/managed-care/downloads/NM_Fee_IPH.OPH4_Renewal_20240101-20240630.pdf,c0761c43813ad3cbf4c484e496bc73b1bea3dcf710cd4b1eca176a6d87ad7034,2026-09-30T16:51:30Z,,0.1.0
NM_Fee_IPH.OPH4_Renewal_20250101-20251231,NM,New Mexico,Fee,FEE,IPH.OPH4,Renewal,Renewal,2025-01-01,2025-12-31,,"Renewal of the uniform percentage increase established by the state for inpatient and outpatient services provided by practice plans under contract to community hospitals that serve a disproportionate share of Native American enrollees for the rating period covering January 1, 2025 through December 31, 2025, incorporated in the capitation rates through a risk-based rate adjustment.",form_only_no_letter,numbered,2405000000.0,24050000.0,$ 24.05 million,1920000000.0,$ 19.20 million,485000000.0,$ 4.85 million,,,True,False,False,,NM_Fee_IPH.OPH4_Renewal_20250101-20251231,,,,https://www.medicaid.gov/medicaid/managed-care/downloads/NM_Fee_IPH.OPH4_Renewal_20250101-20251231.pdf,09311d5de8d05a1290f565d8f745f550421c6572d8b32946439a3429ec231641,2026-09-30T16:51:31Z,,0.1.0
NM_Fee_IPH.OPH5_Renewal_20230101-20231231,NM,New Mexico,Fee,FEE,IPH.OPH5,Renewal,Renewal,2023-01-01,2023-12-31,,"A uniform percentage increase and quality incentive payment established by the state for inpatient and outpatient hospital services provided by Safety Net Care Pool hospital providers for the rating period covering January 1, 2023 through December 31, 2023, incorporated into the capitation rates through a separate payment term of up to $69,000,000.",approval,numbered,6900000000.0,69000000.0,"$69,000,000",5550000000.0,"$55,500,000",1350000000.0,"$13,500,000",6900000000.0,separate_payment_term,True,False,False,,,,,,https://www.medicaid.gov/medicaid/managed-care/downloads/NM_Fee_IPH.OPH5_Renewal_20230101-20231231.pdf,3bc1163dfb222543eb443faa69b6687db08ac0e60d221ec52e6cd4fb76f9f5b1,2026-09-30T16:51:32Z,,0.1.0
NM_Fee_IPH.OPH6_New_20240101-20240630,NM,New Mexico,Fee,FEE,IPH.OPH6,New,New,2024-01-01,2024-06-30,,"The uniform dollar increase established by the state for inpatient and outpatient hospital services for hospitals in rural or underserved communities with active maternal/obstetric programs for the rating period January 1, 2024 through June 30, 2024, incorporated into the capitation rates through a separate payment term up to $10,936,000.",form_only_no_letter,numbered,1093600000.0,10936000.0,"$10,936,000.00",806600000.0,"$8,066,000.00",287000000.0,"$2,870,000.00",,,True,False,False,,NM_Fee_IPH.OPH6_New_20240101-20240630,,,,https://www.medicaid.gov/medicaid/managed-care/downloads/NM_Fee_IPH.OPH6_New_20240101-20240630.pdf,5c9af757728f3482ec835a146b70ee587f438ac725c0ee4a84aef8049dc356ec,2026-09-30T16:51:34Z,,0.1.0
NM_Fee_IPH.OPH7_New_20250101-20251231,NM,New Mexico,Fee,FEE,IPH.OPH7,New,New,2025-01-01,2025-12-31,,"Uniform increase established by the state for inpatient and outpatient hospital services for the twenty smallest rural hospitals, for the rating period covering January 1, 2025 through December 31, 2025, incorporated in the capitation rates through a separate payment term amount up to $55.83 million.",phase_down_determination,numbered,5583000000.0,55830000.0,$55.83 million,4458000000.0,$44.58 million,1125000000.0,$11.25 million,5583000000.0,separate_payment_term,True,False,False,,NM_Fee_IPH.OPH7_New_20250101-20251231,,,,https://www.medicaid.gov/medicaid/managed-care/downloads/NM_Fee_IPH.OPH7_New_20250101-20251231_Approval Letter.pdf,8dc75e14e787602c33e5a288a5aafba76c87997b298e65ed36504e48f64055ef,2026-09-30T16:51:35Z,,0.1.0
NM_Fee_IPH1_New_20230101-20231231,NM,New Mexico,Fee,FEE,IPH1,New,New,2023-01-01,2023-12-31,,"The uniform increase established by the state for inpatient hospital services provided to Medicaid enrollees under the age of 21 at qualifying hospitals for the rating period covering January 1, 2023 through December 31, 2023, incorporated into the capitation rates through a separate payment term of up to $34.5 million.",approval,numbered,3450000000.0,34500000.0,$34.5 Million,2880000000.0,$28.8Million,570000000.0,$5.7 Million,3450000000.0,separate_payment_term,True,False,False,,,,,,https://www.medicaid.gov/medicaid/managed-care/downloads/NM_Fee_IPH1_New_20230101-20231231.pdf,c77fa9126eb49e179b81a28b5e3ae96049ed16808695fd8c75d709ad382a3bdc,2026-09-30T16:51:36Z,,0.1.0
NM_Fee_IPH_Renewal_20260101-20261231,NM,New Mexico,Fee,FEE,IPH,Renewal,Renewal,2026-01-01,2026-12-31,,"Renewal of the uniform percentage increase established by the state for inpatient services provided by practice plans under contract to community hospitals that serve a disproportionate share of Native American enrollees for the rating period covering January 1, 2026 through December 31, 2026, incorporated in the capitation rates through a risk-based rate adjustment up to $9.94 million.",phase_down_determination,minimal,,,,,,,,994000000.0,risk_based_adjustment,False,False,False,not read,,,,,https://www.medicaid.gov/medicaid/managed-care/downloads/NM_Fee_IPH_Renewal_20260101-20261231.pdf,d279ea4b119dc77f09dda7eee2d5649e379727202ed5d5edb44769024fe5be00,2026-09-30T16:51:38Z,,0.1.0
NM_Fee_OPH1_New_20240101-20240630,NM,New Mexico,Fee,FEE,OPH1,New,New,2024-01-01,2024-06-30,,"The uniform increase established by the state for outpatient services delivered by state-owned hospitals that receive funding through the Miners’ Trust Fund for the rating period covering January 1, 2024 through June 30, 2024, incorporated in the capitation rates through a separate payment term of up to $2,340,000.",form_only_no_letter,numbered,234000000.0,2340000.0,"$2,340,000",179000000.0,"$1,790,000",55000000.0,"$550,000",,,True,False,False,,,,,,https://www.medicaid.gov/medicaid/managed-care/downloads/NM_Fee_OPH1_New_20240101-20240630.pdf,89b61a5166d54574cbd424804334e12a231839eb0523001210dcdf6169fc09ea,2026-09-30T16:51:39Z,,0.1.0
NM_Fee_OTH2_Renewal_20240101-20240630,NM,New Mexico,Fee,FEE,OTH2,Renewal,Renewal,2024-01-01,2024-06-30,,"Renewal of the uniform increase established by the state for EPSDT services for Private Duty Nursing and Home Health Providers for the rating period covering January 1, 2024 through June 30, 2024, incorporated in the capitation rates through a risk-based rate adjustment.",form_only_no_letter,numbered,2680000000.0,26800000.0,$26.80 million,1945000000.0,$19.45 million,734000000.0,$7.34 million,,,True,False,False,,,,,,https://www.medicaid.gov/medicaid/managed-care/downloads/NM_Fee_OTH2_Renewal_20240101-20240630.pdf,56cb08325d1769df1a22f2b469f3533f75c942767821ac1ff813463730c8fc73,2026-09-30T16:51:40Z,,0.1.0
NM_Fee_Oth_New_20240101-20240630,NM,New Mexico,Fee,FEE,Oth,New,New,2024-01-01,2024-06-30,,"A uniform dollar increase established by the state for eligible public and government-owned emergency medical transport providers for the rating period covering January 1, 2024 through June 30, 2024, incorporated in the capitation rates through a separate payment term of up to $7.72 million.",form_only_no_letter,numbered,772000000.0,7720000.0,$7.72 million,560000000.0,$5.60 million,212000000.0,$2.12 million,,,True,False,False,,NM_Fee_Oth_New_20240101-20240630,,,,https://www.medicaid.gov/medicaid/managed-care/downloads/NM_Fee_Oth_New_20240101-20240630.pdf,0892dc40443b8246f8f065a48d6a38e120779debd61a70b8850510bb5a048b67,2026-09-30T16:51:42Z,,0.1.0
NM_Fee_Oth_Renewal_20240701-20241231,NM,New Mexico,Fee,FEE,Oth,Renewal,Renewal,2024-07-01,2024-12-31,,"A uniform dollar increase established by the state for eligible public and government-owned emergency medical transport providers for the rating period covering July 1, 2024through December 31, 2024, incorporated in the capitation rates through a separate payment term of up to $5.08 million.",form_only_no_letter,numbered,508000000.0,5080000.0,$5.08 million,367000000.0,$ 3.67million,141000000.0,$1.41 million,,,True,False,False,,NM_Fee_Oth_Renewal_20240701-20241231,,,,https://www.medicaid.gov/medicaid/managed-care/downloads/NM_Fee_Oth_Renewal_20240701-20241231.pdf,d7d68859df04f1182fe6b1d21c5b061204217140374e02476d0ba31120265d43,2026-09-30T16:51:43Z,,0.1.0
NM_Fee_Oth_Renewal_20250101-20251231,NM,New Mexico,Fee,FEE,Oth,Renewal,Renewal,2025-01-01,2025-12-31,,"A uniform dollar increase established by the state for eligible government-owned emergency medical transport providers for the rating period covering January 1, 2025through December 31, 2025, incorporated in the capitation rates through a separate payment term of up to $16.83 million.",form_only_no_letter,numbered,1683000000.0,16830000.0,$ 16.83 million,1206000000.0,$12.06 million,477000000.0,$4.77 million,,,True,False,False,,NM_Fee_Oth_Renewal_20250101-20251231,,,,https://www.medicaid.gov/medicaid/managed-care/downloads/NM_Fee_Oth_Renewal_20250101-20251231.pdf,1c647c69dec291b84ce1c627bcfff9ea6ffc46ce4f4eda2e5f405853012f2308,2026-09-30T16:51:44Z,,0.1.0
NM_Fee_Oth_Renewal_20260101-20261231,NM,New Mexico,Fee,FEE,Oth,Renewal,Renewal,2026-01-01,2026-12-31,,"A uniform dollar increase established by the state for eligible government-owned emergency medical transport providers for the rating period covering January 1, 2026 through December 31, 2026, incorporated in the capitation rates through a separate payment term of up to $19.46 million.",form_only_no_letter,numbered,1946000000.0,19460000.0,$19.46 million,1394000000.0,$13.94 million,552000000.0,$5.52 million,,,True,False,False,,NM_Fee_Oth_Renewal_20260101-20261231,,,,https://www.medicaid.gov/medicaid/managed-care/downloads/NM_Fee_Oth_Renewal_20260101-20261231.pdf,b598ab8e1fd0a78c47aa471fab57a1a55b54dbfeabf94f6d353ad744513bac5c,2026-09-30T16:51:46Z,,0.1.0
NM_Fee_PC_New_20240701-20241231,NM,New Mexico,Fee,FEE,PC,New,New,2024-07-01,2024-12-31,,"A uniform increase for primary care services for the rating period covering July 1, 2024through December 31, 2024, incorporated in the capitation rates through a separate payment term amount of up to $7 million.",form_only_no_letter,numbered,700000000.0,7000000.0,$7.00 million,550000000.0,$5.50 million,150000000.0,$1.50 million,,,True,False,False,,NM_Fee_PC_New_20240701-20241231,,,,https://www.medicaid.gov/medicaid/managed-care/downloads/NM_Fee_PC_New_20240701-20241231.pdf,ff6f94aa34cb3170fa2145d9ff58c9b16201c04319c49301753a745594e6f86b,2026-09-30T16:51:47Z,,0.1.0
NM_Fee_PC_Renewal_20250101-20251231,NM,New Mexico,Fee,FEE,PC,Renewal,Renewal,2025-01-01,2025-12-31,,"Renewal of a uniform increase for primary care services for the rating period covering January 1, 2025 through December 31, 2025, incorporated in the capitation rates through a separate payment term amount of up to $26 million.",form_only_no_letter,numbered,2600000000.0,26000000.0,$26.00 million,2031000000.0,$20.31 million,569000000.0,$ 5.69 million,,,True,False,False,,NM_Fee_PC_Renewal_20250101-20251231,,,,https://www.medicaid.gov/medicaid/managed-care/downloads/NM_Fee_PC_Renewal_20250101-20251231.pdf,b94d13aa8c0ffdbf4ac6cb36e24ec341e617d67383f0f92ec8fce96a5f6eeabc,2026-09-30T16:51:48Z,,0.1.0
NM_Fee_PC_Renewal_20260101-20261231,NM,New Mexico,Fee,FEE,PC,Renewal,Renewal,2026-01-01,2026-12-31,,"Renewal of a uniform increase for primary care services for the rating period covering January 1, 2026 through December 31, 2026, incorporated into the capitation rates through a separate payment term of up to $26 million.",form_only_no_letter,minimal,,,,,,,,,,False,False,False,not read,,,,,https://www.medicaid.gov/medicaid/managed-care/downloads/NM_Fee_PC_Renewal_20260101-20261231.pdf,52b5fa51708db767495ca5265aecd139a1af62dd45238c4ddc24fd376161fbde,2026-09-30T16:51:49Z,,0.1.0
NM_Proposal B 2021_Amendment,,New Mexico,,,,,,,,,"A value-based purchasing and uniform percent increase arrangement established by the state to increase nursing facility per diem rates by the market basket index (MBI) factor and to provide quality incentive payments for nursing facilities under contract that meet performance requirements on specified quality metrics for the rating period covering January 1, 2021 through December 31, 2021, incorporated in the capitation rates through a separate payment term of up to $80.3 million.",approval,minimal,,,,,,,,8030000000.0,separate_payment_term,False,False,False,not read,,,,no rating period found in the identifier,https://www.medicaid.gov/medicaid/managed-care/downloads/NM_Proposal B 2021_Amendment.pdf,556a9b040b78eb2fc72c11e38a1da92fa5240a86390928682e75ca690dcd8bf3,2026-09-30T16:51:51Z,,0.1.0
NM_Proposal D 2021_Amendment,,New Mexico,,,,,,,,,"The uniform percentage increase established by the state for qualified practitioners who are members of a practice plan under contract to provide professional services at a state-owned academic medical center for the rating period covering January 1, 2021 through December 31, 2021, incorporated in the capitation rates through a separate payment term of up to $49.9 million.",approval,minimal,,,,,,,,4990000000.0,separate_payment_term,False,False,False,not read,,,,no rating period found in the identifier,https://www.medicaid.gov/medicaid/managed-care/downloads/NM_Proposal D 2021_Amendment.pdf,5a531fbb3d8804c53c24e7de262a9ec1ae1bf19bd16bfda42d31f343b7a8388e,2026-09-30T16:51:52Z,,0.1.0
NM_VBP.Fee_IPH.OPH5_Renewal_20240101-20240630,NM,New Mexico,VBP.Fee,FEE.VBP,IPH.OPH5,Renewal,Renewal,2024-01-01,2024-06-30,,"A uniform percentage increase and quality incentive payment established by the state for inpatient and outpatient hospital services provided by Safety Net Care Pool hospital providers for the rating period covering January 1, 2024 through June 30, 2024, incorporated into the capitation rates through a separate payment term of up to $34,500,000.",form_only_no_letter,numbered,3450000000.0,34500000.0,$$34.50 million,2744000000.0,$27.44 million,706000000.0,$7.06 million,,,True,False,False,,,,,,https://www.medicaid.gov/medicaid/managed-care/downloads/NM_VBP.Fee_IPH.OPH5_Renewal_20240101-20240630.pdf,0a73414576e1337eced1c9a43bf105c35d5f4fcf5c7eb6725b16d329fec9f9dc,2026-09-30T16:51:53Z,,0.1.0
NM_VBP.Fee_IPH.OPH6_New_20240701-20241231,NM,New Mexico,VBP.Fee,FEE.VBP,IPH.OPH6,New,New,2024-07-01,2024-12-31,,"Uniform increase and value-based payment arrangement established by the state to implement the Healthcare Delivery Access Act, for inpatient and outpatient hospital services for the rating period July 1, 2024 through December 31, 2024, incorporated into the capitation rates through a separate payment term up to $750 million.",form_only_no_letter,numbered,75000000000.0,750000000.0,$750.00 million,59907000000.0,$599.07 million,15093000000.0,$150.93 million,,,True,False,False,,NM_VBP.Fee_IPH.OPH6_New_20240701-20241231,,,,https://www.medicaid.gov/medicaid/managed-care/downloads/NM_VBP.Fee_IPH.OPH6_New_20240701-20241231.pdf,d9ebf5fb81fc09239551a35bedf79102e55b8dacd3ae859c1b95d9c55af7ed97,2026-09-30T16:51:54Z,,0.1.0
NM_VBP.Fee_IPH.OPH6_Renewal_20250101-20251231,NM,New Mexico,VBP.Fee,FEE.VBP,IPH.OPH6,Renewal,Renewal,2025-01-01,2025-12-31,,"Uniform increase and value-based payment arrangement established by the state to implement the Healthcare Delivery Access Act, for inpatient and outpatient hospital services for the rating period January 1, 2025 through December 31, 2025, incorporated",form_only_no_letter,numbered,150000000000.0,1500000000.0,$1.5 billion,119751000000000.0,"$1,197.51 billion",30249000000.0,$ 302.49 million,,,True,False,False,,NM_VBP.Fee_IPH.OPH6_Renewal_20250101-20251231,,,,https://www.medicaid.gov/medicaid/managed-care/downloads/NM_VBP.Fee_IPH.OPH6_Renewal_20250101-20251231.pdf,2e59c0c5b54a8526d88e8cf5ab3796ff2520bed5f5c0abe1b1966e0cb48970ae,2026-09-30T16:51:56Z,,0.1.0
NM_VBP.Fee_IPH.OPH6_Renewal_20260101-20261231,NM,New Mexico,VBP.Fee,FEE.VBP,IPH.OPH6,Renewal,Renewal,2026-01-01,2026-12-31,,"Uniform increase and value-based payment arrangement established by the state to implement the Healthcare Delivery Access Act for inpatient and outpatient hospital services for the rating period January 1, 2026 through December 31, 2026, incorporated into the capitation rates through a separate payment term up to $1.5 billion.",phase_down_determination,minimal,,,,,,,,150000000000.0,separate_payment_term,False,False,False,not read,,,,,https://www.medicaid.gov/medicaid/managed-care/downloads/NM_VBP.Fee_IPH.OPH6_Renewal_20260101-20261231.pdf,df5068ca443d6449f67bf2eab2718bf2fc8113d8c31ae5df465431975b01e10a,2026-09-30T16:51:57Z,,0.1.0
NM_VBP.Fee_IPH.OPH_Amend_20230101-20231231,NM,New Mexico,VBP.Fee,FEE.VBP,IPH.OPH,Amend,Amendment,2023-01-01,2023-12-31,,"Amendment: the uniform increase for inpatient and outpatient hospital services and performance-based quality payments established by the state for hospitals that provide guaranteed access to care for Native Americans through the Indian Health Service for the rating period covering January 1, 2023 through December 31, 2023, incorporated into the capitation rates through a separate payment term of up to $193 million.",form_only_no_letter,numbered,19300000000.0,193000000.0,"$193,000,000.00",15150000000.0,151500000.00,4150000000.0,41500000.00,,,True,False,False,,,,,,https://www.medicaid.gov/medicaid/managed-care/downloads/NM_VBP.Fee_IPH.OPH_Amend_20230101-20231231.pdf,2352f121099fd10525752092ec6e58fe3d1ed97de17e15fd23633d1d714a6ee9,2026-09-30T16:51:58Z,,0.1.0
NM_VBP.Fee_IPH.OPH_Renewal_20240101-20240630,NM,New Mexico,VBP.Fee,FEE.VBP,IPH.OPH,Renewal,Renewal,2024-01-01,2024-06-30,,"Renewal of the uniform dollar increase for inpatient and outpatient hospital services and performance-based quality payments established by the state for the State Teaching Hospital that provides guaranteed access to care for Native Americans for the rating period covering January 1, 2024 through June 30, 2024, incorporated in the capitation rates through a separate payment term of up to $155 million.",form_only_no_letter,numbered,15500000000.0,155000000.0,"$155,000,000.00",12099000000.0,"$120,990,000",3401000000.0,"$34,010,000",,,True,False,False,,,,,,https://www.medicaid.gov/medicaid/managed-care/downloads/NM_VBP.Fee_IPH.OPH_Renewal_20240101-20240630.pdf,e5524594351d510d20d384568e4222ba1042ad2094665f0e529e9c79c8cd463d,2026-09-30T16:52:00Z,,0.1.0
NM_VBP.Fee_IPH.OPH_Renewal_20240701-20241231,NM,New Mexico,VBP.Fee,FEE.VBP,IPH.OPH,Renewal,Renewal,2024-07-01,2024-12-31,,"Renewal of the uniform dollar increase for inpatient and outpatient hospital services and performance-based quality payments established by the state for the State Teaching Hospital that provides guaranteed access to care for Native Americans for the rating period covering July 1, 2024 through December 31, 2024, incorporated in the capitation rates through a separate payment term of up to $155 million.",form_only_no_letter,numbered,15500000000.0,155000000.0,"$155,000,000.00",12051000000.0,"$120,510,000",3449000000.0,"$34,490,000",,,True,False,False,,NM_VBP.Fee_IPH.OPH_Renewal_20240701-20241231,,,,https://www.medicaid.gov/medicaid/managed-care/downloads/NM_VBP.Fee_IPH.OPH_Renewal_20240701-20241231.pdf,cce11f184488716731e5fe4f91ecc3b304f465d97c9b5567fb8726d205652300,2026-09-30T16:52:01Z,,0.1.0
NM_VBP.Fee_IPH.OPH_Renewal_20250101-20251231,NM,New Mexico,VBP.Fee,FEE.VBP,IPH.OPH,Renewal,Renewal,2025-01-01,2025-12-31,,"Renewal of the uniform dollar increase for inpatient and outpatient hospital services and performance-based quality payments established by the state for the State Teaching Hospital that provides guaranteed access to care for Native Americans for the rating period covering January 1, 2025 through December 31, 2025, incorporated in the capitation rates through a separate payment term of up to $310 million.",form_only_no_letter,numbered,31000000000.0,310000000.0,$310.00 million,24166000000.0,$241.66 million,6834000000.0,$68.34 million,,,True,False,False,,NM_VBP.Fee_IPH.OPH_Renewal_20250101-20251231,,,,https://www.medicaid.gov/medicaid/managed-care/downloads/NM_VBP.Fee_IPH.OPH_Renewal_20250101-20251231.pdf,0c6f1a1633edbbacbfe4dacb5d73d7e933f002889eb970457f342e53855ceeff,2026-09-30T16:52:02Z,,0.1.0
NM_VBP.Fee_IPH.OPH_Renewal_20260101-20261231,NM,New Mexico,VBP.Fee,FEE.VBP,IPH.OPH,Renewal,Renewal,2026-01-01,2026-12-31,,"Renewal of the uniform dollar increase for inpatient and outpatient hospital services and performance-based quality payments established by the state for the State Teaching Hospital that provides guaranteed access to care for Native Americans for the rating period covering January 1, 2026 through December 31, 2026, incorporated in the capitation rates through a separate payment term up to $310 million.",phase_down_determination,minimal,,,,,,,,31000000000.0,separate_payment_term,False,False,False,not read,,,,,https://www.medicaid.gov/medicaid/managed-care/downloads/NM_VBP.Fee_IPH.OPH_Renewal_20260101-20261231.pdf,6fde7b9b419cf23e70a3830144608f8faa139f16ee054462038382bfaba8781b,2026-09-30T16:52:04Z,,0.1.0
NM_VBP.Fee_NF2_Amend_20230101-20231231,NM,New Mexico,VBP.Fee,FEE.VBP,NF2,Amend,Amendment,2023-01-01,2023-12-31,,"Amendment to a value-based purchasing and uniform percent increase arrangement established by the state to increase nursing facility per diem rates by the market basket index (MBI) factor and to provide quality incentive payments for nursing facilities that meet performance requirements on specified quality metrics for the rating period covering January 1, 2023 through December 31, 2023, incorporated into the capitation rates through a risk-based adjustment.",form_only_no_letter,minimal,,,,,,,,,,False,False,False,not read,,,,,https://www.medicaid.gov/medicaid/managed-care/downloads/NM_VBP.Fee_NF2_Amend_20230101-20231231.pdf,43ea762fdd11ca96b749c598232b1b7f69f06ad2ece1235cceab19697fc98fe8,2026-09-30T16:52:05Z,,0.1.0
NM_VBP.Fee_NF2_Amend_20240701-20241231,NM,New Mexico,VBP.Fee,FEE.VBP,NF2,Amend,Amendment,2024-07-01,2024-12-31,,"Amendment to a value-based purchasing and uniform percent increase arrangement established by the state to increase nursing facility per diem rates by the market basket index (MBI) factor and to provide quality incentive payments for nursing facilities that meet performance requirements on specified quality metrics for the rating period covering July 1, 2024 through December 31, 2024, incorporated into the capitation rates through a risk-based adjustment.",form_only_no_letter,numbered,8856000000.0,88560000.0,$88.56 million,6510000000.0,$65.10 million,2346000000.0,$23.46 million,,,True,False,False,,NM_VBP.Fee_NF2_Amend_20240701-20241231,,,,https://www.medicaid.gov/medicaid/managed-care/downloads/NM_VBP.Fee_NF2_Amend_20240701-20241231.pdf,25f4a86a63afd9e36a3622c22ce125bcc14cbeabebcaed87e262be5b91c6f534,2026-09-30T16:52:06Z,,0.1.0
NM_VBP.Fee_NF2_Renewal_20240701-20241231,NM,New Mexico,VBP.Fee,FEE.VBP,NF2,Renewal,Renewal,2024-07-01,2024-12-31,,"Renewal of a value-based purchasing and uniform percent increase arrangement established by the state to increase nursing facility per diem rates by the market basket index (MBI) factor and to provide quality incentive payments for nursing facilities that meet performance requirements on specified quality metrics for the rating period covering July 1, 2024 through December 31, 2024, incorporated into the capitation rates through a risk-based adjustment.",form_only_no_letter,numbered,7502000000.0,75020000.0,$75.02 million,5515000000.0,$55.15 million,1987000000.0,$19.87 million,,,True,False,False,,NM_VBP.Fee_NF2_Renewal_20240701-20241231,,,,https://www.medicaid.gov/medicaid/managed-care/downloads/NM_VBP.Fee_NF2_Renewal_20240701-20241231.pdf,eedc3836241634756fe38c5bd4cea6a73e9e35ded7bea89dfc1c04700bbf4126,2026-09-30T16:52:08Z,,0.1.0
NM_VBP.Fee_NF2_Renewal_20250101-20250630,NM,New Mexico,VBP.Fee,FEE.VBP,NF2,Renewal,Renewal,2025-01-01,2025-06-30,,"Renewal of a value-based purchasing and uniform percent increase arrangement established by the state to increase nursing facility per diem rates by the market basket index (MBI) factor and to provide quality incentive payments for nursing facilities that meet performance requirements on specified quality metrics for the rating period covering January 1, 2025 through June 30, 2025, incorporated into the capitation rates through a risk-based adjustment.",form_only_no_letter,numbered,6314000000.0,63140000.0,$63.14 million,4624000000.0,$46.24 million,1690000000.0,$16.90 million,,,True,False,False,,NM_VBP.Fee_NF2_Renewal_20250101-20250630,,,,https://www.medicaid.gov/medicaid/managed-care/downloads/NM_VBP.Fee_NF2_Renewal_20250101-20250630.pdf,f41e8618163d0dd006b774f246e2953bc743596f73421e53a66ed89dbd77fa1d,2026-09-30T16:52:09Z,,0.1.0
NM_VBP.Fee_NF2_Renewal_20250701-20251231,NM,New Mexico,VBP.Fee,FEE.VBP,NF2,Renewal,Renewal,2025-07-01,2025-12-31,,"Renewal of a value-based purchasing and uniform percent increase arrangement established by the state to increase nursing facility per diem rates by the market basket index (MBI) factor and to provide quality incentive payments for nursing facilities that meet performance requirements on specified quality metrics for the rating period covering July 1, 2025 through December 31, 2025, incorporated into the capitation rates through a risk-based adjustment.",form_only_no_letter,numbered,8987000000.0,89870000.0,$ 89.87 million,6563000000.0,$ 65.63 million,2424000000.0,$24.24 million,,,True,False,False,,NM_VBP.Fee_NF2_Renewal_20250701-20251231,,,,https://www.medicaid.gov/medicaid/managed-care/downloads/NM_VBP.Fee_NF2_Renewal_20250701-20251231.pdf,34e8e61a6de7350641133d0c96185be1c718d18c650721c5a37247d63903d15a,2026-09-30T16:52:10Z,,0.1.0
NM_VBP.Fee_NF2_Renewal_20260101-2026123,NM,New Mexico,VBP.Fee,FEE.VBP,NF2,Renewal,Renewal,2026-01-01,,,"Value-based purchasing and uniform increase arrangement established by the state to increase nursing facility per diem rates by the market basket index (MBI) factor and to provide quality incentive payments for nursing facilities that meet performance requirements on specified quality metrics for the rating period covering January 1, 2026 through December 31, 2026, incorporated into the capitation rates through a separate payment term and risk-based rate adjustment up to $82.87 million.",phase_down_determination,prose,,,,,,,,8287000000.0,risk_based_adjustment,False,False,False,not read,,,"date has 7 digits, expected 8","date has 7 digits, expected 8",https://www.medicaid.gov/medicaid/managed-care/downloads/NM_VBP.Fee_NF2_Renewal_20260101-2026123.pdf,a3c013d926b51bf3ecb8d2edb9a6f81e61c0cb61a5d287e8d517ef4285402940,2026-09-30T16:52:11Z,,0.1.0
NM_VBP.Fee_NF_Amend_20240101-20240630,NM,New Mexico,VBP.Fee,FEE.VBP,NF,Amend,Amendment,2024-01-01,2024-06-30,,"The value-based payment and uniform increase established by the state for participating nursing facilities that demonstrate quality improvement for the rating period covering January 1, 2024 through June 30, 2024, incorporated in the capitation rates through a risk-based rate adjustment.",form_only_no_letter,numbered,472500000.0,4725000.0,"$4,725,000.00",348900000.0,"$3,489,000.00",123600000.0,"$1,236,000.00",,,True,False,False,,NM_VBP.Fee_NF_Renewal_20240101-20241231,filename says 'NM_VBP.Fee_NF_Amend_20240101-20240630'; document says 'NM_VBP.Fee_NF_Renewal_20240101-20241231',,,https://www.medicaid.gov/medicaid/managed-care/downloads/NM_VBP.Fee_NF_Amend_20240101-20240630.pdf,7aabf39104f5a7b9d9ef84c1ea456a7f8b68d4c016483bb095d7dfb594a51d2c,2026-09-30T16:52:12Z,,0.1.0
NM_VBP.Fee_NF_Amend_20240701-20241231,NM,New Mexico,VBP.Fee,FEE.VBP,NF,Amend,Amendment,2024-07-01,2024-12-31,,"Amendment to the value-based payment and uniform increase established by the state for participating nursing facilities that demonstrate quality improvement for the rating period covering July 1, 2024 through December 31, 2024, incorporated into the capitation rates through a risk-based rate adjustment.",form_only_no_letter,numbered,472500000.0,4725000.0,"$4,725,000.00",347300000.0,"$3,473,000.00",125200000.0,"$1,252,000.00",,,True,False,False,,NM_VBP.Fee_NF_Amend_20240701-20241231,,,,https://www.medicaid.gov/medicaid/managed-care/downloads/NM_VBP.Fee_NF_Amend_20240701-20241231.pdf,6ff2554b2213af02cdcce32c7d43d7e9689221e98e9f437f45e8d7815b8eebfe,2026-09-30T16:52:14Z,,0.1.0
NM_VBP.Fee_NF_Renewal_20240101-20240630,NM,New Mexico,VBP.Fee,FEE.VBP,NF,Renewal,Renewal,2024-01-01,2024-06-30,,"Renewal of the value-based payment and uniform increase established by the state for participating nursing facilities that demonstrate quality improvement for the rating period covering January 1, 2024 through June 30, 2024, incorporated in the capitation rates through a risk-based rate adjustment.",form_only_no_letter,numbered,472500000.0,4725000.0,"$4,725,000.00",348900000.0,"$3,489,000.00",123600000.0,"$1,236,000.00",,,True,False,False,,NM_VBP.Fee_NF_Renewal_20240101-20241231,filename says 'NM_VBP.Fee_NF_Renewal_20240101-20240630'; document says 'NM_VBP.Fee_NF_Renewal_20240101-20241231',,,https://www.medicaid.gov/medicaid/managed-care/downloads/NM_VBP.Fee_NF_Renewal_20240101-20240630.pdf,f2e077cf85bf9fb49770b3bce042098b6b23c1168283ba8d50a1578bd0581c6c,2026-09-30T16:52:15Z,,0.1.0
NM_VBP.Fee_NF_Renewal_20240701-20241231,NM,New Mexico,VBP.Fee,FEE.VBP,NF,Renewal,Renewal,2024-07-01,2024-12-31,,"Renewal of the value-based payment and uniform increase established by the state for participating nursing facilities that demonstrate quality improvement for the rating period covering July 1, 2024 through December 31, 2024, incorporated in the capitation rates through a risk-based rate adjustment.",form_only_no_letter,numbered,472500000.0,4725000.0,"$4,725,000.00",347300000.0,"$3,473,000.00",125200000.0,"$1,252,000.00",,,True,False,False,,NM_VBP.Fee_NF_Renewal_20240701-20241231,,,,https://www.medicaid.gov/medicaid/managed-care/downloads/NM_VBP.Fee_NF_Renewal_20240701-20241231.pdf,b15eef19a7f9b99519895889368146e4a152ab108431b38f7ca3317be273214b,2026-09-30T16:52:16Z,,0.1.0
NM_VBP.Fee_NF_Renewal_20250101-20250630,NM,New Mexico,VBP.Fee,FEE.VBP,NF,Renewal,Renewal,2025-01-01,2025-06-30,,"Renewal of the value-based payment and uniform increase established by the state for participating nursing facilities that demonstrate quality improvement for the rating period covering January 1, 2025 through June 30, 2025, incorporated in the capitation rates through a risk-based rate adjustment.",form_only_no_letter,numbered,472500000.0,4725000.0,"$4,725,000.00",346000000.0,"$3,460,000",126500000.0,"$1,265,000",,,True,False,False,,NM_VBP.Fee_NF_Renewal_20250101-20250630,,,,https://www.medicaid.gov/medicaid/managed-care/downloads/NM_VBP.Fee_NF_Renewal_20250101-20250630.pdf,9897602aadf1db042dc251620ff17390206ca55c5d9624fdbd31604fa0579df6,2026-09-30T16:52:17Z,,0.1.0
NM_VBP_IPH.OPH_Amendment_20210101-20211231,NM,New Mexico,VBP,VBP,IPH.OPH,Amendment,Amendment,2021-01-01,2021-12-31,,"The uniform increase for inpatient and outpatient hospital services and performance-based quality payments established by the state for hospitals that provide guaranteed access to care for Native Americans through the Indian Health Service for the rating period covering January 1, 2021 through December 31, 2021, incorporated in the capitation rates through a separate payment term of up to $86.4 million.",approval,minimal,,,,,,,,8640000000.0,separate_payment_term,False,False,False,not read,,,,,https://www.medicaid.gov/medicaid/managed-care/downloads/NM_VBP_IPH.OPH_Amendment_20210101-20211231.pdf,db6fb3b7c94b669a04ba3fc91bfc5bc36973cf40a9d554c1d52772a7eb38a9db,2026-09-30T16:52:19Z,,0.1.0
NM_VBP_IPH.OPH_Renewal_20230101-20231231,NM,New Mexico,VBP,VBP,IPH.OPH,Renewal,Renewal,2023-01-01,2023-12-31,,"Uniform increase for inpatient and outpatient hospital services and performance-based quality payments established by the state for hospitals that provide guaranteed access to care for Native Americans through the Indian Health Service for the rating period covering January 1, 2023 through December 31, 2023, incorporated into the capitation rates through a separate payment term of up to $133 million.",approval,numbered,13300000000.0,133000000.0,"133,000,000",10440000000.0,104400000,2860000000.0,28600000,13300000000.0,separate_payment_term,False,True,False,no currency symbol or scale word; unit assumed,,,,,https://www.medicaid.gov/medicaid/managed-care/downloads/nm-vbp-iph-oph-renewal-20230101-20231231.pdf,6c1f3813c68f292015a853ce73f53c35b402f4e41385f25f1d1a4af6f700f34a,2026-09-30T16:52:20Z,,0.1.0
NM_VBP_NF2_Amend_20240101-20240630,NM,New Mexico,VBP,VBP,NF2,Amend,Amendment,2024-01-01,2024-06-30,,"Amendment of a value-based purchasing and uniform percent increase arrangement established by the state to increase nursing facility per diem rates by the market basket index (MBI) factor and to provide quality incentive payments for nursing facilities that meet performance requirements on specified quality metrics for the rating period covering January 1, 2024 through June 30, 2024, incorporated into the capitation rates through a risk-based adjustment.",form_only_no_letter,numbered,7579000000.0,75790000.0,$75.79 million,5602000000.0,$56.02 million,1977000000.0,$19.77 million,,,True,False,False,,,,,,https://www.medicaid.gov/medicaid/managed-care/downloads/NM_VBP_NF2_Amend_20240101-20240630.pdf,17393e2272ae05e67ca6af6314d5f0a268059853cf872557bf69aa01f3b98e67,2026-09-30T16:52:21Z,,0.1.0
NM_VBP_NF2_Renewal_20230101-20231231,NM,New Mexico,VBP,VBP,NF2,Renewal,Renewal,2023-01-01,2023-12-31,,"A value-based purchasing and uniform percent increase arrangement established by the state to increase nursing facility per diem rates by the market basket index (MBI) factor and to provide quality incentive payments for nursing facilities that meet performance requirements on specified quality metrics for the rating period covering January 1, 2023 through December 31, 2023, incorporated into the capitation rates through a risk-based adjustment.",approval,numbered,16300000000.0,163000000.0,"$163,000,000",12860000000.0,128600000,3440000000.0,34400000,,,True,False,False,,• Healthcare Quality Surcharge (HCQS) (NM_VBP_NF2_Renewal_20230101-20231231),filename says 'NM_VBP_NF2_Renewal_20230101-20231231'; document says '• Healthcare Quality Surcharge (HCQS) (NM_VBP_NF2_Renewal_20230101-20231231)',,,https://www.medicaid.gov/medicaid/managed-care/downloads/NM_VBP.Fee_NF2_Renewal_20230101-20231231.pdf,200a0faedefb6ad670209754ef450720fb6d60a1d722b8f7ebf0118f511e4a43,2026-09-30T16:52:23Z,,0.1.0
NM_VBP_NF_Renewal_20230101-20231231,NM,New Mexico,VBP,VBP,NF,Renewal,Renewal,2023-01-01,2023-12-31,,"The value-based payment and uniform increase established by the state for participating nursing facilities that demonstrate quality improvement for the rating period covering January 1, 2023 through December 31, 2023, incorporated in the capitation rates through a risk-based rate adjustment.",approval,numbered,450000000.0,4500000.0,"$4,500,000",330000000.0,3300000,120000000.0,1200000,,,True,False,False,,NM_VBP_NF_Renewal_20230101-20231231,,,,https://www.medicaid.gov/medicaid/managed-care/downloads/NM_VBP_NF_Renewal_20230101-20231231.pdf,dd89876c33b684df7c37284b3414c3600c4f844cc65edca8facf874766c2e302,2026-09-30T16:52:24Z,,0.1.0
NV_Fee_AMC_Amend2_20240101-20241231,NV,Nevada,Fee,FEE,AMC,Amend2,Amendment,2024-01-01,2024-12-31,,"Uniform percentage increase for professional services at an academic medical center for rating periods covering January 1, 2024 through December 31, 2024, incorporated in the capitation rates through a separate payment term amount of up to $56,071,432.20.",form_only_no_letter,minimal,,,,,,,,,,False,False,False,not read,,,,,https://www.medicaid.gov/medicaid/managed-care/downloads/NV_Fee_AMC_Amend2_20240101-20241231.pdf,6868d659af444c6ce30ad5c083debcfd5641123ab3624b41634a5a83ac6659ff,2026-09-30T16:52:26Z,,0.1.0
NV_Fee_AMC_Amend_20210101-20211231,NV,Nevada,Fee,FEE,AMC,Amend,Amendment,2021-01-01,2021-12-31,,"Uniform increase for eligible professional services at designated academic medical centers for the rating period for the rating period covering January 1, 2021 through December 31, 2021, incorporated in the capitation rates through a separate payment term of up to $15,967,295.18.",approval,numbered,1596729518.0,15967295.18,"$15,967,295.18",1276394108.0,"$12,763,941.08",320335410.0,"$3,203,354.10",1596729518.0,separate_payment_term,True,False,False,,,,,,https://www.medicaid.gov/medicaid/managed-care/downloads/nv-fee-amc-amend-20210101-20211231.pdf,612cdb213a549b68d1b487db70e1158c04db0d7c4d0eba63c7cae218671aa282,2026-09-30T16:52:27Z,,0.1.0
NV_Fee_AMC_Amend_20220101-20221231,NV,Nevada,Fee,FEE,AMC,Amend,Amendment,2022-01-01,2022-12-31,,"Uniform increase for eligible professional services at designated academic medical centers for the rating period covering January 1, 2022 through December 31, 2022, incorporated in the capitation rates through a separate payment term of up to $20,386,808.36.",form_only_no_letter,numbered,2038680836.0,20386808.36,"20,386,808.36",1612782345.0,"16,127,823.45",425898491.0,"4,258,984.91",,,False,True,False,no currency symbol or scale word; unit assumed,NV_Fee_AMC_Renewal_20220101-20221231,filename says 'NV_Fee_AMC_Amend_20220101-20221231'; document says 'NV_Fee_AMC_Renewal_20220101-20221231',,,https://www.medicaid.gov/medicaid/managed-care/downloads/NV_Fee_AMC_Amend_20220101-20221231.pdf,db1d3b5c6e31fee98a1371535bb2efeb2564c9edb6ddb9f673c74fbfae182ad7,2026-09-30T16:52:29Z,,0.1.0
NV_Fee_AMC_Amend_20230101-20231231,NV,Nevada,Fee,FEE,AMC,Amend,Amendment,2023-01-01,2023-12-31,,"Uniform increase for eligible professional services at designated academic medical centers for the rating period covering January 1, 2023 through December 31, 2023, incorporated in the capitation rates through a separate payment term up to$36,414,852.44.",form_only_no_letter,prose,,,,,,,,,,False,False,False,not read,,,,,https://www.medicaid.gov/medicaid/managed-care/downloads/NV_Fee_AMC_Amend_20230101-20231231.pdf,7511f9557bddb9a01724435d55a8f19b6a1ba10a5c06e80f13c3d4afa33fcd92,2026-09-30T16:52:31Z,,0.1.0
NV_Fee_AMC_Amend_20240101-20241231,NV,Nevada,Fee,FEE,AMC,Amend,Amendment,2024-01-01,2024-12-31,,"Uniform increase for eligible professional services at designated academic medical centers for the rating period covering January 1, 2024 through December 31, 2024, incorporated in the capitation rates through a separate payment term up to $49,140,684.01.",form_only_no_letter,numbered,4914068401.0,49140684.01,"$49,140,684.01",3708582378.0,"$37,085,823.78",1205486023.0,"$12,054,860.23",,,True,False,False,,,,,,https://www.medicaid.gov/medicaid/managed-care/downloads/NV_Fee_AMC_Amend_20240101-20241231.pdf,4e25b9ebc9ac339bafedcaf7f04f81272caaf558ea439d96c8d0f72273da8674,2026-09-30T16:52:32Z,,0.1.0
NV_Fee_AMC_Renewal_20240101-20241231,NV,Nevada,Fee,FEE,AMC,Renewal,Renewal,2024-01-01,2024-12-31,,"Uniform increase for eligible professional services at designated academic medical centers for the rating period covering January 1, 2024 through December 31, 2024, incorporated in the capitation rates through a separate payment term of up to $31,968,227.74.",approval,numbered,3196822774.0,31968227.74,"$31,968,227.74",2358748191.0,"$23,587,481.91",838074583.0,"$8,380,745.83",3196822774.0,separate_payment_term,True,False,False,,,,,,https://www.medicaid.gov/medicaid/managed-care/downloads/NV_Fee_AMC_Renewal_20240101-20241231.pdf,ebeee395743991a059532b9ce6a999beb5ebaf646e3c56bd1959c0c9dc84f88d,2026-09-30T16:52:34Z,,0.1.0
NV_Fee_AMC_Renewal_20250101-20251231,NV,Nevada,Fee,FEE,AMC,Renewal,Renewal,2025-01-01,2025-12-31,,"Uniform percentage increase for eligible professional services at designated academic medical centers for the rating period covering January 1, 2025, through December 31, 2025, incorporated in the capitation rates through a separate payment term of up to $59,883,102.81.",form_only_no_letter,numbered,5988310281.0,59883102.81,"$59,883,102.81",4495948400.0,"$44,959,484.00",1492361880.0,"$14,923,618.80",,,True,False,False,,,,,,https://www.medicaid.gov/medicaid/managed-care/downloads/NV_Fee_AMC_Renewal_20250101-20251231.pdf,650505b9669fcbbc5620efdaeb01192bb41d31ab00498cf8effe5fafa1f505fa,2026-09-30T16:52:35Z,,0.1.0
NV_Fee_AMC_Renewal_20260101-20261231,NV,Nevada,Fee,FEE,AMC,Renewal,Renewal,2026-01-01,2026-12-31,,"Uniform percentage increase for eligible professional services at an academic medical center for rating periods covering January 1, 2026 through December 31, 2026, incorporated in the capitation rates through a separate payment term amount of up to$56,071,432.20.",form_only_no_letter,minimal,,,,,,,,,,False,False,False,not read,,,,,https://www.medicaid.gov/medicaid/managed-care/downloads/NV_Fee_AMC_Renewal_20260101-20261231.pdf,f75229b3d6d34609b8e5321a84c7f0d5e426f1cff2d1b808c4d587618e3c648f,2026-09-30T16:52:37Z,,0.1.0
NV_Fee_IPH.OPH2_Amend_20240101-20241231,NV,Nevada,Fee,FEE,IPH.OPH2,Amend,Amendment,2024-01-01,2024-12-31,,"Uniform increase for eligible inpatient and outpatient services at eligible private hospitals for the rating period January 1, 2024 through December 31, 2024, incorporated in the capitation rates through a separate payment term up to $892,212,397.",form_only_no_letter,numbered,89221239700.0,892212397.0,"$ 892,212,397",66915929700.0,"$ 669,159,297",22305309900.0,"$223,053,099",,,True,False,False,,,,,,https://www.medicaid.gov/medicaid/managed-care/downloads/NV_Fee_IPH.OPH2_Amend_20240101-20241231.pdf,47e7c4f998a6aecb77e4a61250ad1a7cf1bdc4de093f9ce92075de708429e8b4,2026-09-30T16:52:38Z,,0.1.0
NV_Fee_IPH.OPH2_Amend_20250101-20251231,NV,Nevada,Fee,FEE,IPH.OPH2,Amend,Amendment,2025-01-01,2025-12-31,,"Uniform dollar amount for inpatient hospital and outpatient hospital services for the rating period covering January 1, 2025 through December 31, 2025, incorporated in the capitation rates through a separate payment term amount up to $1,290,268,866.",phase_down_determination,minimal,,,,,,,,129026886600.0,separate_payment_term,False,False,False,not read,,,,,https://www.medicaid.gov/medicaid/managed-care/downloads/NV_Fee_IPH.OPH2_Amend_20250101-20251231.pdf,8d3669e30821794acb4fb011a66d2058c46d3daf06bfb35a44c7a0d0cb7f35cd,2026-09-30T16:52:39Z,,0.1.0
NV_Fee_IPH.OPH2_New_20240101-20241231,NV,Nevada,Fee,FEE,IPH.OPH2,New,New,2024-01-01,2024-12-31,,"Uniform increase for eligible inpatient and outpatient services at eligible private hospitals for the rating period covering January 1, 2024 through December 31, 2024, incorporated in the capitation rates through a separate payment term of up to $748,780,840.",form_only_no_letter,numbered,74878084000.0,748780840.0,"$748,780,840",56158567000.0,"$561,585,670",18719521000.0,"$187,195,210",,,True,False,False,,,,,,https://www.medicaid.gov/medicaid/managed-care/downloads/NV_Fee_IPH.OPH2_New_20240101-20241231.pdf,a68231c559b95c100c093a0f80e433c87ed7fb0d5be766bbe24a8ad3d0ab24ee,2026-09-30T16:52:41Z,,0.1.0
NV_Fee_IPH.OPH2_Renewal_20250101-20251231,NV,Nevada,Fee,FEE,IPH.OPH2,Renewal,Renewal,2025-01-01,2025-12-31,,"Uniform increase for eligible inpatient and outpatient services at eligible private hospitals for the rating period covering January 1, 2025 through December 31, 2025, incorporated in the capitation rates through a separate payment term of up to $1,039,037,720.",form_only_no_letter,numbered,103903772000.0,1039037720.0,"$ 1,039,037,720",77927829000.0,"$779,278,290",25975943000.0,"$259,759,430",,,True,False,False,,,,,,https://www.medicaid.gov/medicaid/managed-care/downloads/NV_Fee_IPH.OPH2_Renewal_20250101-20251231.pdf,090c1977142c99d6f5eaf260be323b1cdbeac29fa0e7ae8588a306fc50bb603b,2026-09-30T16:52:42Z,,0.1.0
NV_Fee_IPH.OPH2_Renewal_20260101-20261231,NV,Nevada,Fee,FEE,IPH.OPH2,Renewal,Renewal,2026-01-01,2026-12-31,,"Uniform dollar amount for inpatient hospital and outpatient hospital services for rating periods covering January 1, 2026 through December 31, 2026, incorporated in the capitation rates through a separate payment term amount up to $1,290,268,866.",form_only_no_letter,prose,,,,,,,,,,False,False,False,not read,,,,,https://www.medicaid.gov/medicaid/managed-care/downloads/NV_Fee_IPH.OPH2_Renewal_20260101-20261231.pdf,20add468807f3734723f74bf6de9d00130883a808e81accd6ad7a496aa9f395e,2026-09-30T16:52:43Z,,0.1.0
NV_Fee_IPH.OPH_Renewal_20230101-20232131,NV,Nevada,Fee,FEE,IPH.OPH,Renewal,Renewal,2023-01-01,2023-21-31,,"Uniform percent increase for inpatient and outpatient hospital services at non-state governmentally owned hospitals for the rating period covering January 1, 2023 through December 31, 2023, incorporated in the capitation rates through a separate payment term of up to $206,534,166.73.",approval,numbered,20653416673.0,206534166.73,"$206,534,166.73",16974363056.0,"$169,743,630.56",3679053617.0,"$36,790,536.17",20653416673.0,separate_payment_term,True,False,False,,NV_Fee_IPH.OPH_Renewal_20230101-20231231,filename says 'NV_Fee_IPH.OPH_Renewal_20230101-20232131'; document says 'NV_Fee_IPH.OPH_Renewal_20230101-20231231',,,https://www.medicaid.gov/medicaid/managed-care/downloads/nv-fee-iph-oph-renewal-20230101-20232131.pdf,7c2553f7f62d275a8268b5aa7cc5acb4fdc04dc5bf9111cb94a9309e3b81a89a,2026-09-30T16:52:45Z,,0.1.0
NV_Fee_IPH.OPH_Renewal_20240101-20241231,NV,Nevada,Fee,FEE,IPH.OPH,Renewal,Renewal,2024-01-01,2024-12-31,,"Uniform increase for inpatient and outpatient hospital services at non-state governmentally owned hospitals for the rating period covering January 1, 2024 through December 31, 2024, incorporated in the capitation rates through a separate payment term of up to $240,129,255.30.",form_only_no_letter,numbered,24012925530.0,240129255.3,"$240,129,255.30",18148796663.0,"$181,487,966.63",5864128867.0,"$58,641,288.67",,,True,False,False,,,,,,https://www.medicaid.gov/medicaid/managed-care/downloads/NV_Fee_IPH.OPH_Renewal_20240101-20241231.pdf,2078450d8407caa2f2eeea7d7810cf4388f1ae851e05fb16ec65ff47152a294b,2026-09-30T16:52:46Z,,0.1.0
NV_Fee_IPH.OPH_Renewal_20250101-20251231,NV,Nevada,Fee,FEE,IPH.OPH,Renewal,Renewal,2025-01-01,2025-12-31,,"Uniform percentage increase for inpatient and outpatient hospital services at non-state governmentally owned hospitals for the rating period covering January 1, 2025 through December 31, 2025, incorporated in the capitation rates through a separate payment term of up to $197,169,083.",form_only_no_letter,numbered,19716908300.0,197169083.0,"$197,169,083",15633588162.0,"$156,335,881.62",4083320138.0,"$40,833,201.38",,,True,False,False,,,,,,https://www.medicaid.gov/medicaid/managed-care/downloads/NV_Fee_IPH.OPH_Renewal_20250101-20251231.pdf,50fb4371d7da6d98d3bd7f974236b039b21d9f68d3cdb008217912cda2de3f40,2026-09-30T16:52:48Z,,0.1.0
NV_Fee_IPH.OPH_Renewal_20260101-20261231,NV,Nevada,Fee,FEE,IPH.OPH,Renewal,Renewal,2026-01-01,2026-12-31,,"Uniform percentage increase for inpatient hospital and outpatient hospital services for the rating period covering January 1, 2026 through December 31, 2026, incorporated in the capitation rates through a separate payment term amount up to $197,169,083.",phase_down_determination,minimal,,,,,,,,19716908300.0,separate_payment_term,False,False,False,not read,,,,,https://www.medicaid.gov/medicaid/managed-care/downloads/NV_Fee_IPH.OPH_Renewal_20260101-20261231.pdf,862f3e6f961c3e27c50aac5b7f88405bf17eea9c3b3259e8acdbe6da69d9ce65,2026-09-30T16:52:49Z,,0.1.0
NV_Fee_IPH_Amend2_20220101-20221231,NV,Nevada,Fee,FEE,IPH,Amend2,Amendment,2022-01-01,2022-12-31,,"A uniform increase for inpatient hospital services rendered by public hospitals for the rating period covering January 1, 2022 through December 31, 2022, incorporated in the capitation rates through a separate payment term of up to $73,708,805.29.",form_only_no_letter,numbered,7370880529.0,73708805.29,"$73,708,805.29",6036494021.0,"$60,364,940.21",1334386508.0,"$13,343,865.08",,,True,False,False,,,,,,https://www.medicaid.gov/medicaid/managed-care/downloads/NV_Fee_IPH_Amend2_20220101-20221231.pdf,bbf7c8449e64d815325982fbf590c6ff525c4f7c73bbb44c469c03f6db88c8e8,2026-09-30T16:52:51Z,,0.1.0
NV_VBP.Fee_NF_Amend_20240101-20241231,NV,Nevada,VBP.Fee,FEE.VBP,NF,Amend,Amendment,2024-01-01,2024-12-31,,"Value-based payment established by the state for free standing nursing facilities for the rating period January 1, 2024 through December 31, 2024, incorporated in the capitation rates through a separate payment term up to $27,415,240.67.",form_only_no_letter,numbered,2741524067.0,27415240.67,"$27,415,240.67",2056143050.0,"$20,561,430.50",685381017.0,"$6,853,810.17",,,True,False,False,,,,,,https://www.medicaid.gov/medicaid/managed-care/downloads/NV_VBP.Fee_NF_Amend_20240101-20241231.pdf,9e5285852a70412a0b368913c2118a5516d83bb1058fecc407d4c5c3c627da73,2026-09-30T16:52:53Z,,0.1.0
NV_VBP.Fee_NF_New_20230101-20231231,NV,Nevada,VBP.Fee,FEE.VBP,NF,New,New,2023-01-01,2023-12-31,,"Value-based payment established by the state for free standing nursing facilities for the rating period January 1, 2023 through December 31, 2023, incorporated in the capitation rates through a separate payment term up to $2.3 million.",form_only_no_letter,numbered,230000000.0,2300000.0,"$2,300,000",149500000.0,"$1,495,000",80500000.0,"805,000",,,True,False,False,,,,,,https://www.medicaid.gov/medicaid/managed-care/downloads/NV_VBP.Fee_NF_New_20230101-20231231.pdf,f7ba9f55dfc278491290a2ca055d358a15bfb2995adb9a9cfe5337232329d0c5,2026-09-30T16:52:55Z,,0.1.0
NV_VBP.Fee_NF_Renewal_20240101-20241231,NV,Nevada,VBP.Fee,FEE.VBP,NF,Renewal,Renewal,2024-01-01,2024-12-31,,"Value-based payment established by the state for free standing nursing facilities for the rating period January 1, 2024 through December 31, 2024, incorporated in the capitation rates through a separate payment term up to $13.2 million.",form_only_no_letter,numbered,1320000000.0,13200000.0,"$13,200,000",858000000.0,"$8,580,000",462000000.0,"$4,620,000",,,True,False,False,,,,,,https://www.medicaid.gov/medicaid/managed-care/downloads/NV_VBP.Fee_NF_Renewal_20240101-20241231.pdf,58610c574a5315467559883c1172ed39e742e0d75e3a373fa39315cf64c40744,2026-09-30T16:52:56Z,,0.1.0
NV_VBP_Oth_Renewal_20230101-20231231,NV,Nevada,VBP,VBP,Oth,Renewal,Renewal,2023-01-01,2023-12-31,,"Value based payment for Certified Community Behavioral Health Centers (CCBHCs) for the rating period covering January 1, 2023 through December 31, 2023, incorporated in the capitation rates through a separate payment term of up to $1,015,232.55.",form_only_no_letter,numbered,152284822.0,1522848.22,"$1,522,848.22",126759542.0,"$1,267,595.42",25525340.0,"$255,253.40",,,True,False,False,,,,,,https://www.medicaid.gov/medicaid/managed-care/downloads/NV_VBP_Oth_Renewal_20230101-20231231.pdf,4f91e42c179abb5eb02c392c0942820ef1296b3c1aed1d6538332ba12b25b5bc,2026-09-30T16:52:58Z,,0.1.0
NV_VBP_Oth_Renewal_20240101-20241231,NV,Nevada,VBP,VBP,Oth,Renewal,Renewal,2024-01-01,2024-12-31,,"Value based payment for Certified Community Behavioral Health Centers (CCBHCs) for the rating period covering January 1, 2024 through December 31, 2024, incorporated in the capitation rates through a separate payment term of up to $1,522,848.22.",form_only_no_letter,numbered,152284822.0,1522848.22,"$1,522,848.22",126759542.0,"$1,267,595.42",25525340.0,"$255,253.40",,,True,False,False,,,,,,https://www.medicaid.gov/medicaid/managed-care/downloads/NV_VBP_Oth_Renewal_20240101-20241231.pdf,060ebae9240fb057126851c1834550248defc80155b980994622a957751bcb42,2026-09-30T16:52:59Z,,0.1.0
NV_VBP_Oth_Renewal_20250101-20251231,NV,Nevada,VBP,VBP,Oth,Renewal,Renewal,2025-01-01,2025-12-31,,"Value based payment for Certified Community Behavioral Health Centers (CCBHCs) for the rating period covering January 1, 2025 through December 31, 2025, incorporated in the capitation rates through a separate payment term of up to $1,601,799.59.",form_only_no_letter,numbered,160179959.0,1601799.59,"$1,601,799.59",130064106.0,"$1,300,641.06",30115853.0,"$301,158.53",,,True,False,False,,,,,,https://www.medicaid.gov/medicaid/managed-care/downloads/NV_VBP_Oth_Renewal_20250101-20251231.pdf,bf7e4cd5107924d8b0c6abcbd460c59671c4f8c01bd46024a13ca0e0a0e052db,2026-09-30T16:53:01Z,,0.1.0
NV_VBP_Oth_Renewal_20260101-20261231,NV,Nevada,VBP,VBP,Oth,Renewal,Renewal,2026-01-01,2026-12-31,,"Quality Payment/Pay for Performance (Category 2 APM, or similar) for Certified Community Behavior Health Center’s (CCBHC) services for rating periods covering January 1, 2026 through December 31, 2026, incorporated in the capitation rates through a separate payment term amount of up to $3,695,094.83.",form_only_no_letter,prose,,,,,,,,,,False,False,False,not read,,,,,https://www.medicaid.gov/medicaid/managed-care/downloads/NV_VBP_Oth_Renewal_20260101-20261231.pdf,66a415dc5831a9421a1653a33b35b45d50cf2e1b532287e6c8407149575f3b13,2026-09-30T16:53:02Z,,0.1.0
NY-Fee-HCBS-Renewal-20220401-20230331,NY,New York,Fee,FEE,HCBS,Renewal,Renewal,2022-04-01,2023-03-31,,"The enhanced minimum fee schedule for home and community-based services approved through the state’s 1115 waiver for the rating period covering April 1, 2022 through March 31, 2023, incorporated in the capitation rates through a risk-based rate adjustment.",approval,numbered,1320000000.0,13200000.0,"13,200,000",660000000.0,"6,600,000",660000000.0,"6,600,000",,,False,True,False,no currency symbol or scale word; unit assumed,,,fields were hyphen separated,,https://www.medicaid.gov/medicaid/managed-care/downloads/ny-fee-hcbs-renewal-20220401-20230331.pdf,5a8a4bd85ee07c9fb96e59244683a3e222d52a8571fd86463e73291102247010,2026-09-30T16:53:03Z,,0.1.0
NY-Fee-HCBS5-New-20220401-20230331,NY,New York,Fee,FEE,HCBS5,New,New,2022-04-01,2023-03-31,,"The uniform increase for home and community-based services for eligible Health Home Providers for the rating period covering April 1, 2022 through March 31, 2023, incorporated in the capitation rates as a separate payment term of up to $280,000.",approval,numbered,,,,,,,,28000000.0,separate_payment_term,False,False,False,field is empty,,,fields were hyphen separated,,https://www.medicaid.gov/medicaid/managed-care/downloads/ny-fee-hcbs5-new-20220401-20230331.pdf,c22252edf4092afe561b83c53ef9f28eba8c848277bde11ec3fc151561f30843,2026-09-30T16:53:04Z,,0.1.0
NY-Fee-OPH1-Renewal-20220401-20230331,NY,New York,Fee,FEE,OPH1,Renewal,Renewal,2022-04-01,2023-03-31,,"The uniform increase for Sole Community Hospitals established by the state for outpatient services for the rating period covering April 1, 2022 through March 31, 2023, incorporated in the capitation rates through a separate payment term of up to $107,280,220.",approval,numbered,10728022000.0,107280220.0,"107,280,220",6823022000.0,"68,230,220",3905000000.0,"39,050,000",10728022000.0,separate_payment_term,False,True,False,no currency symbol or scale word; unit assumed,,,fields were hyphen separated,,https://www.medicaid.gov/medicaid/managed-care/downloads/ny-fee-oph1-renewal-20220401-20230331.pdf,65213a777d08f356d19bfb980971ea713326cfb6c9cde8233658af6daa424056,2026-09-30T16:53:06Z,,0.1.0
NY-Fee-OPH2-Renewal-20220401-20230331,NY,New York,Fee,FEE,OPH2,Renewal,Renewal,2022-04-01,2023-03-31,,"The uniform increase for Critical Access Hospitals established by the state for outpatient services for the rating period covering April 1, 2022 through March 31, 2023, incorporated in the capitation rates through a separate payment term of up to $43,818,681.",approval,numbered,4381868100.0,43818681.0,"43,818,681",2786868100.0,"27,868,681",1595000000.0,"15,950,000",4381868100.0,separate_payment_term,False,True,False,no currency symbol or scale word; unit assumed,,,fields were hyphen separated,,https://www.medicaid.gov/medicaid/managed-care/downloads/ny-fee-oph2-renewal-20220401-20230331.pdf,59523e352dcab47ea281a556270d72d076b60f3b7a175c81d5415ba6243aa27c,2026-09-30T16:53:07Z,,0.1.0
NY_Fee_HCBS4_Renewal_20220101-20221231,NY,New York,Fee,FEE,HCBS4,Renewal,Renewal,2022-01-01,2022-12-31,,"A uniform dollar increase for direct care services delivered to individuals with intellectual and developmental disabilities by FIDA-IDD providers for the rating period covering January 1, 2022 through December 31, 2022, incorporated in the capitation rates through a separate payment term of up to $19.22 million.",approval,numbered,1922000000.0,19220000.0,$19.22 million,961000000.0,$9.61 million,961000000.0,$9.61 million,1922000000.0,separate_payment_term,True,False,False,,,,,,https://www.medicaid.gov/medicaid/managed-care/downloads/ny-fee-hcbs4-renewal-20220101-20221231.pdf,46f39bb99762a185bbf8c7d304128a98f12708731c42b5acd71fc749a0bf41e4,2026-09-30T16:53:08Z,,0.1.0
NY_Fee_HCBS_Renewal_20230401-20240331,NY,New York,Fee,FEE,HCBS,Renewal,Renewal,2023-04-01,2024-03-31,,"The enhanced minimum fee schedule for home and community-based services approved through the state’s 1115 waiver for the rating period, April 1, 2023 through March 31, 2024, incorporated into the capitation rates through a risk-based rate adjustment.",form_only_no_letter,numbered,1800000000.0,18000000.0,"18,000,000",900000000.0,"9,000,000",900000000.0,"9,000,000",,,False,True,False,no currency symbol or scale word; unit assumed,,,,,https://www.medicaid.gov/medicaid/managed-care/downloads/NY_Fee_HCBS_Renewal_20230401-20240331.pdf,f45b1ef1d8c25b13250a467ff4ee37367ff191c3f4f075ee95be8f23cfbebcff,2026-09-30T16:53:10Z,,0.1.0
NY_Fee_HCBS_Renewal_20240401-20250331,NY,New York,Fee,FEE,HCBS,Renewal,Renewal,2024-04-01,2025-03-31,,"The enhanced minimum fee schedule for home and community-based services approved through the state’s 1115 waiver for the rating period, April 1, 2024 through March 31, 2025, incorporated into the capitation rates through a risk based rate adjustment.",form_only_no_letter,numbered,2420000000.0,24200000.0,"24,200,000",1210000000.0,"12,100,000",1210000000.0,"12,100,000",,,False,True,False,no currency symbol or scale word; unit assumed,,,,,https://www.medicaid.gov/medicaid/managed-care/downloads/NY_Fee_HCBS_Renewal_20240401-20250331.pdf,83323f4ee743a34e1f841af04c605e02a83e8966ea2065c4cc440c1201e0dd2a,2026-09-30T16:53:11Z,,0.1.0
NY_Fee_IPH.BHI_Amend_20210401-20220331,NY,New York,Fee,FEE,IPH.BHI,Amend,Amendment,2021-04-01,2022-03-31,,"A uniform dollar increase for inpatient and outpatient services delivered by qualifying financially distressed hospitals for the rating period covering April 1, 2021 through March 31, 2022, incorporated into the capitation rates as a risk-based rate adjustment.",approval,numbered,57270000000.0,572700000.0,"$572,700,000",39000870000.0,390008700,18269130000.0,182691300,,,True,False,False,,,,,,https://www.medicaid.gov/medicaid/managed-care/downloads/ny-fee-iph.bhi-amend-20210401-20220331.pdf,fda5ddc6175c9993a6015a667e653478753ac2b1416825fda60e32eb160e4aef,2026-09-30T16:53:13Z,,0.1.0
NY_Fee_IPH.OPH.BHI_Amend_20250401-20260331,NY,New York,Fee,FEE,IPH.OPH.BHI,Amend,Amendment,2025-04-01,2026-03-31,,"Uniform increase for inpatient and outpatient services delivered by qualifying financially distressed hospitals for the rating period, April 1, 2025 through March 31, 2026, incorporated into the capitation rates through a separate payment term up to $1,840,386,150.",phase_down_determination,prose,,,,,,,,184038615000.0,separate_payment_term,False,False,False,not read,,,,,https://www.medicaid.gov/medicaid/managed-care/downloads/NY_Fee_IPH.OPH.BHI_Amend_20250401-20260331.pdf,8f1efeff209184ed9c54a77d071dc35627d7d56bfb071a308f9c6ff47f0fcc94,2026-09-30T16:53:14Z,,0.1.0
NY_Fee_IPH.OPH.BHI_Renewal_20240401-20250331,NY,New York,Fee,FEE,IPH.OPH.BHI,Renewal,Renewal,2024-04-01,2025-03-31,,"Uniform increase for inpatient and outpatient services delivered by qualifying financially distressed hospitals for the rating period, April 1, 2024 through March 31, 2025, incorporated into the capitation rates through a separate payment term up to $1,855,352,776.",form_only_no_letter,numbered,185535277600.0,1855352776.0,"$1,855,352,776",116270449300.0,"$1,162,704,493",69264828300.0,"$692,648,283",,,True,False,False,,,,,,https://www.medicaid.gov/medicaid/managed-care/downloads/NY_Fee_IPH.OPH.BHI_Renewal_20240401-20250331.pdf,30d14d3a69261e9b2ca3ac7fc525ffa5ce4ec2013e8bdcb27db6b06c46f110be,2026-09-30T16:53:16Z,,0.1.0
NY_Fee_IPH.OPH.BHI_Renewal_20250401-20260331,NY,New York,Fee,FEE,IPH.OPH.BHI,Renewal,Renewal,2025-04-01,2026-03-31,,"Uniform increase for inpatient and outpatient services delivered by qualifying financially distressed hospitals for the rating period, April 1, 2025 through March 31, 2026, incorporated into the capitation rates through a separate payment term up to $1,840,386,150.",phase_down_determination,numbered,184038615000.0,1840386150.0,"$1,840,386,150",114103941300.0,"$1,141,039,413",69934673700.0,"$699,346,737",184038615000.0,separate_payment_term,True,False,False,,,,,,https://www.medicaid.gov/medicaid/managed-care/downloads/NY_Fee_IPH.OPH.BHI_Renewal_20250401-20260331.pdf,2c3ed1b0401966558018a0732fe2cd5995749dd63882f5ee336a2cc47e0cb217,2026-09-30T16:53:17Z,,0.1.0
NY_Fee_IPH.OPH_New_20240401-20250331,NY,New York,Fee,FEE,IPH.OPH,New,New,2024-04-01,2025-03-31,,"Uniform dollar increase for eligible inpatient hospital and outpatient hospital services at Government general hospitals, other than those operated by the State of New York or the State University of New York, located in a city with a population of over one million for the rating period covering April 1, 2024, through March 31, 2025, incorporated in the capitation rates through a separate payment term of up to $2,287,256,013.",phase_down_determination,numbered,228725601300.0,2287256013.0,"$2,287,256,013",137235360800.0,"$1,372,353,608",91490240500.0,"$914,902,405",228725601300.0,separate_payment_term,True,False,False,,,,,,https://www.medicaid.gov/medicaid/managed-care/downloads/NY_Fee_IPH.OPH_New_20240401-20250331.pdf,3cd320dcbfe24fb9c973815fc37620b661fa7e029f2320c4f7fb1aa7ed114619,2026-09-30T16:53:18Z,,0.1.0
NY_Fee_IPH.OPH_Renewal_20250401-20260331,NY,New York,Fee,FEE,IPH.OPH,Renewal,Renewal,2025-04-01,2026-03-31,,"Uniform dollar increase for eligible inpatient hospital and outpatient hospital services at Government general hospitals, other than those operated by the State of New York or the State University of New York, located in a city with a population of over one million for the rating period covering April 1, 2025, through March 31, 2026, incorporated in the capitation rates through a separate payment term of up to $2,450,610,170.",phase_down_determination,numbered,245061017000.0,2450610170.0,"$2,450,610,170",147036610200.0,"$1,470,366,102",98024406800.0,"$980,244,068",245061017000.0,separate_payment_term,True,False,False,,,,,,https://www.medicaid.gov/medicaid/managed-care/downloads/NY_Fee_IPH.OPH_Renewal_20250401-20260331.pdf,e99e7fe322052f015e4d09c7b0d7b567c5baa3d6413c54b5d61b78e1f2ed82d0,2026-09-30T16:53:19Z,,0.1.0
NY_Fee_IPH1_Renewal_202300401-20240331,NY,New York,Fee,FEE,IPH1,Renewal,Renewal,,2024-03-31,,"The uniform increase for qualifying hospitals established by the state for inpatient services for the rating period covering April 1, 2023 through March 31, 2024, incorporated into the capitation rates through a separate payment term of up to $650 million.",approval,numbered,65000000000.0,650000000.0,$650 million,32500000000.0,$325 million,32500000000.0,$325 million,65000000000.0,separate_payment_term,True,False,False,,,,"date has 9 digits, expected 8","date has 9 digits, expected 8",https://www.medicaid.gov/medicaid/managed-care/downloads/ny-fee-iph1-renewal-202300401-20240331.pdf,f3a4465349081a731bb6a8c81a9b3eb51606deae7c2338b0f8b4660f7f8bdd33,2026-09-30T16:53:21Z,,0.1.0
NY_Fee_OPH.PC.SP_New_20240401-20250331,NY,New York,Fee,FEE,OPH.PC.SP,New,New,2024-04-01,2025-03-31,,"Uniform increase established by the state for eligible outpatient hospital, primary care, and specialty providers of designated postpartum visit services for the rating period, April 1, 2024 through March 31, 2025, incorporated into the capitation rates through a separate payment term up to $15,750,000.",form_only_no_letter,numbered,1575000000.0,15750000.0,"$15,750,000  The federal and non-federal share of the directed payment will be calculated using a blended FMAP, developed based on utilization by eligibility group as reported in the CMS-64 expenditure report.",976500000.0,"$9,765,000",598500000.0,"5,985,000",,,True,False,False,,NY_Fee_OPH.PC.SP_New_20240401-20250331,,,,https://www.medicaid.gov/medicaid/managed-care/downloads/NY_Fee_OPH.PC.SP_New_20240401-20250331.pdf,819b909050b8f228d0bf22bd277aae60cde4585687aaf57f87901fcb61003884,2026-09-30T16:53:22Z,,0.1.0
NY_Fee_OPH1_Renewal_20230401-20240331,NY,New York,Fee,FEE,OPH1,Renewal,Renewal,2023-04-01,2024-03-31,,"The uniform increase for Sole Community Hospitals established by the state for outpatient services for the rating period covering April 1, 2023 through March 31, 2024, incorporated in the capitation rates through a separate payment term of up to $121,377,916.",approval,numbered,12137791600.0,121377916.0,"121,377,916",7525430800.0,"75,254,308",4612360800.0,"46,123,608",12137791600.0,separate_payment_term,False,True,False,no currency symbol or scale word; unit assumed,,,,,https://www.medicaid.gov/medicaid/managed-care/downloads/ny-fee-oph1-renewal-20230401-20240331.pdf,8fddfdd7226066d818d39d7156a6dcf477c634af3bc12e5219c577c0c6bd6403,2026-09-30T16:53:24Z,,0.1.0
NY_Fee_OPH1_Renewal_20240401-20250331,NY,New York,Fee,FEE,OPH1,Renewal,Renewal,2024-04-01,2025-03-31,,"Uniform increase for Sole Community Hospitals as established by the state for outpatient services for the rating period, April 1, 2024 through March 31, 2025, incorporated into the capitation rates through a separate payment term up to $121,377,916.",form_only_no_letter,numbered,12137791600.0,121377916.0,"121,377,916",7525430800.0,"75,254,308",4612360800.0,"46,123,608",,,False,True,False,no currency symbol or scale word; unit assumed,,,,,https://www.medicaid.gov/medicaid/managed-care/downloads/NY_Fee_OPH1_Renewal_20240401-20250331.pdf,68b6c9be995070eb28ca9ac34d931ae499c2ad42b8421a0e3d9f5d09a69736e5,2026-09-30T16:53:25Z,,0.1.0
NY_Fee_OPH1_Renewal_20250401-20260331,NY,New York,Fee,FEE,OPH1,Renewal,Renewal,2025-04-01,2026-03-31,,"Uniform increase for Sole Community Hospitals as established by the state for outpatient services for the rating period, April 1, 2025 through March 31, 2026, incorporated into the capitation rates through a separate payment term up to $145,653,499.",phase_down_determination,numbered,14565349900.0,145653499.0,"$145,653,499",9030517000.0,"$90,305,170",5534833000.0,"$55,348,330",14565349900.0,separate_payment_term,True,False,False,,,,,,https://www.medicaid.gov/medicaid/managed-care/downloads/NY_Fee_OPH1_Renewal_20250401-20260331.pdf,855988ab64b03042c83d9d9a8ec3fa9bf520968b3c7e1cd069bb1012391b1366,2026-09-30T16:53:26Z,,0.1.0
NY_Fee_OPH2_Renewal_20230401-20240331,NY,New York,Fee,FEE,OPH2,Renewal,Renewal,2023-04-01,2024-03-31,,"The uniform increase for Critical Access Hospitals established by the state for outpatient services for the rating period covering April 1, 2023 through March 31, 2024, incorporated in the capitation rates through a separate payment term of up to $49,576,895.",approval,numbered,4957689500.0,49576895.0,"49,576,895",3073767500.0,"30,737,675",1883922000.0,"18,839,220",4957689500.0,separate_payment_term,False,True,False,no currency symbol or scale word; unit assumed,,,,,https://www.medicaid.gov/medicaid/managed-care/downloads/ny-fee-oph2-renewal-20230401-20240331.pdf,11629ee0addde5ed25bf6ccdb4da5aadcd71ca31dd7ec29ccb83a31ac8a2ef2d,2026-09-30T16:53:28Z,,0.1.0
NY_Fee_OPH2_Renewal_20240401-20250331,NY,New York,Fee,FEE,OPH2,Renewal,Renewal,2024-04-01,2025-03-31,,"Uniform increase for Critical Access Hospitals as established by the state for outpatient services for the rating period, April 1, 2024 through March 31, 2025, incorporated into the capitation rates through a separate payment term up to $49,576,895.",form_only_no_letter,numbered,4957689500.0,49576895.0,"49,576,895",3073767500.0,"30,737,675",1883922000.0,"18,839,220",,,False,True,False,no currency symbol or scale word; unit assumed,,,,,https://www.medicaid.gov/medicaid/managed-care/downloads/NY_Fee_OPH2_Renewal_20240401-20250331.pdf,7c73e107e82be337538b79ff40191156f99ff56db61a4cbef932899bfcbb16e6,2026-09-30T16:53:29Z,,0.1.0
NY_Fee_OPH2_Renewal_20250401-20260331,NY,New York,Fee,FEE,OPH2,Renewal,Renewal,2025-04-01,2026-03-31,,"Uniform increase for Critical Access Hospitals as established by the state for outpatient services for the rating period, April 1, 2025 through March 31, 2026, incorporated into the capitation rates through a separate payment term up to $59,492,274.",phase_down_determination,numbered,5949227400.0,59492274.0,"$59,492,274",3688521000.0,"$36,885,210",2260706400.0,"$22,607,064",5949227400.0,separate_payment_term,True,False,False,,,,,,https://www.medicaid.gov/medicaid/managed-care/downloads/NY_Fee_OPH2_Renewal_20250401-20260331.pdf,d946c8c6dcd3a3284649e7f34166d9f923f4a51ad51a8249c5d08a63341d99d9,2026-09-30T16:53:30Z,,0.1.0
NY_Fee_OPH3_New_20230401-20240331,NY,New York,Fee,FEE,OPH3,New,New,2023-04-01,2024-03-31,,"Uniform increase for Government general hospitals as established by the state, other than those operated by the State of New York or the State University of New York, located in a city with a population of over one million, for outpatient hospital services for the rating period, April 1, 2023 through March 31, 2024, incorporated into the capitation rates through a separate payment term up to $900,800,521.",form_only_no_letter,numbered,90080052100.0,900800521.0,"$900,800,521",54048031300.0,"$540,480,313",36032020800.0,"$360,320,208",,,True,False,False,,,,,,https://www.medicaid.gov/medicaid/managed-care/downloads/NY_Fee_OPH3_New_20230401-20240331.pdf,ad14b8dc4f574fbbfbeafbbd9d8f49f5a6a1430ef636d9a7dc5d07b67915c49b,2026-09-30T16:53:32Z,,0.1.0
NY_Fee_PC_New_20240401-20250331,NY,New York,Fee,FEE,PC,New,New,2024-04-01,2025-03-31,,"Minimum fee schedules established by the state for eligible primary care providers who have active New York State Patient Centered Medical Home (PCMH) recognition for assigned members for the rating period, April 1, 2024 through March 31, 2025, incorporated into the capitation rates through a separate payment term up to $203,730,871.",form_only_no_letter,numbered,20373087100.0,203730871.0,"$203,730,871",10186543500.0,"$101,865,435",10186543500.0,"$101,865,435",,,True,False,False,,,,,,https://www.medicaid.gov/medicaid/managed-care/downloads/NY_Fee_PC_New_20240401-20250331.pdf,2380945e5396ca99b706a24bbcbe6bab852ce5e7d0e74714d8c781bd26669f81,2026-09-30T16:53:33Z,,0.1.0
NY_VBP_HCBS6_New_20230401-20240331,NY,New York,VBP,VBP,HCBS6,New,New,2023-04-01,2024-03-31,,"The value-based performance improvement initiative for qualifying Social Adult Day Care (SADC) sites established by the state for social adult daycare services for the rating period covering April 1, 2023 through March 31, 2024, incorporated in the capitation rates through a separate payment term of up to $14 million.",approval,numbered,1400000000.0,14000000.0,$14 million,700000000.0,$7 million,700000000.0,$7 million,1400000000.0,separate_payment_term,True,False,False,,,,,,https://www.medicaid.gov/medicaid/managed-care/downloads/ny-vbp-hcbs6-new-20230401-20240331.pdf,fcc2c5f25912fb326239a13ccd76076590db3b9a05959f138d297188ee66b0a5,2026-09-30T16:53:34Z,,0.1.0
NY_VBP_IPH2_Renewal_20250401-20260331,NY,New York,VBP,VBP,IPH2,Renewal,Renewal,2025-04-01,2026-03-31,,"A value-based payment arrangement for hospitals providing labor and delivery services for the rating period covering April 1, 2025 through March 31, 2026, incorporated in the capitation rates through a separate payment term of up to $50 million.",phase_down_determination,numbered,5000000000.0,50000000.0,"$ 50,000,000",3100000000.0,"$ 31,000,000",1900000000.0,"$ 19,000,000",5000000000.0,separate_payment_term,True,False,False,,,,,,https://www.medicaid.gov/medicaid/managed-care/downloads/NY_VBP_IPH2_Renewal_20250401-20260331.pdf,388677a4e3b2b48f464b59247ca845dc20335df5f49dedb1267fbd4fe0ad48dc,2026-09-30T16:53:36Z,,0.1.0
NY_VBP_OTH4_Renewal_20240401-20250331,NY,New York,VBP,VBP,OTH4,Renewal,Renewal,2024-04-01,2025-03-31,,"The value-based payment arrangement established by the state for Behavioral Health Independent Practice Associations delivering behavioral health outpatient and HCBS services for the rating period covering April 1, 2024 – March 31, 2025, incorporated into the capitation rates through a separate payment term of up to $10,000,000.",form_only_no_letter,numbered,1000000000.0,10000000.0,"$10,000,000",500000000.0,"$5,000,000",500000000.0,"$5,000,000",,,True,False,False,,,,,,https://www.medicaid.gov/medicaid/managed-care/downloads/NY_VBP_OTH4_Renewal_20240401-20250331.pdf,0208650de5fb8e3893f494d11bf3de262b3e69f0af7adc6c4e28e3e4c0d35a55,2026-09-30T16:53:37Z,,0.1.0
NY_VBP_PC2_Renewal_20250401-20260331,NY,New York,VBP,VBP,PC2,Renewal,Renewal,2025-04-01,2026-03-31,,"Population-based payment established by the state for Medicaid managed care enrollees attributed to eligible primary care providers who have active New York State Patient Centered Medical Home (PCMH) recognition for the rating period, April 1, 2025 through March 31, 2026, incorporated into the capitation rates through a separate payment term up to $236,942,620.",form_only_no_letter,numbered,23694262000.0,236942620.0,"$236,942,620",14702136000.0,"$147,021,360",8992126000.0,"$89,921,260",,,True,False,False,,,,,,https://www.medicaid.gov/medicaid/managed-care/downloads/NY_VBP_PC2_Renewal_20250401-20260331.pdf,b7d7efe9d95b08287c7442a133c76d89c80a72e9d2c4597a08320d1d94f0bbdb,2026-09-30T16:53:39Z,,0.1.0
NY_VBP_PC_New_20240401-20250331,NY,New York,VBP,VBP,PC,New,New,2024-04-01,2025-03-31,,"Population-based payment established by the state for Medicaid managed care enrollees attributed to eligible primary care providers who have active New York State Patient Centered Medical Home (PCMH) recognition for the rating period, April 1, 2024 through March 31, 2025, incorporated into the capitation rates through a separate payment term up to $132,600,000.",form_only_no_letter,numbered,13260000000.0,132600000.0,"$132,600,000",8230000000.0,"$82,300,000 (62%)",5030000000.0,"$50,300,000 (38%)",,,True,False,False,,,,,,https://www.medicaid.gov/medicaid/managed-care/downloads/NY_VBP_PC_New_20240401-20250331.pdf,e3cbe4c375b117849896526d194435a1ad2277cab934ef35ae26b17846119f4a,2026-09-30T16:53:40Z,,0.1.0
NY_VBP_PC_Renewal_20250401-20260331,NY,New York,VBP,VBP,PC,Renewal,Renewal,2025-04-01,2026-03-31,,"Population-based payment established by the state for Medicaid managed care enrollees attributed to eligible primary care providers who have active New York State Patient Centered Medical Home (PCMH) recognition and have attested to developing a referral workflow with regional Social Care Networks for the rating period, April 1, 2025 through March 31, 2026, incorporated into the capitation rates through a separate payment term up to $132,600,000.",form_only_no_letter,numbered,13260000000.0,132600000.0,"$132,600,000",8230000000.0,"$82,300,000 (62%)",5030000000.0,"$50,300,000 (38%)",,,True,False,False,,,,,,https://www.medicaid.gov/medicaid/managed-care/downloads/NY_VBP_PC_Renewal_20250401-20260331.pdf,1add6a74615d4af07c79b91c60760d21280c1980243f18970b957f7c21fa54d0,2026-09-30T16:53:41Z,,0.1.0
NY_VBP_PC_Renewal_20260401-20270331,NY,New York,VBP,VBP,PC,Renewal,Renewal,2026-04-01,2027-03-31,,"Population-based payment established by the state for Medicaid managed care enrollees attributed to eligible primary care providers who have active New York State Patient Centered Medical Home (PCMH) recognition and have attested to developing a referral workflow with regional Social Care Networks for the rating period covering April 1, 2026 through March 31, 2027, incorporated in the capitation rates through a separate payment term amount up to $94,541,086.",form_only_no_letter,minimal,,,,,,,,,,False,False,False,not read,,,,,https://www.medicaid.gov/medicaid/managed-care/downloads/NY_VBP_PC_Renewal_20260401-20270331.pdf,bc3677a85c4f7329854ef4851b8c017530a8d38438671c51436ba4b1650a3d9b,2026-09-30T16:53:43Z,,0.1.0
Nj-Fee-Iph3-Renewal-20230701-20240630,NJ,New Jersey,Fee,FEE,Iph3,Renewal,Renewal,2023-07-01,2024-06-30,,"Uniform dollar increase for inpatient hospital services provided by hospitals in Essex County, for the rating period covering July 1, 2023 through June 30, 2024, incorporated in the capitation rates through a separate payment term of up to $240,495,335.",approval,numbered,24049533500.0,240495335.0,"$240,495,335",15642114100.0,"$156,421,141",8407419400.0,"$84,074,194",24049533500.0,separate_payment_term,True,False,False,,,,state code was not upper case; fields were hyphen separated,,https://www.medicaid.gov/medicaid/managed-care/downloads/nj-fee-iph3-renewal-20230701-20240630.pdf,97f9c64459e79fc43cce4c5549372c0099bdca370ff4ca12cb2b980e4003f95f,2026-09-30T16:53:45Z,,0.1.0
Nv-Fee-Amc-Renewal-20230101-20231231,NV,Nevada,Fee,FEE,Amc,Renewal,Renewal,2023-01-01,2023-12-31,,"Uniform increase for eligible professional services at designated academic medical centers for the rating period covering January 1, 2023 through December 31, 2023, incorporated in the capitation rates through a separate payment term of up to $26,217,616.58.",approval,numbered,2621761658.0,26217616.58,"$26,217,616.58",1740893000.0,"$17,408,930",880868658.0,"$8,808,686.58",2621761658.0,separate_payment_term,True,False,False,,NV_Fee_AMC_Renewal_20230101-20231231,filename says 'Nv-Fee-Amc-Renewal-20230101-20231231'; document says 'NV_Fee_AMC_Renewal_20230101-20231231',state code was not upper case; fields were hyphen separated,,https://www.medicaid.gov/medicaid/managed-care/downloads/nv-fee-amc-renewal-20230101-20231231.pdf,8ef07cc549ee69bc14ed9cc096f7d76358b3508d37a852f64b334ed89c065a05,2026-09-30T16:53:46Z,,0.1.0
Nv-Fee-Iph-Amend-20220101-20221231,NV,Nevada,Fee,FEE,Iph,Amend,Amendment,2022-01-01,2022-12-31,,"A uniform increase for inpatient hospital services rendered by public hospitals for the rating period covering January 1, 2022 through December 31, 2022, incorporated in the capitation rates through a separate payment term of up to $56,704,955.66.",approval,numbered,5670495566.0,56704955.66,"$56,704,955.66",3765302619.0,"$37,653,026.19",1905192947.0,"$19,051,929.47",5670495566.0,separate_payment_term,True,False,False,,,,state code was not upper case; fields were hyphen separated,,https://www.medicaid.gov/medicaid/managed-care/downloads/nv-fee-iph-amend-20220101-20221231.pdf,4d590ea1f9c15820caac148423118f7ed6a71deb1cda01f8a926e15c33f5c45a,2026-09-30T16:53:47Z,,0.1.0
Ny-Fee-Iph-Oph-Bhi-Renewal-20230401-20240331,NY,New York,Fee,FEE,Iph_Oph_Bhi,Renewal,Renewal,2023-04-01,2024-03-31,,"Uniform dollar increase for inpatient and outpatient services delivered by qualifying financially distressed hospitals for the rating period covering April 1, 2023 through March 31, 2024, incorporated in the capitation rates through a separate payment term of up to $1,559,329,241.",approval,numbered,155932924100.0,1559329241.0,"$1,559,329,241",96678412900.0,"$966,784,129",59254511200.0,"$592,545,112",155932924100.0,separate_payment_term,True,False,False,,,,state code was not upper case; fields were hyphen separated,,https://www.medicaid.gov/medicaid/managed-care/downloads/ny-fee-iph-oph-bhi-renewal-20230401-20240331.pdf,b0855430e90d29b002f74807e7327a7433e5d1a4cf014b208b26b6fae6715ca9,2026-09-30T16:53:49Z,,0.1.0
Ny-Vbp-Iph2-New-20230401-20250331,NY,New York,Vbp,VBP,Iph2,New,New,2023-04-01,2025-03-31,,"A value-based payment arrangement for hospitals providing labor and delivery services for the rating periods covering April 1, 2023 through March 31, 2025, incorporated in the capitation rates through a separate payment term of up to $14 million for the April 1, 2023 – March 31, 2024 rating period and up to $24 million for the April 1, 2024 – March 31, 2025 rating period.",approval,numbered,3800000000.0,38000000.0,$ 38 million (over 2 years),1900000000.0,$19 million,1900000000.0,$19 million,1400000000.0,separate_payment_term,True,False,False,,,,state code was not upper case; fields were hyphen separated,,https://www.medicaid.gov/medicaid/managed-care/downloads/ny-vbp-iph2-new-20230401-20250331.pdf,a16fee3171793fd02d84c5b635b740f98d78db167b21fcfd51205e88021a0023,2026-09-30T16:53:50Z,,0.1.0
OH_Fee_AMC.Oth1_Renewal_20250101-20251231,OH,Ohio,Fee,FEE,AMC.Oth1,Renewal,Renewal,2025-01-01,2025-12-31,,"The uniform percentage increase for professional services provided by qualified practitioners affiliated with or employed by an academic medical center, at participating health systems affiliated with a public medical school in the Southwest class established by the state for the rating period January 1, 2025 through December 31, 2025,incorporated into the capitation rates through a risk based adjustment and a separate payment term of up to $1,815,939.75.",phase_down_determination,numbered,3631879400.0,36318794.0,"$36,318,794",2542315600.0,25423156,1089563800.0,10895638,181593975.0,separate_payment_term,True,False,False,,,,,,https://www.medicaid.gov/medicaid/managed-care/downloads/OH_Fee_AMC.Oth1_Renewal_20250101-20251231.pdf,4dd54db2298dec6de0aaa84bc3d706a55be28f6b75ca67f2592a7e26508e9a0c,2026-09-30T16:53:52Z,,0.1.0
OH_Fee_AMC.Oth2_Renewal_20250101-20251231,OH,Ohio,Fee,FEE,AMC.Oth2,Renewal,Renewal,2025-01-01,2025-12-31,,"The uniform percentage increase for professional services provided by qualified practitioners affiliated with or employed by an academic medical center, at participating health systems affiliated with a public medical school in the Northeast class established by the state for the rating period January 1, 2025 through December 31, 2025,incorporated into the capitation rates through a risk based adjustment and a separate payment term of up to $6,804,452.95.",phase_down_determination,numbered,13608905900.0,136089059.0,"$136,089,059",9865095900.0,98650959,3743810000.0,37438100,680445295.0,separate_payment_term,True,False,False,,,,,,https://www.medicaid.gov/medicaid/managed-care/downloads/OH_Fee_AMC.Oth2_Renewal_20250101-20251231.pdf,14e8352c63b6b135d5d30c7e381e9f08fc543cab91ab568a8b27151f27044cf8,2026-09-30T16:53:54Z,,0.1.0
OH_Fee_AMC.PC.SP.Oth1_Amend_20240101-20241231,OH,Ohio,Fee,FEE,AMC.PC.SP.Oth1,Amend,Amendment,2024-01-01,2024-12-31,,"The uniform percentage increase for participating health systems affiliated with a public medical school established by the state for qualified practitioners for the rating period January 1, 2024 through December 31, 2024, incorporated into the capitation rates through a risk based adjustment and a separate payment term up to $1,000,000.",form_only_no_letter,numbered,2000000000.0,20000000.0,"$20,000,000",1447000000.0,14470000.00,553000000.0,5530000.00,,,True,False,False,,,,,,https://www.medicaid.gov/medicaid/managed-care/downloads/OH_Fee_AMC.PC.SP.Oth1_Amend_20240101-20241231.pdf,d1a16ce7d25599f154da90a2abbfeb666d707176c8095e190e8c591ac12f5a3d,2026-09-30T16:53:55Z,,0.1.0
OH_Fee_AMC.PC.SP.Oth1_New_20240101-20241231,OH,Ohio,Fee,FEE,AMC.PC.SP.Oth1,New,New,2024-01-01,2024-12-31,,"The uniform percentage increase for participating health systems affiliated with a public medical school established by the state for qualified practitioners for the rating period January 1, 2024 through December 31, 2024, incorporated into the capitation rates",form_only_no_letter,numbered,2000000000.0,20000000.0,"$20,000,000",1447000000.0,14470000.00,553000000.0,5530000.00,,,True,False,False,,,,,,https://www.medicaid.gov/medicaid/managed-care/downloads/OH_Fee_AMC.PC.SP.Oth1_New_20240101-20241231.pdf,5433f50340b712e2d381382c747bb3da70702643b66b773cce7250033b12ecee,2026-09-30T16:53:56Z,,0.1.0
OH_Fee_AMC.PC.SP.Oth2_Amend_20240101-20241231,OH,Ohio,Fee,FEE,AMC.PC.SP.Oth2,Amend,Amendment,2024-01-01,2024-12-31,,"The uniform percentage increase for participating health systems affiliated with a public medical school in Northeast class established by the state for qualified practitioners for the rating period January 1, 2024 through December 31, 2024, incorporated into the capitation rates through a risk based adjustment and a separate payment term up to $3,385,000.",form_only_no_letter,numbered,6770000000.0,67700000.0,"$67,700,000",4898095000.0,48980950.00,1871905000.0,18719050.00,,,True,False,False,,,,,,https://www.medicaid.gov/medicaid/managed-care/downloads/OH_Fee_AMC.PC.SP.Oth2_Amend_20240101-20241231.pdf,d8acd4a77700d4d2f06adf4df6c3210eb8a57f2d271e554507e80414e656be9a,2026-09-30T16:53:58Z,,0.1.0
OH_Fee_AMC.PC.SP.Oth2_New_20240101-20241231,OH,Ohio,Fee,FEE,AMC.PC.SP.Oth2,New,New,2024-01-01,2024-12-31,,"The uniform percentage increase for participating health systems affiliated with a public medical school in Northeast class established by the state for qualified practitioners for the rating period January 1, 2024 through December 31, 2024, incorporated into the capitation rates through a separate payment term up to $67,700,000.",form_only_no_letter,numbered,6770000000.0,67700000.0,"$67,700,000",4898095000.0,48980950.00,1871905000.0,18719050.00,,,True,False,False,,,,,,https://www.medicaid.gov/medicaid/managed-care/downloads/OH_Fee_AMC.PC.SP.Oth2_New_20240101-20241231.pdf,c2489e567d233c643af2d55034d06323fb44416f04a85fe71bf681340f7717ac,2026-09-30T16:53:59Z,,0.1.0
OH_Fee_IPH.OPH.Oth1_Renewal_20240101-20241231,OH,Ohio,Fee,FEE,IPH.OPH.Oth1,Renewal,Renewal,2024-01-01,2024-12-31,,"Uniform increase established by the state for inpatient and outpatient services provided by in-state hospitals for the rating period covering January 1, 2024 through December 31, 2024, incorporated into the capitation rates through a separate payment term up to $1.762 billion.",form_only_no_letter,numbered,176200000000.0,1762000000.0,1.762 billion,127480700000.0,1274807000.00,48719300000.0,487193000.00,,,True,False,False,,,,,,https://www.medicaid.gov/medicaid/managed-care/downloads/OH_Fee_IPH.OPH.Oth1_Renewal_20240101-20241231.pdf,2c4c45d553e19a83e521bedb288092678d84764ad0af30cce255ca5c95d3c873,2026-09-30T16:54:00Z,,0.1.0
OH_Fee_IPH.OPH.Oth1_Renewal_20250101-20251231,OH,Ohio,Fee,FEE,IPH.OPH.Oth1,Renewal,Renewal,2025-01-01,2025-12-31,,"Uniform increases established by the state for inpatient and outpatient services provided by all in-state hospitals for the rating period covering January 1, 2025 through December31, 2025, incorporated into the capitation rates through a separate payment term up to$3.9 billion.",phase_down_determination,minimal,,,,,,,,390000000000.0,separate_payment_term,False,False,False,not read,,,,,https://www.medicaid.gov/medicaid/managed-care/downloads/OH_Fee_IPH.OPH.Oth1_Renewal_20250101-20251231.pdf,aa9db86f079c37cc5433587b696a417cdcf3e61d0b332c4c017bab2e6c1e0422,2026-09-30T16:54:02Z,,0.1.0
OH_Fee_IPH.OPH.Oth2_Renewal_20240101-20241231,OH,Ohio,Fee,FEE,IPH.OPH.Oth2,Renewal,Renewal,2024-01-01,2024-12-31,,"Uniform percentage increase for inpatient and outpatient services at the University of Toledo Medical Center for the rating period covering January 1, 2024 through December 31, 2024, incorporated into the capitation rates through a separate payment term up to $44,400,000.00.",form_only_no_letter,numbered,4440000000.0,44400000.0,"$44,400,000.00",3212340000.0,32123400,1227660000.0,12276600,,,True,False,False,,,,,,https://www.medicaid.gov/medicaid/managed-care/downloads/OH_Fee_IPH.OPH.Oth2_Renewal_20240101-20241231.pdf,c42e616879ffdb6d723ed605cad868a31fb335bf8c44accd59b89f1efad621c0,2026-09-30T16:54:03Z,,0.1.0
OH_Fee_IPH.OPH.Oth2_Renewal_20250101-20251231,OH,Ohio,Fee,FEE,IPH.OPH.Oth2,Renewal,Renewal,2025-01-01,2025-12-31,,"Uniform percentage increase for inpatient and outpatient services at the University of Toledo Medical Center for the rating period covering January 1, 2025 through December31, 2025, incorporated into the capitation rates through a separate payment term up to$27,615,770.",phase_down_determination,minimal,,,,,,,,2761577000.0,separate_payment_term,False,False,False,not read,,,,,https://www.medicaid.gov/medicaid/managed-care/downloads/OH_Fee_IPH.OPH.Oth2_Renewal_20250101-20251231.pdf,4ee4eb9ac3489a020d1ffff3323a1458a350168e325b2d5a07a10d1b510246b0,2026-09-30T16:54:04Z,,0.1.0
OH_Fee_IPH.OPH.Oth3_New_20240101-20241231,OH,Ohio,Fee,FEE,IPH.OPH.Oth3,New,New,2024-01-01,2024-12-31,,"Uniform percentage increase for inpatient and outpatient hospital services, provided by non-profit adult hospitals located in Hamilton County that are affiliated with a public medical school and that maintain a Level 1 trauma designation, for the rating period covering January 1, 2024 through December 31, 2024, incorporated in the capitation rates through a separate payment term of up to $253,500,000.",form_only_no_letter,numbered,25350000000.0,253500000.0,"$253,500,000",18340725000.0,183407250,7009275000.0,70092750,,,True,False,False,,,,,,https://www.medicaid.gov/medicaid/managed-care/downloads/OH_Fee_IPH.OPH.Oth3_New_20240101-20241231.pdf,a0aff3907133995d5f76f48fd316128a2083581434f72c71e8adf6497385fc86,2026-09-30T16:54:06Z,,0.1.0
OH_Fee_IPH.OPH.Oth3_Renewal_20250101-20251231,OH,Ohio,Fee,FEE,IPH.OPH.Oth3,Renewal,Renewal,2025-01-01,2025-12-31,,"Uniform percentage increase for inpatient and outpatient hospital services, provided by non-profit adult hospitals located in Hamilton County that are affiliated with a public medical school and that maintain a Level 1 trauma designation, for the rating period covering January 1, 2025 through December 31, 2025, incorporated in the capitation rates through a separate payment term of up to $205,754,578.",phase_down_determination,prose,,,,,,,,20575457800.0,separate_payment_term,False,False,False,not read,,,,,https://www.medicaid.gov/medicaid/managed-care/downloads/OH_Fee_IPH.OPH.Oth3_Renewal_20250101-20251231.pdf,1d223283b50f8c7d664cf5e5b14602453a883eb596a565720819709a080018ee,2026-09-30T16:54:07Z,,0.1.0
OH_Fee_Oth2_Amend2_20220101-20221231,OH,Ohio,Fee,FEE,Oth2,Amend2,Amendment,2022-01-01,2022-12-31,,"Uniform percentage increase for HCBS and personal services care established by the state utilizing 9817 American Recovery Plan (ARP) funding for the rating period covering January 1, 2022 to December 31, 2022 incorporated in the capitation rates through separate payment term of up to $66,384,000.",approval,numbered,6638400000.0,66384000.0,"$66,384,000",4646880000.0,46468800,1991520000.0,19915200,6638400000.0,separate_payment_term,True,False,False,,,,,,https://www.medicaid.gov/medicaid/managed-care/downloads/oh-fee-oth2-amend2-20220101-20221231.pdf,79d8b96afe6983388fa877c47327d4323013c5dd909d551eb467777ff81013d9,2026-09-30T16:54:08Z,,0.1.0
OH_VBP.Fee_AMC.Oth1_New_20250101-20251231,OH,Ohio,VBP.Fee,FEE.VBP,AMC.Oth1,New,New,2025-01-01,2025-12-31,,"Uniform percentage increase for qualified practitioner services at an academic medical center and a value-based performance payment to providers who attain quality performance target(s), starting July 1, 2025 for the rating period covering January 1, 2025through December 31, 2025, incorporated into capitation rates through a separate payment term of up to $41,019,224.",phase_down_determination,prose,,,,,,,,4101922400.0,separate_payment_term,False,False,False,not read,,,,,https://www.medicaid.gov/medicaid/managed-care/downloads/OH_VBP.Fee_AMC.Oth1_New_20250101-20251231.pdf,2482530c811db9950577d1bb21462a58e59b0bf1f24cf1b14334fb3a5d35e30b,2026-09-30T16:54:10Z,,0.1.0
OH_VBP.Fee_AMC.Oth2_New_20250101-20251231,OH,Ohio,VBP.Fee,FEE.VBP,AMC.Oth2,New,New,2025-01-01,2025-12-31,,"Uniform percentage increase for qualified practitioner services at an academic medical center and a value-based performance payment to providers who attain quality performance target(s), starting July 1, 2025 for the rating period covering January 1, 2025through December 31, 2025, incorporated into capitation rates through a separate payment term of up to $4,963,884.",phase_down_determination,prose,,,,,,,,496388400.0,separate_payment_term,False,False,False,not read,,,,,https://www.medicaid.gov/medicaid/managed-care/downloads/OH_VBP.Fee_AMC.Oth2_New_20250101-20251231.pdf,920ceab90a74432e942a085ff9a3f404cb0ed49715d779e9cf82431954a207e6,2026-09-30T16:54:12Z,,0.1.0
OH_VBP.Fee_AMC.Oth3_New_20250101-20251231,OH,Ohio,VBP.Fee,FEE.VBP,AMC.Oth3,New,New,2025-01-01,2025-12-31,,"Uniform percentage increase for qualified practitioner services at an academic medical center and a value-based performance payment to providers who attain quality performance target(s), starting July 1, 2025 for the rating period covering January 1, 2025through December 31, 2025, incorporated into capitation rates through a separate payment term of up to $125,000,000.",phase_down_determination,prose,,,,,,,,12500000000.0,separate_payment_term,False,False,False,not read,,,,,https://www.medicaid.gov/medicaid/managed-care/downloads/OH_VBP.Fee_AMC.Oth3_New_20250101-20251231.pdf,4a9abbc28e9cab5a89ad45b90339749fdf909151c7e969796f80dd9e96b79d6b,2026-09-30T16:54:15Z,,0.1.0
OH_VBP.Fee_AMC.Oth4_New_20250101-20251231,OH,Ohio,VBP.Fee,FEE.VBP,AMC.Oth4,New,New,2025-01-01,2025-12-31,,"Uniform percentage increase for qualified practitioner services at an academic medical center and a value-based performance payment to providers who attain quality performance target(s), starting July 1, 2025 for the rating period covering January 1, 2025through December 31, 2025, incorporated into capitation rates through a separate payment term of up to $3,927,403.",phase_down_determination,prose,,,,,,,,392740300.0,separate_payment_term,False,False,False,not read,,,,,https://www.medicaid.gov/medicaid/managed-care/downloads/OH_VBP.Fee_AMC.Oth4_New_20250101-20251231.pdf,5fb359d56c01da8508f29b2e1bfba928c081baf5b0e1a17ba9ad720a7d0a749f,2026-09-30T16:54:18Z,,0.1.0
OH_VBP.Fee_AMC.Oth5_New_20250101-20251231,OH,Ohio,VBP.Fee,FEE.VBP,AMC.Oth5,New,New,2025-01-01,2025-12-31,,"Uniform percentage increase for qualified practitioner services at an academic medical center and a value-based performance payment to providers who attain quality performance target(s), starting July 1, 2025 for the rating period covering January 1, 2025through December 31, 2025, incorporated into capitation rates through a separate payment term of up to $52,748,499.",phase_down_determination,prose,,,,,,,,5274849900.0,separate_payment_term,False,False,False,not read,,,,,https://www.medicaid.gov/medicaid/managed-care/downloads/OH_VBP.Fee_AMC.Oth5_New_20250101-20251231.pdf,c1bb5b24cb525d72899421a9fad43d244004de87be0e93079b5b28b21824bbad,2026-09-30T16:54:21Z,,0.1.0
OH_VBP.Fee_AMC.Oth_Renewal_20250101-20251231,OH,Ohio,VBP.Fee,FEE.VBP,AMC.Oth,Renewal,Renewal,2025-01-01,2025-12-31,,"The Care Innovation and Community Improvement Program established by the state for the rating period covering January 1, 2025 through December 31, 2025, incorporated into the capitation rates through a risk based rate adjustment and a separate payment term up to $29,025,000.",phase_down_determination,numbered,29025000000.0,290250000.0,"$290,250,000.00",21000000000.0,210000000.00,8025000000.0,80250000,2902500000.0,separate_payment_term,True,False,False,,,,,,https://www.medicaid.gov/medicaid/managed-care/downloads/OH_VBP.Fee_AMC.Oth_Renewal_20250101-20251231.pdf,e1b73a68a3bdb5bfcd48d90ae01d8a00d727e37ae1745180c8ae410770926e4d,2026-09-30T16:54:23Z,,0.1.0
OH_VBP.Fee_AMC.PC.SP.D.Oth_New_20250101-20251231,OH,Ohio,VBP.Fee,FEE.VBP,AMC.PC.SP.D.Oth,New,New,2025-01-01,2025-12-31,,"Uniform percentage increase for qualified practitioner services at an academic medical center, primary care and specialty physician services, and dental services, as well as a value-based performance payment to providers who attain quality performance target(s), starting July 1, 2025 for the rating period covering January 1, 2025 through December 31, 2025, incorporated into capitation rates via a separate payment term up to$11,858,152.",phase_down_determination,prose,,,,,,,,1185815200.0,separate_payment_term,False,False,False,not read,,,,,https://www.medicaid.gov/medicaid/managed-care/downloads/OH_VBP.Fee_AMC.PC.SP.D.Oth_New_20250101-20251231.pdf,5b64e62154145ab6d473fdcb41b4b4a6abe63695cab91506afc25c8746fa33a1,2026-09-30T16:54:26Z,,0.1.0
OH_VBP.Fee_AMC.PC.SP.D.Oth_Renewal_20260101-20261231 Dayton Children's,OH,Ohio,VBP.Fee,FEE.VBP,AMC.PC.SP.D.Oth,Renewal,Renewal,2026-01-01,2026-12-31,Dayton Children's,"Uniform percentage increase for qualified practitioner services at an academic medical center, primary care and specialty physician services, and dental services, as well as a value-based performance payment to providers who attain quality performance target(s), for the rating period covering January 1, 2026 through December 31, 2026, incorporated into capitation rates via a separate payment term up to $23,716,304.",phase_down_determination,prose,,,,,,,,2371630400.0,separate_payment_term,False,False,False,not read,,,,,https://www.medicaid.gov/medicaid/managed-care/downloads/OH_VBP.Fee_AMC.PC.SP.D.Oth_Renewal_20260101-20261231.pdf,cdefa38dd2522c4696c2b3d486008d588e5489013f8c5a57c5080aec000ee996,2026-09-30T16:54:30Z,,0.1.0
OH_VBP.Fee_AMC.PC.SP.Oth_Amend_20240101-20241231,OH,Ohio,VBP.Fee,FEE.VBP,AMC.PC.SP.Oth,Amend,Amendment,2024-01-01,2024-12-31,,"The Care Innovation and Community Improvement Program established by the state for the rating period covering January 1, 2024 through December 31, 2024, incorporated into the capitation rates through a risk based rate adjustment and a separate payment term up to $28,091,682.",form_only_no_letter,numbered,28091681700.0,280916817.0,"$280,916,817.00",20324331700.0,203243317.00,7767350000.0,77673500.00,,,True,False,False,,,,,,https://www.medicaid.gov/medicaid/managed-care/downloads/OH_VBP_Fee_AMC.PC.SP.Oth_Amend_20240101-20241231.pdf,1887ecbf27a2629d6ca5aaeaa045105f6a1e199d70eccd544aafc504fdca68d7,2026-09-30T16:54:32Z,,0.1.0
OH_VBP.Fee_AMC.PC.SP.Oth_Renewal_20240101-20241231,OH,Ohio,VBP.Fee,FEE.VBP,AMC.PC.SP.Oth,Renewal,Renewal,2024-01-01,2024-12-31,,"The Care Innovation and Community Improvement Program established by the state for the rating period covering January 1, 2024 through December 31, 2024, incorporated into the capitation rates through a risk based rate adjustment and a separate payment term up to $28,091,682.",form_only_no_letter,numbered,28091681700.0,280916817.0,"$280,916,817.00",20324331700.0,203243317.00,7767350000.0,77673500.00,,,True,False,False,,,,,,https://www.medicaid.gov/medicaid/managed-care/downloads/OH_VBP.Fee_AMC.PC.SP.Oth_Renewal_20240101-20241231.pdf,883440663dd39b2843a732a4ce56d6a531873123299d2029a76dd854e15a0b79,2026-09-30T16:54:34Z,,0.1.0
OH_VBP.Fee_IPH.OPH.AMC_New_20250101-20251231,OH,Ohio,VBP.Fee,FEE.VBP,IPH.OPH.AMC,New,New,2025-01-01,2025-12-31,,"Uniform percentage increase for inpatient and outpatient hospital services, and for qualified practitioner services at an academic medical center, and a value-based performance payment to providers who attain quality performance target(s), starting July 1, 2025 for the rating period covering January 1, 2025 through December 31, 2025, incorporated into capitation rates via a separate payment term up to $116,141,150.",phase_down_determination,prose,,,,,,,,11614115000.0,separate_payment_term,False,False,False,not read,,,,,https://www.medicaid.gov/medicaid/managed-care/downloads/OH_VBP.Fee_IPH.OPH.AMC_New_20250101-20251231.pdf,5442dea455029a01dc966abb71a586c6264465715e5f93c89a56607702f0bc8a,2026-09-30T16:54:37Z,,0.1.0
OH_VBP.Fee_IPH.OPH.Oth1_New_20250101-20251231,OH,Ohio,VBP.Fee,FEE.VBP,IPH.OPH.Oth1,New,New,2025-01-01,2025-12-31,,"Uniform percentage increase for inpatient and outpatient hospital services, and a value-based performance payment to providers who attain quality performance target(s), starting July 1, 2025 for the rating period covering January 1, 2025 through December 31, 2025, incorporated into capitation rates via a separate payment term up to$73,626,919.",phase_down_determination,prose,,,,,,,,7362691900.0,separate_payment_term,False,False,False,not read,,,,,https://www.medicaid.gov/medicaid/managed-care/downloads/OH_VBP.Fee_IPH.OPH.Oth1_New_20250101-20251231.pdf,e97cf9f3c7797bb12144792584b5328fdc4e3fd25cf3408f837894c5da4ef554,2026-09-30T16:54:42Z,,0.1.0
OH_VBP.Fee_IPH.OPH.Oth2_New_20250101-20251231,OH,Ohio,VBP.Fee,FEE.VBP,IPH.OPH.Oth2,New,New,2025-01-01,2025-12-31,,"Uniform percentage increase for inpatient and outpatient hospital services, and a value-based performance payment to providers who attain quality performance target(s), starting July 1, 2025 for the rating period covering January 1, 2025 through December 31, 2025, incorporated into capitation rates via a separate payment term up to$7,678,571.",phase_down_determination,prose,,,,,,,,767857100.0,separate_payment_term,False,False,False,not read,,,,,https://www.medicaid.gov/medicaid/managed-care/downloads/OH_VBP.Fee_IPH.OPH.Oth2_New_20250101-20251231.pdf,c35fd633ef20e801d12ad40562ccd86e90c50ecb040afc2a76fe6c75be320ed9,2026-09-30T16:54:44Z,,0.1.0
OH_VBP.Fee_IPH.OPH.Oth3_New_20250101-20251231,OH,Ohio,VBP.Fee,FEE.VBP,IPH.OPH.Oth3,New,New,2025-01-01,2025-12-31,,"Uniform percentage increase for inpatient and outpatient hospital services, and a value-based performance payment to providers who attain quality performance target(s), starting July 1, 2025 for the rating period covering January 1, 2025 through December 31, 2025, incorporated into capitation rates via a separate payment term up to$11,644,644.",phase_down_determination,prose,,,,,,,,1164464400.0,separate_payment_term,False,False,False,not read,,,,,https://www.medicaid.gov/medicaid/managed-care/downloads/OH_VBP.Fee_IPH.OPH.Oth3_New_20250101-20251231.pdf,115c762b0a63e8cea1248610c06ec5fbcc763962aba22968a81fbff1e8f0a0ec,2026-09-30T16:54:49Z,,0.1.0
OH_VBP.Fee_IPH.OPH.Oth_New_20250101-20251231,OH,Ohio,VBP.Fee,FEE.VBP,IPH.OPH.Oth,New,New,2025-01-01,2025-12-31,,"Uniform percentage increase for inpatient and outpatient hospital services, and a value-based performance payment to providers who attain quality performance target(s), starting July 1, 2025 for the rating period covering January 1, 2025 through December 31, 2025, incorporated into capitation rates via a separate payment term up to$125,000,000.",phase_down_determination,prose,,,,,,,,12500000000.0,separate_payment_term,False,False,False,not read,,,,,https://www.medicaid.gov/medicaid/managed-care/downloads/OH_VBP.Fee_IPH.OPH.Oth_New_20250101-20251231.pdf,34487d3fef40a378648f89fc5134aba6f66caa7bd0cebfc3d365b65c6d17d491,2026-09-30T16:54:52Z,,0.1.0
OH_VBP.Fee_IPH.OPH_New_20250101-20251231,OH,Ohio,VBP.Fee,FEE.VBP,IPH.OPH,New,New,2025-01-01,2025-12-31,,"Uniform percentage increase for inpatient and outpatient hospital services, and a value-based performance payment to providers who attain quality performance target(s), starting July 1, 2025 for the rating period covering January 1, 2025 through December 31, 2025, incorporated into capitation rates via a separate payment term up to $85,774,951.",phase_down_determination,prose,,,,,,,,8577495100.0,separate_payment_term,False,False,False,not read,,,,,https://www.medicaid.gov/medicaid/managed-care/downloads/OH_VBP.Fee_IPH.OPH_New_20250101-20251231.pdf,977b74129160c1c0eb5c50087c9af4bf3218363dea11730a2b7c16a2b399dfb0,2026-09-30T16:54:56Z,,0.1.0
OH_VBP.Fee_IPH.OPH_Renewal_20260101-20261231,OH,Ohio,VBP.Fee,FEE.VBP,IPH.OPH,Renewal,Renewal,2026-01-01,2026-12-31,,"Uniform percentage increase for inpatient and outpatient hospital services, and a value-based performance payment to providers who attain quality performance target(s), for the rating period covering January 1, 2026 through December 31, 2026, incorporated into capitation rates via a separate payment term up to $171,549,902.",phase_down_determination,prose,,,,,,,,17154990200.0,separate_payment_term,False,False,False,not read,,,,,https://www.medicaid.gov/medicaid/managed-care/downloads/OH_VBP.Fee_IPH.OPH_Renewal_20260101-20261231.pdf,7993814540fd29b387562d77610625842f73396550f93cba77cdef5dac6f8de7,2026-09-30T16:55:01Z,,0.1.0
OH_VBP.Fee_Oth2_New_20250101-20251231,OH,Ohio,VBP.Fee,FEE.VBP,Oth2,New,New,2025-01-01,2025-12-31,,"Uniform percentage increase for qualified practitioner services at a non-academic medical center and a value-based performance payment to providers who attain quality performance target(s), for the rating period covering January 1, 2025 through December31, 2025, incorporated into the capitation rates through a separate payment term up to$9,785,483.",form_only_no_letter,prose,,,,,,,,,,False,False,False,not read,,,,,https://www.medicaid.gov/medicaid/managed-care/downloads/OH_VBP.Fee_Oth2_New_20250101-20251231.pdf,a890c4ecc671eacdbb8c0890c3226758b349ab3f01ff3bdda1cd39eaf9a15555,2026-09-30T16:55:02Z,,0.1.0
OH_VBP.Fee_Oth2_Renewal_20260101-20261231,OH,Ohio,VBP.Fee,FEE.VBP,Oth2,Renewal,Renewal,2026-01-01,2026-12-31,,"Uniform percentage increase for qualified practitioner services at a non-academic medical center and a value-based performance payment to providers who attain quality performance target(s), for the rating period covering January 1, 2026 through December31, 2026, incorporated into the capitation rates through a separate payment term up to$19,570,965.",form_only_no_letter,prose,,,,,,,,,,False,False,False,not read,,,,,https://www.medicaid.gov/medicaid/managed-care/downloads/OH_VBP.Fee_Oth2_Renewal_20260101-20261231.pdf,cce44e759601897193a3262f62b44c79938cf5ca3a2ea68d3dfbeb022a51fee5,2026-09-30T16:55:05Z,,0.1.0
OH_VBP.Fee_Oth3_New_20250101-20251231,OH,Ohio,VBP.Fee,FEE.VBP,Oth3,New,New,2025-01-01,2025-12-31,,"Uniform percentage increase for qualified practitioner services at a non-academic medical center and a value-based performance payment to providers who attain quality performance target(s), for the rating period covering January 1, 2025 through December31, 2025, incorporated into the capitation rates through a separate payment term up to$7,118,634.",form_only_no_letter,prose,,,,,,,,,,False,False,False,not read,,,,,https://www.medicaid.gov/medicaid/managed-care/downloads/OH_VBP.Fee_Oth3_New_20250101-20251231.pdf,eb92b8954e8a042f1b9ae7b4da1daac0f2db23be1631a0e97445725e87fb752f,2026-09-30T16:55:09Z,,0.1.0
OH_VBP.Fee_Oth3_Renewal_20260101-20261231,OH,Ohio,VBP.Fee,FEE.VBP,Oth3,Renewal,Renewal,2026-01-01,2026-12-31,,"Uniform percentage increase for qualified practitioner services at a non-academic medical center and a value-based performance payment to providers who attain quality performance target(s), for the rating period covering January 1, 2026 through December31, 2026, incorporated into the capitation rates through a separate payment term up to$14,237,268.",form_only_no_letter,prose,,,,,,,,,,False,False,False,not read,,,,,https://www.medicaid.gov/medicaid/managed-care/downloads/OH_VBP.Fee_Oth3_Renewal_20260101-20261231.pdf,21557abbe4d6bdea1bbb1340f4a783d9f2f07d5657efc27062ab712f476009d3,2026-09-30T16:55:15Z,,0.1.0
OH_VBP.Fee_Oth_New_20250101-20251231,OH,Ohio,VBP.Fee,FEE.VBP,Oth,New,New,2025-01-01,2025-12-31,,"Uniform percentage increase for qualified practitioner services at a non-academic medical center and a value-based performance payment to providers who attain quality performance target(s), for the rating period covering January 1, 2025 through December31, 2025, incorporated into the capitation rates through a separate payment term up to$10,714,286.",form_only_no_letter,prose,,,,,,,,,,False,False,False,not read,,,,,https://www.medicaid.gov/medicaid/managed-care/downloads/OH_VBP.Fee_Oth_New_20250101-20251231.pdf,9484aa2e7d86969b80b948f6daf843619f6ff92b1c1e686c3fc04510e54d99ca,2026-09-30T16:55:21Z,,0.1.0
OH_VBP.Fee_Oth_Renewal_20260101-20261231,OH,Ohio,VBP.Fee,FEE.VBP,Oth,Renewal,Renewal,2026-01-01,2026-12-31,,"Uniform percentage increase for qualified practitioner services at a non-academic medical center and a value-based performance payment to providers who attain quality performance target(s), for the rating period covering January 1, 2026 through December31, 2026, incorporated into the capitation rates through a separate payment term up to$17,675,695.",form_only_no_letter,prose,,,,,,,,,,False,False,False,not read,,,,,https://www.medicaid.gov/medicaid/managed-care/downloads/OH_VBP.Fee_Oth_Renewal_20260101-20261231.pdf,ed3626b13969b7032d60b2f9a3694d9652c89644adc1873648654d0a87783f7e,2026-09-30T16:55:23Z,,0.1.0
OH_VBP_BHO_New_20250101-20251231,OH,Ohio,VBP,VBP,BHO,New,New,2025-01-01,2025-12-31,,"Population-based payment established by the state for Mobile Response and Stabilization Services (MRSS) program providers for the rating period, January 1, 2025 through December 31, 2025, incorporated into the capitation rates through a separate payment term up to $36,650,413.",form_only_no_letter,numbered,3665041300.0,36650413.0,"$36,650,413",2371888200.0,"$ 23,718,882",1293153100.0,"$ 12,931,531",,,True,False,False,,,,,,https://www.medicaid.gov/medicaid/managed-care/downloads/OH_VBP_BHO_New_20250101-20251231.pdf,efe1ed484278780189159fff3b5a7b2cf8c82577902c5bfb90d21b1e3915645b,2026-09-30T16:55:24Z,,0.1.0
OH_VBP_BHO_Renewal_20260101-20261231,OH,Ohio,VBP,VBP,BHO,Renewal,Renewal,2026-01-01,2026-12-31,,"Population-based payment established by the state for Mobile Response and Stabilization Services (MRSS) program providers for the rating period, January 1, 2026through December 31, 2026, incorporated into the capitation rates through a separate payment term up to $48,885,706.",form_only_no_letter,minimal,,,,,,,,,,False,False,False,not read,,,,,https://www.medicaid.gov/medicaid/managed-care/downloads/OH_VBP_BHO_Renewal_20260101-20261231.pdf,d0b2624210e79ab8321e42182eddc7f827c0c860d31ae6b97cd9997ef717c876,2026-09-30T16:55:26Z,,0.1.0
OK_Fee_AMC_New_20240401-20250630,OK,Oklahoma,Fee,FEE,AMC,New,New,2024-04-01,2025-06-30,,"Uniform dollar increase for Oklahoma Universities Affiliated Physicians established by the state for the rating period covering April 1, 2024 through June 30, 2025, incorporated int the capitation rates through separate payment term of up to $127,410,566.",approval,numbered,12741056600.0,127410566.0,"$127,410,566",9360773800.0,"$93,607,738",3380282800.0,"$33,802,828",12741056600.0,separate_payment_term,True,False,False,,,,,,https://www.medicaid.gov/medicaid/managed-care/downloads/OK_Fee_AMC_New_20240401-20250630.pdf,c33fc253f9681179c01dcf6a742c85bc1e0abb9ecc0ad2016c3ffb469168791e,2026-09-30T16:55:27Z,,0.1.0
OK_Fee_IPH.OPH1_Amendment_20240401-20250630,OK,Oklahoma,Fee,FEE,IPH.OPH1,Amendment,Amendment,2024-04-01,2025-06-30,,"Uniform increase for inpatient and outpatient hospital services at private, non-state government, and critical access hospitals for the rating period covering April 1, 2024 through June 30, 2025 incorporated in the capitation rates through a separate payment term of up to $1,262,703,035.",form_only_no_letter,numbered,126270303500.0,1262703035.0,"$1,262,703,035",98465582700.0,"$984,655,827",27804720800.0,"$278,047,208",,,True,False,False,,,,,,https://www.medicaid.gov/medicaid/managed-care/downloads/OK_Fee_IPH.OPH1_Amend_20240401-20250630.pdf,30ead3b01cf7aa88a3b22463a143333955845730a8a34d988c9f274f126723f5,2026-09-30T16:55:29Z,,0.1.0
OK_Fee_IPH.OPH1_Renewal_20240401-20250630,OK,Oklahoma,Fee,FEE,IPH.OPH1,Renewal,Renewal,2024-04-01,2025-06-30,,"Uniform increase for inpatient and outpatient hospital services at private, non-state government, and critical access hospitals for the rating period covering April 1, 2024 through June 30, 2025 incorporated in the capitation rates through a separate payment term of up to $1,262,703,035.",approval,numbered,126270303500.0,1262703035.0,"$1,262,703,035",98465582700.0,"$984,655,827",27804720800.0,"$278,047,208",126270303500.0,separate_payment_term,True,False,False,,,,,,https://www.medicaid.gov/medicaid/managed-care/downloads/OK_Fee_IPH.OPH1_Renewal_20240401-20250630.pdf,998dc3e7d06139d7bc719bd91d26e3d054ded9d628048ae979197dcdfd4ce972,2026-09-30T16:55:31Z,,0.1.0
OK_Fee_IPH.OPH1_Renewal_20250701-20260630,OK,Oklahoma,Fee,FEE,IPH.OPH1,Renewal,Renewal,2025-07-01,2026-06-30,,"Uniform increase for inpatient and outpatient hospital services for rating periods covering July 1, 2025 through June 30, 2026, incorporated in the capitation rates through a separate payment term amount up to $1,087,525,595.",phase_down_determination,prose,,,,,,,,108752559500.0,separate_payment_term,False,False,False,not read,,,,,https://www.medicaid.gov/medicaid/managed-care/downloads/OK_Fee_IPH.OPH1_Renewal_20250701-20260630.pdf,fc06fa6ebdff963397946b66c85a51e6a1610c2e747d719d00d7d3a48389b3a7,2026-09-30T16:55:33Z,,0.1.0
OK_Fee_IPH.OPH_Renewal_20240401-20250630,OK,Oklahoma,Fee,FEE,IPH.OPH,Renewal,Renewal,2024-04-01,2025-06-30,,"Uniform percent increase for inpatient and outpatient hospital services at trauma hospitals for the rating period covering April 1, 2024 through June 30, 2025 incorporated in the capitation rates through a separate payment term of up to $520,040,434.",approval,numbered,52004043400.0,520040434.0,"$520,040,434",38311378800.0,"$383,113,788",13692664600.0,"$136,926,646",52004043400.0,separate_payment_term,True,False,False,,,,,,https://www.medicaid.gov/medicaid/managed-care/downloads/ok-fee-iph.oph-renewal-20240401-20250630.pdf,b7e025d3e8b20b832130222091afcc99467c5ba3a4363b4898bedca92706b090,2026-09-30T16:55:34Z,,0.1.0
OK_Fee_Oth2_New_20240401-20250630,OK,Oklahoma,Fee,FEE,Oth2,New,New,2024-04-01,2025-06-30,,"Uniform increase for physicians and other qualifying practitioners established by the state for the purpose of using funds generated by the Supplemental Hospital Offset Payment Program (SHOPP) fee which establishes a managed care provider incentive pool to support healthcare quality assurance and access improvement initiatives for the rating period, April 1, 2024 through June 30, 2025, incorporated into the capitation rates through a separate payment term up to $134,330,110.",form_only_no_letter,numbered,13433011000.0,134330110.0,"$134,330,110",10475062000.0,"$104,750,620",2957949000.0,"$29,579,490",,,True,False,False,,,,,,https://www.medicaid.gov/medicaid/managed-care/downloads/OK_Fee_Oth2_New_20240401-20250630.pdf,38664698e0cc2fdfe1e4f32f537c470e6e03738c2789135aabebb6174a42fa58,2026-09-30T16:55:36Z,,0.1.0
OK_Fee_Oth2_Renewal_20250701-20260630,OK,Oklahoma,Fee,FEE,Oth2,Renewal,Renewal,2025-07-01,2026-06-30,,"Uniform increase for physicians and other qualifying practitioners established by the state for the purpose of using funds generated by the Supplemental Hospital Offset Payment Program (SHOPP) fee which establishes a managed care provider incentive pool to support healthcare quality assurance and access improvement initiatives, for rating periods covering July 1, 2025 through June 30, 2026, incorporated in the capitation rates through a separate payment term amount of up to $115,694,212.",form_only_no_letter,minimal,,,,,,,,,,False,False,False,not read,,,,,https://www.medicaid.gov/medicaid/managed-care/downloads/OK_Fee_Oth2_Renewal_20250701-20260630.pdf,b19cf3d7600d92b9cb961ca8c00b000e12039d95d5fab35a4d1593fd519f5c76,2026-09-30T16:55:37Z,,0.1.0
OK_VBP_BHO_New_20240401-20250630,OK,Oklahoma,VBP,VBP,BHO,New,New,2024-04-01,2025-06-30,,"A value-based payment program for State-operated and private organizations contracted as Community Mental Health Centers for behavioral health outpatient services for the rating period, April 1, 2024 through June 30, 2025, incorporated into the capitation rates through a separate payment term up to $46,316,476",form_only_no_letter,numbered,4631647600.0,46316476.0,"$46,316,476",3611758800.0,"$36,117,588",1019888800.0,"$10,198,888",,,True,False,False,,,,,,https://www.medicaid.gov/medicaid/managed-care/downloads/OK_VBP_BHO_New_20240401-20250630.pdf,e0cf8bed77cd814fdf735d9a48deb96294f22ce03c3174df505f257cb73d0c9d,2026-09-30T16:55:39Z,,0.1.0
OR_Fee_ IPH.OPH2_Renewal_20250101-20251231,OR,Oregon,Fee,FEE,IPH.OPH2,Renewal,Renewal,2025-01-01,2025-12-31,,"Uniform increase established by the state for inpatient and outpatient hospital services provided by Diagnosis-Related Group (DRG) hospitals for the rating period covering January 1, 2025 through December 31, 2025, incorporated in the capitation rates through a separate payment term of up to $1,011,000,000.",phase_down_determination,numbered,101100000000.0,1011000000.0,"$1,011,000,000",70852406200.0,"$708,524,062",30247593800.0,"$302,475,938",101100000000.0,separate_payment_term,True,False,False,,,,,,https://www.medicaid.gov/medicaid/managed-care/downloads/OR_Fee_ IPH.OPH2_Renewal_20250101-20251231.pdf,d1c814d692401f6224c73530b3e4eee3c460b84560ebeb45525cf11785487266,2026-09-30T16:55:40Z,,0.1.0
OR_Fee_ IPH.OPH3_Renewal_20250101-20251231,OR,Oregon,Fee,FEE,IPH.OPH3,Renewal,Renewal,2025-01-01,2025-12-31,,"Uniform increase established by the state for inpatient and outpatient hospital services provided by qualifying public academic health centers for the rating period covering January 1, 2025 through December 31, 2025, incorporated in the capitation rates through a separate payment term of up to $975,888,000.",phase_down_determination,numbered,97588800000.0,975888000.0,"$975,888,000",68170053000.0,"$681,700,530",29418747000.0,"$294,187,470",97588800000.0,separate_payment_term,True,False,False,,,,,,https://www.medicaid.gov/medicaid/managed-care/downloads/OR_Fee_ IPH.OPH3_Renewal_20250101-20251231.pdf,df9661ea3ab537040385e9d8cfa782d704037875d217ffeaee2c787a509926ff,2026-09-30T16:55:41Z,,0.1.0
OR_Fee_ IPH.OPH3_Renewal_20260101-20261231,OR,Oregon,Fee,FEE,IPH.OPH3,Renewal,Renewal,2026-01-01,2026-12-31,,"Uniform increase established by the state for inpatient and outpatient hospital services provided by qualifying academic health centers for the rating period covering January 1,2026 through December 31, 2026, incorporated in the capitation rates through a separate payment term of up to $975,888,000.",phase_down_determination,minimal,,,,,,,,97588800000.0,separate_payment_term,False,False,False,not read,,,,,https://www.medicaid.gov/medicaid/managed-care/downloads/OR_Fee_ IPH.OPH3_Renewal_20260101-20261231.pdf,2fce7c288e0eac9ae30e14e2eb204995c26aa16704cfe1faf8fb2c49f9afa6b7,2026-09-30T16:55:43Z,,0.1.0
OR_Fee_ Oth2_Renewal_20250101-20251231,OR,Oregon,Fee,FEE,Oth2,Renewal,Renewal,2025-01-01,2025-12-31,,"Uniform dollar increase for ground emergency medical transportation for privately-owned providers, established by the state for the rating period covering January 1, 2025, through December 31, 2025, incorporated in the capitation rates through a separate payment term of up to $27,629,600.",form_only_no_letter,numbered,2762960000.0,27629600.0,"$27,629,600",1985675200.0,"$19,856,752",777284800.0,"$7,772,848",,,True,False,False,,,,,,https://www.medicaid.gov/medicaid/managed-care/downloads/OR_Fee_Oth2_Renewal_20250101-20251231.pdf,5cf881041cdbf43ef715bffa479baa292cfe540516cbf85fdca0588cdb364d84,2026-09-30T16:55:46Z,,0.1.0
OR_Fee_ Oth2_Renewal_20260101-20261231,OR,Oregon,Fee,FEE,Oth2,Renewal,Renewal,2026-01-01,2026-12-31,,"Uniform dollar increase for ground emergency medical transportation for privately-owned providers, established by the state for the rating period covering January 1, 2026 through December 31, 2026, incorporated in the capitation rates through a separate payment term up to $27,629,600.",form_only_no_letter,minimal,,,,,,,,,,False,False,False,not read,,,,,https://www.medicaid.gov/medicaid/managed-care/downloads/OR_Fee_ Oth2_Renewal_20260101-20261231.pdf,273775200af7ed6e545355709c100b63f3c2c26b3083891e02901c9a87625bc4,2026-09-30T16:55:48Z,,0.1.0
OR_Fee_ Oth_Renewal_20250101-20251231,OR,Oregon,Fee,FEE,Oth,Renewal,Renewal,2025-01-01,2025-12-31,,"Uniform dollar increase for governmental units providing ground emergency medical transportation, established by the state for the rating period covering January 1, 2025, through December 31, 2025, incorporated in the capitation rates through a separate payment term of up to $23,069,255.",form_only_no_letter,numbered,2306925500.0,23069255.0,"$23,069,255",1657933800.0,"$16,579,338",648991800.0,"$6,489,918",,,True,False,False,,,,,,https://www.medicaid.gov/medicaid/managed-care/downloads/OR_Fee_Oth_Renewal_20250101-20251231.pdf,1938ccf54993ff52a849a42cfb9fca66e7e4f2412eabda6d872d2ec998a8d6d2,2026-09-30T16:55:50Z,,0.1.0
OR_Fee_BHO1_Renewal_20240101-20241231,OR,Oregon,Fee,FEE,BHO1,Renewal,Renewal,2024-01-01,2024-12-31,,"Renewal of the uniform increase established by the state for behavioral health services furnished by qualified providers for the rating period covering January 1, 2024 through December 31, 2024, incorporated into the capitation rates through a risk-based rate adjustment.",form_only_no_letter,numbered,17811349300.0,178113493.0,"$178,113,493",10563911300.0,"$105,639,113",7247438000.0,"$72,474,380",,,True,False,False,,,,,,https://www.medicaid.gov/medicaid/managed-care/downloads/OR_Fee_BHO1_Renewal_20240101-20241231.pdf,7aa53602f1ec1e76288b89557861026e5b71e6e95603d9c39bc9bcfb197eaa62,2026-09-30T16:55:51Z,,0.1.0
OR_Fee_BHO1_Renewal_20250101-20251231,OR,Oregon,Fee,FEE,BHO1,Renewal,Renewal,2025-01-01,2025-12-31,,"Minimum fee schedule for behavioral health services furnished by qualified providers for the rating period covering January 1, 2025 through December 31, 2025, incorporated into the capitation rates through a risk-based rate adjustment.",form_only_no_letter,numbered,17427463900.0,174274639.0,"$174,274,639",13214835100.0,"$132,148,351",4212628800.0,"$42,126,288",,,True,False,False,,,,,,https://www.medicaid.gov/medicaid/managed-care/downloads/OR_Fee_BHO1_Renewal_20250101-20251231.pdf,0ffd466d9a92cf06ef83ebf3f44635ca1202f3291aeb40a3ed2a05ee47290b08,2026-09-30T16:55:53Z,,0.1.0
OR_Fee_BHO1_Renewal_20260101-20261231,OR,Oregon,Fee,FEE,BHO1,Renewal,Renewal,2026-01-01,2026-12-31,,"Minimum fee schedule for behavioral health outpatient services furnished by qualified providers for the rating period covering January 1, 2026 through December 31, 2026,incorporated into the capitation rates through a risk-based adjustment.",form_only_no_letter,minimal,,,,,,,,,,False,False,False,not read,,,,,https://www.medicaid.gov/medicaid/managed-care/downloads/OR_Fee_BHO1_Renewal_20260101-20261231.pdf,74aa0aeb474d264e6d791a7d0de6228ed662a0819cf2429d704c008a7f283da2,2026-09-30T16:55:54Z,,0.1.0
OR_Fee_BHO2_Renewal_20240101-20241231,OR,Oregon,Fee,FEE,BHO2,Renewal,Renewal,2024-01-01,2024-12-31,,"Renewal of the uniform increase established by the state for behavioral health services furnished by qualified providers for the rating period covering January 1, 2024 through December 31, 2024, incorporated into the capitation rates through a risk-based rate adjustment.",form_only_no_letter,numbered,242351400.0,2423514.0,"$2,423,514",143738600.0,"$1,437,386",98612800.0,"$986,128",,,True,False,False,,,,,,https://www.medicaid.gov/medicaid/managed-care/downloads/OR_Fee_BHO2_Renewal_20240101-20241231.pdf,d30eb818f9042dbdd3bf9b37fef390bb337bea114a6edb845b397118b4af3039,2026-09-30T16:55:55Z,,0.1.0
OR_Fee_BHO2_Renewal_20250101-20251231,OR,Oregon,Fee,FEE,BHO2,Renewal,Renewal,2025-01-01,2025-12-31,,"Uniform increase established by the state for behavioral health services furnished by qualified providers, including Traditional Health Workers, while providing Culturally and Linguistically specific services (CLSS) and certification standards for the rating period covering January 1, 2025 through December 31, 2025.",form_only_no_letter,numbered,377884600.0,3778846.0,"$3,778,846",301785300.0,"$3,017,853",76097400.0,"$760,974",,,True,False,False,,,,,,https://www.medicaid.gov/medicaid/managed-care/downloads/OR_Fee_BHO2_Renewal_20250101-20251231.pdf,6680b48fe47f1cb3c83ca923f52572140a4a152f2ce1061b5bdfbb345c284fbf,2026-09-30T16:55:57Z,,0.1.0
OR_Fee_BHO3_Renewal_20240101-20241231,OR,Oregon,Fee,FEE,BHO3,Renewal,Renewal,2024-01-01,2024-12-31,,"Renewal of uniform increase established by the state for behavioral health services furnished by qualified providers delivering services to members with co-occurring disorders (COD) for the rating period covering January 1, 2024 through December 31, 2024, incorporated into the capitation rates through a risk-based rate adjustment.",form_only_no_letter,numbered,483167400.0,4831674.0,"$4,831,674",286566600.0,"$2,865,666",196600800.0,"$1,966,008",,,True,False,False,,,,,,https://www.medicaid.gov/medicaid/managed-care/downloads/OR_Fee_BHO3_Renewal_20240101-20241231.pdf,a9201f254883113885250fc3644fae1a433f3bb5450cb10bdde890ac5cbb64dd,2026-09-30T16:55:58Z,,0.1.0
OR_Fee_BHO3_Renewal_20250101-20251231,OR,Oregon,Fee,FEE,BHO3,Renewal,Renewal,2025-01-01,2025-12-31,,"Uniform increase established by the state for behavioral health services furnished by qualified providers delivering services to members with co-occurring disorders (COD) for the rating period covering January 1, 2025 through December 31, 2025, incorporated into the capitation rates through a risk-based rate adjustment.",form_only_no_letter,numbered,359374200.0,3593742.0,"$3,593,742",290506700.0,"$2,905,067",68967500.0,"$689,675",,,True,False,False,,,,,,https://www.medicaid.gov/medicaid/managed-care/downloads/OR_Fee_BHO3_Renewal_20250101-20251231.pdf,d95dd67a7b4209777a478d39221f1f69c8079a60aa52789b3d25b1e4178c3cb1,2026-09-30T16:56:00Z,,0.1.0
OR_Fee_Dental3_New_20250101-20251231,OR,Oregon,Fee,FEE,Dental3,New,New,2025-01-01,2025-12-31,,"Uniform dollar increase for dental services for the rating period covering January 1,2025 through December 31, 2025, incorporated in the capitation rates through a risk-based adjustment.",form_only_no_letter,numbered,589109900.0,5891099.0,"$5,891,099",377779200.0,"$3,777,792",211930700.0,"$2,119,307",,,True,False,False,,OR_Fee_Dental3_New_20250101-20251231,,,,https://www.medicaid.gov/medicaid/managed-care/downloads/OR_Fee_Dental3_New_20250101-20251231.pdf,7470805ee2124be00bd431bd9128ace3a42315a349cbd3299782be4ec4a57c70,2026-09-30T16:56:01Z,,0.1.0
OR_Fee_IPH.OPH1_Renewal_20230101-20231231,OR,Oregon,Fee,FEE,IPH.OPH1,Renewal,Renewal,2023-01-01,2023-12-31,,"Uniform increase established by the state for inpatient and outpatient hospital services provided by Rural Type A/B hospitals for the rating period covering January 1, 2023 through December 31, 2023, incorporated in the capitation rates through a separate payment term of up to $146,000,000.",approval,numbered,14600000000.0,146000000.0,"$146,000,000",10895470000.0,"$108,954,700",3704530000.0,"$37,045,300",14600000000.0,separate_payment_term,True,False,False,,,,,,https://www.medicaid.gov/medicaid/managed-care/downloads/or-fee-iph.oph1-renewal-20230101-20231231.pdf,739237f1d8d4d4f23404c6b9ae7ab163cff68e2a82161a6a189b32dcdb82b57d,2026-09-30T16:56:03Z,,0.1.0
OR_Fee_IPH.OPH1_Renewal_20240101-20241231,OR,Oregon,Fee,FEE,IPH.OPH1,Renewal,Renewal,2024-01-01,2024-12-31,,"Renewal of uniform increase established by the state for inpatient and outpatient hospital services provided by Rural Type A/B hospitals for the rating period covering January 1,2024 through December 31, 2024, incorporated in the capitation rates through a separate payment term of up to $146,000,000.",form_only_no_letter,numbered,14600000000.0,146000000.0,"$146,000,000",10779505600.0,"$107,795,056",3820494400.0,"$38,204,944",,,True,False,False,,,,,,https://www.medicaid.gov/medicaid/managed-care/downloads/OR_Fee_IPH.OPH1_Renewal_20240101-20241231.pdf,d0984ae965d94f68df2ef5432d38607cd580c759b5660faa622f64d33b0c7acf,2026-09-30T16:56:04Z,,0.1.0
OR_Fee_IPH.OPH1_Renewal_20250101-20251231,OR,Oregon,Fee,FEE,IPH.OPH1,Renewal,Renewal,2025-01-01,2025-12-31,,"Uniform increase established by the state for inpatient and outpatient hospital services provided by Rural Type A/B hospitals for the rating period covering January 1, 2025 through December 31, 2025, incorporated in the capitation rates through a separate payment term of up to $190,000,000.",phase_down_determination,numbered,19000000000.0,190000000.0,"$190,000,000",13605928000.0,"$136,059,280",5394072000.0,"$53,940,720",19000000000.0,separate_payment_term,True,False,False,,,,,,https://www.medicaid.gov/medicaid/managed-care/downloads/OR_Fee_ IPH.OPH1_Renewal_20250101-20251231.pdf,3b7f22c13dfedda92188f0912abb28dbe4fe5d6dc611c9acffb29bb6f625b254,2026-09-30T16:56:06Z,,0.1.0
OR_Fee_IPH.OPH2_Renewal_20230101-20231231,OR,Oregon,Fee,FEE,IPH.OPH2,Renewal,Renewal,2023-01-01,2023-12-31,,"Uniform increase established by the state for inpatient and outpatient hospital services provided by Diagnosis-Related Group (DRG) hospitals for the rating period covering January 1, 2023 through December 31, 2023, incorporated in the capitation rates through a separate payment term of up to $600,000,000.",approval,numbered,60000000000.0,600000000.0,"$600,000,000",44140330000.0,"$441,403,300",15859.0,"$158.596,700",60000000000.0,separate_payment_term,True,False,False,,,,,,https://www.medicaid.gov/medicaid/managed-care/downloads/or-fee-iph.oph2-renewal-20230101-20231231.pdf,20bb1a7f9d6989b7bfe33b048a5e69aeee6a1ac8f9ac3cac74f54efec284ab1f,2026-09-30T16:56:07Z,,0.1.0
OR_Fee_IPH.OPH2_Renewal_20240101-20241231,OR,Oregon,Fee,FEE,IPH.OPH2,Renewal,Renewal,2024-01-01,2024-12-31,,"Renewal of uniform increase established by the state for inpatient and outpatient hospital services provided by Diagnosis-Related Group (DRG) hospitals for the rating period covering January 1, 2024 through December 31, 2024, incorporated in the capitation rates through a separate payment term of up to $703,000,000.",form_only_no_letter,numbered,70300000000.0,703000000.0,"$703,000,000",51912929800.0,"$519,129,298",18387070200.0,"$183,870,702",,,True,False,False,,,,,,https://www.medicaid.gov/medicaid/managed-care/downloads/OR_Fee_IPH.OPH2_Renewal_20240101-20241231.pdf,aba0c6a79c3ec21de258948361218b9e81601bc318473f82a8ebedd0e4177efb,2026-09-30T16:56:08Z,,0.1.0
OR_Fee_IPH.OPH3_Renewal_20230101-20231231,OR,Oregon,Fee,FEE,IPH.OPH3,Renewal,Renewal,2023-01-01,2023-12-31,,"Uniform increase established by the state for inpatient and outpatient services provided by qualifying Public Academic Health Centers for the rating period covering January 1, 2023 through December 31, 2023, incorporated in the capitation rates through a separate payment term of up to $660,000,000.",approval,numbered,66000000000.0,660000000.0,"$660,000,000",48349090000.0,"$483,490,900",17650910000.0,"$176,509,100",66000000000.0,separate_payment_term,True,False,False,,,,,,https://www.medicaid.gov/medicaid/managed-care/downloads/or-fee-iph.oph3-renewal-20230101-20231231.pdf,80e6134594bd8ebd635613461b9cd7d7449bc957fbe9ecc0844625dbe13854bb,2026-09-30T16:56:09Z,,0.1.0
OR_Fee_IPH.OPH3_Renewal_20240101-20241231,OR,Oregon,Fee,FEE,IPH.OPH3,Renewal,Renewal,2024-01-01,2024-12-31,,"Renewal of uniform increase established by the state for inpatient and outpatient hospital services provided by qualifying Public Academic Health Centers for the rating period covering January 1, 2024 through December 31, 2024, incorporated in the capitation rates through a separate payment term of up to $809,000,000.",form_only_no_letter,numbered,80900000000.0,809000000.0,"$809,000,000",57439000000.0,"$574,390,000",23461000000.0,"$234,610,000",,,True,False,False,,,,,,https://www.medicaid.gov/medicaid/managed-care/downloads/OR_Fee_IPH.OPH3_Renewal_20240101-20241231.pdf,9cacaf4caa9507231f4e30eeaff8229b472f6aee27bead35976dbf90e6138397,2026-09-30T16:56:11Z,,0.1.0
OR_Fee_IPH.OPH4_New_20240101-20241231,OR,Oregon,Fee,FEE,IPH.OPH4,New,New,2024-01-01,2024-12-31,,"Uniform dollar increase for inpatient and outpatient hospital services, established by the state for the rating period covering January 1, 2024, through December 31, 2024, incorporated in the capitation rates through a separate payment term of up to $45,410,000.",form_only_no_letter,numbered,4541000000.0,45410000.0,"$45,410,000",3341000000.0,"$33,410,000",1200000000.0,"$12,000,000",,,True,False,False,,,,,,https://www.medicaid.gov/medicaid/managed-care/downloads/OR_Fee_IPH.OPH4_New_20240101-20241231.pdf,c69c9d5f7eabff356a8a1e545495a577a361d15a20c5fb71f94a2758433234ad,2026-09-30T16:56:12Z,,0.1.0
OR_Fee_IPH.OPH5_New_20240101-20241231,OR,Oregon,Fee,FEE,IPH.OPH5,New,New,2024-01-01,2024-12-31,,"Uniform dollar increase for inpatient and outpatient hospital services established by the state for the rating period covering January 1, 2024, through December 31, 2024, incorporated in the capitation rates through a separate payment term of up to $9,500,000.",form_only_no_letter,numbered,950000000.0,9500000.0,"$9,500,000",700000000.0,"$7,000,000",250000000.0,"$2,500,000",,,True,False,False,,,,,,https://www.medicaid.gov/medicaid/managed-care/downloads/OR_Fee_IPH.OPH5_New_20240101-20241231.pdf,e65a67eeef0680a3e8bae764a7b67f443c93d4cea3087198530f080ad99ada13,2026-09-30T16:56:13Z,,0.1.0
OR_Fee_IPH.OPH6_New_20260101-20261231,OR,Oregon,Fee,FEE,IPH.OPH6,New,New,2026-01-01,2026-12-31,,"Uniform dollar increase established by the state for inpatient and outpatient hospitals provided by Rural Type A/B hospitals with maternity services for the rating period covering January 1, 2026 through December 31, 2026, incorporated in the capitation rates through a separate payment term up to $37,500,000.",phase_down_determination,minimal,,,,,,,,3750000000.0,separate_payment_term,False,False,False,not read,,,,,https://www.medicaid.gov/medicaid/managed-care/downloads/OR_Fee_IPH.OPH6_New_20260101-20261231.pdf,8702f97ac2b7407f29474bbed93e65189219ba1e2a33912655705da24210f84a,2026-09-30T16:56:15Z,,0.1.0
OR_Fee_OTH_Renewal_20230101-20231231,OR,Oregon,Fee,FEE,OTH,Renewal,Renewal,2023-01-01,2023-12-31,,"Uniform increase established by the state for ground emergency medical transportation services for the rating period covering January 1, 2023 through December 31, 2023, incorporated in the capitation rates through a separate payment term of up to $20,531,555.",form_only_no_letter,numbered,2053155500.0,20531555.0,"$ 20,531,555",1471902000.0,"$14,719,020",581253500.0,"$5,812,535",,,True,False,False,,,,,,https://www.medicaid.gov/medicaid/managed-care/downloads/or-fee-oth-renewal-20230101-20231231.pdf,4705e257c62a93df660ceb034f1441859140c4fc3a254735affe1b25eb147c7e,2026-09-30T16:56:16Z,,0.1.0
OR_Fee_Oth2_New_20240101-20241231,OR,Oregon,Fee,FEE,Oth2,New,New,2024-01-01,2024-12-31,,"Uniform dollar increases established by the state for ground emergency transportation providers for the rating period covering January 1, 2024 through December 31, 2024, incorporated in the capitation rates through a separate payment term of up to $26,065,794.",form_only_no_letter,numbered,2606579400.0,26065794.0,"$26,065,794",1877400000.0,"$18,774,000",729179400.0,"$7,291,794",,,True,False,False,,,,,,https://www.medicaid.gov/medicaid/managed-care/downloads/OR_Fee_Oth2_New_20240101-20241231.pdf,c27b810464d0d825058811affa93b46b1fe90c095a005d98f096703776ab955a,2026-09-30T16:56:18Z,,0.1.0
OR_Fee_Oth_Renewal_20240101-20241231,OR,Oregon,Fee,FEE,Oth,Renewal,Renewal,2024-01-01,2024-12-31,,"The uniform increase established by the state for ground emergency medical transportation services for the rating period covering January 1, 2024 through December 31, 2024, incorporated in the capitation rates through a separate payment term of up to $21,763,449.",approval,numbered,2176344900.0,21763449.0,"21,763,449",1560004000.0,"15,600,040",616340900.0,"6,163,409",2176344900.0,separate_payment_term,False,True,False,no currency symbol or scale word; unit assumed,,,,,https://www.medicaid.gov/medicaid/managed-care/downloads/OR_Fee_Oth_Renewal_20240101-20241231.pdf,9388a46ff4f0c4dd8f3f8ab7e6b3021378d8192ac4cf5c5605a33b3a79a40b2b,2026-09-30T16:56:19Z,,0.1.0
OR_Fee_Oth_Renewal_20260101-20261231,OR,Oregon,Fee,FEE,Oth,Renewal,Renewal,2026-01-01,2026-12-31,,"Uniform dollar increase for governmental units providing ground emergency medical transportation, established by the state for the rating period covering January 1, 2026 through December 31, 2026, incorporated in the capitation rates through a separate payment term up to $23,069,255.",form_only_no_letter,minimal,,,,,,,,,,False,False,False,not read,,,,,https://www.medicaid.gov/medicaid/managed-care/downloads/OR_Fee_Oth_Renewal_20260101-20261231.pdf,a4423ab0bfe2fa7a6708500a19ed1113a2d14daae18f44172fc3b8a0ed5f1112,2026-09-30T16:56:20Z,,0.1.0
OR_VBP_ Dental1_New_20250101-20251231,OR,Oregon,VBP,VBP,Dental1,New,New,2025-01-01,2025-12-31,,"Value based payments for dental providers for the rating period covering January 1,2025 through December 31, 2025, incorporated in the capitation rates through a risk-based adjustment.",form_only_no_letter,numbered,816300000.0,8163000.0,"$8,163,000",572944500.0,"$5,729,445",243355500.0,"$2,433,555",,,True,False,False,,OR_VBP_Dental1_New_20250101-20251231,filename says 'OR_VBP_ Dental1_New_20250101-20251231'; document says 'OR_VBP_Dental1_New_20250101-20251231',,,https://www.medicaid.gov/medicaid/managed-care/downloads/OR_VBP_Dental1_New_20250101-20251231.pdf,a9e1e5f16977fa0223cb9f232ec4fe7b8fbf148a2c5fbc2801dbbb3a0c044b72,2026-09-30T16:56:21Z,,0.1.0
OR_VBP_ Dental2_New_20250101-20251231,OR,Oregon,VBP,VBP,Dental2,New,New,2025-01-01,2025-12-31,,"Value based payments for dental providers for the rating period covering January 1,2025 through December 31, 2025, incorporated in the capitation rates through a risk-based adjustment.",form_only_no_letter,numbered,247700000.0,2477000.0,"$2,477,000",173855600.0,"$1,738,556",73844400.0,"$738,444",,,True,False,False,,OR_VBP_Dental2_New_20250101-20251231,filename says 'OR_VBP_ Dental2_New_20250101-20251231'; document says 'OR_VBP_Dental2_New_20250101-20251231',,,https://www.medicaid.gov/medicaid/managed-care/downloads/OR_VBP_Dental2_New_20250101-20251231.pdf,1d09be216f06613bc05268ae4e163b8dbbeaa9b5df34072a68b1251a3832b207,2026-09-30T16:56:23Z,,0.1.0
PA_Fee_AMC2_Renewal_20240101-20241231,PA,Pennsylvania,Fee,FEE,AMC2,Renewal,Renewal,2024-01-01,2024-12-31,,"Uniform increase for professional services furnished by eligible physician practices for the rating period covering January 1, 2024 through December 31, 2024, incorporated in the capitation rates through a separate payment term of up to $38 million.",form_only_no_letter,numbered,3800000000.0,38000000.0,$38 million,2560000000.0,$25.6 million,1240000000.0,$12.4 million,,,True,False,False,,PA_Fee_AMC2_Renewal_20240101-20241231,,,,https://www.medicaid.gov/medicaid/managed-care/downloads/PA_Fee_AMC2_Renewal_20240101-20241231.pdf,cc31d1c43e4c33a279d815b16fb4109c40d70a89047041ba615299d81089c552,2026-09-30T16:56:24Z,,0.1.0
PA_Fee_AMC2_Renewal_20250101-20251231,PA,Pennsylvania,Fee,FEE,AMC2,Renewal,Renewal,2025-01-01,2025-12-31,,"Uniform increase for professional services furnished by eligible physician practices for the rating period covering January 1, 2025 through December 31, 2025, incorporated in the capitation rates through a separate payment term of up to $38 million.",form_only_no_letter,numbered,3800000000.0,38000000.0,$38 Million,2740000000.0,$27.4 Million,1060000000.0,$10.6 Million,,,True,False,False,,,,,,https://www.medicaid.gov/medicaid/managed-care/downloads/PA_Fee_AMC2_Renewal_20250101-20251231.pdf,c142eb184209f77c03112c249d1adcff412c0cb72ea9e8e721ead8256cd4f023,2026-09-30T16:56:25Z,,0.1.0
PA_Fee_AMC2_Renewal_20260101-20261231,PA,Pennsylvania,Fee,FEE,AMC2,Renewal,Renewal,2026-01-01,2026-12-31,,"Uniform percentage increase payment arrangement for professional services at an academic medical center for rating periods covering January 1, 2026, through December31, 2026, incorporated in the capitation rates through a separate payment term amount of up to $38,000,000.",form_only_no_letter,numbered,3800000000.0,38000000.0,"$38,000,000",2785020000.0,"$27,850,200",1014980000.0,"$10,149,800",,,True,False,False,,,,,,https://www.medicaid.gov/medicaid/managed-care/downloads/PA_Fee_AMC2_Renewal_20260101-20261231.pdf,456f022bf78e24b95f7000ffa187507913be7a11547d6b24ecc9dcc7979f64eb,2026-09-30T16:56:27Z,,0.1.0
PA_Fee_AMC_Renewal_20240101-20241231,PA,Pennsylvania,Fee,FEE,AMC,Renewal,Renewal,2024-01-01,2024-12-31,,"The uniform increase for professional services furnished by physician practice plans affiliated with a medical school located in Philadelphia and accredited by the Liaison Committee on Medical Education for the rating period covering January 1, 2024 through December 31, 2024, incorporated in the capitation rates through a separate payment term of up to $9,085,139.",approval,numbered,908513900000000.0,9085139000000.0,"$9,085,139 million",670000000.0,$6.7 million,240000000.0,2.4 million,908513900.0,separate_payment_term,False,False,True,"$9,085,139,000,000 exceeds any credible arrangement size; the field appears to combine a full figure with a scale word",PA_Fee_AMC_Renewal_20240101-20241231,,,,https://www.medicaid.gov/medicaid/managed-care/downloads/PA_Fee_AMC_Renewal_20240101-20241231.pdf,86a73460308d9e90e78b26806a26b0f725caaaa1046eb3a29530ecb9284b421d,2026-09-30T16:56:28Z,,0.1.0
PA_Fee_AMC_Renewal_20250101-20251231,PA,Pennsylvania,Fee,FEE,AMC,Renewal,Renewal,2025-01-01,2025-12-31,,"The Uniform increase for professional services furnished by physician practice plans affiliated with a medical school located in Philadelphia and accredited by the Liaison Committee on Medical Education for the rating period covering January 1, 2025 through December 31, 2025, incorporated in the capitation rates through separate payment term of up to $35,572,805.",form_only_no_letter,numbered,3560000000.0,35600000.0,"$35.6 Million (Class A $19,578,034; Class B $15,994,771)",2620000000.0,$26.2 Million,940000000.0,$9.4 Million,,,True,False,False,,PA_Fee_AMC_Renewal_20250101-20251231,,,,https://www.medicaid.gov/medicaid/managed-care/downloads/PA_Fee_AMC_Renewal_20250101-20251231.pdf,b445a717f164a7b9edc9bbe83dd701c817b00716d111cfa276f548df7ec9fec6,2026-09-30T16:56:29Z,,0.1.0
PA_Fee_AMC_Renewal_20260101-20261231,PA,Pennsylvania,Fee,FEE,AMC,Renewal,Renewal,2026-01-01,2026-12-31,,"Uniform percentage increase payment arrangement for professional services at an academic medical center for rating periods covering January 1, 2026, through December31, 2026, incorporated in the capitation rates through a separate payment term amount of up to $35,572,805.",form_only_no_letter,numbered,3557280500.0,35572805.0,"$35,572,805 (Class A $19,578,034; Class B $15,994,771)",2609265200.0,"$26,092,652",948015300.0,"$9,480,153",,,True,False,False,,,,,,https://www.medicaid.gov/medicaid/managed-care/downloads/PA_Fee_AMC_Renewal_20260101-20261231.pdf,e20452a6119e93bf215a74451a871f592e52b84bbc8ee175059ec2369bc9e03b,2026-09-30T16:56:31Z,,0.1.0
PA_Fee_BHI.BHO_Renewal_20240101-20241231,PA,Pennsylvania,Fee,FEE,BHI.BHO,Renewal,Renewal,2024-01-01,2024-12-31,,"The alternative minimum fee schedule established by the state for qualifying providers under specific ASAM levels of care who provide substance use disorder (SUD) treatment for the rating period covering January 1, 2024 through December 31, 2024, incorporated in the capitation rates through a risk-based rate adjustment.",approval,numbered,60500000000.0,605000000.0,"$605,000,000",48800000000.0,"$488,000,000",11700000000.0,"$117,000,000",,,True,False,False,,,,,,https://www.medicaid.gov/medicaid/managed-care/downloads/PA_Fee_BHI.BHO_Renewal_20240101-20241231.pdf,1a3eb9918096200d75b9d17fa03197d3a0e9a8aca92458d4569e761748da4ae9,2026-09-30T16:56:32Z,,0.1.0
PA_Fee_BHI.BHO_Renewal_20250101-20251231,PA,Pennsylvania,Fee,FEE,BHI.BHO,Renewal,Renewal,2025-01-01,2025-12-31,,"The alternative minimum fee schedule established by the state for qualifying providers under specific American Society of Addition Medicine (ASAM) levels of care who provided substance use disorder (SUD) treatment for the rating period covering January 1, 2025 through December 31, 2025, incorporated in the capitation rates through a risk based rate adjustment.",form_only_no_letter,numbered,59600000000.0,596000000.0,"596,000,000",47700000000.0,"477,000,000",11900000000.0,"119,000,000",,,False,True,False,no currency symbol or scale word; unit assumed,,,,,https://www.medicaid.gov/medicaid/managed-care/downloads/PA_Fee_BHI.BHO_Renewal_20250101-20251231.pdf,a0510c3ce5114e11070d853c3289853c7398664b67b5e0b86d0fe13b5e28c9cc,2026-09-30T16:56:33Z,,0.1.0
PA_Fee_BHI.BHO_Renewal_20260101-20261231,PA,Pennsylvania,Fee,FEE,BHI.BHO,Renewal,Renewal,2026-01-01,2026-12-31,,"Minimum Fee Schedule for behavioral health inpatient service and behavioral health outpatient service for the rating period covering January 1, 2026 through December 31,2026, incorporated in the capitation rates through an alternative fee schedule of up to$633,562,966.",form_only_no_letter,minimal,,,,,,,,,,False,False,False,not read,,,,,https://www.medicaid.gov/medicaid/managed-care/downloads/PA_Fee_BHI.BHO_Renewal_20260101-20261231.pdf,500414e26c09ad875f3783e9f237b8bab36f363fed7db8f09f08f6769edd6b02,2026-09-30T16:56:35Z,,0.1.0
PA_Fee_D_New_20250101-20251231,PA,Pennsylvania,Fee,FEE,D,New,New,2025-01-01,2025-12-31,,"Uniform percent increase for dental services for the rating period covering January 1, 2025, through December 31, 2025, incorporated in the capitation rates through a risk-based rate adjustment.",form_only_no_letter,numbered,6200000000.0,62000000.0,$62 million,3800000000.0,$38 million,2400000000.0,$24 million,,,True,False,False,,PA_Fee_D_New_20250101-20251231,,,,https://www.medicaid.gov/medicaid/managed-care/downloads/PA_Fee_D_New_20250101-20251231.pdf,d05f4e457c7a9fc29ce03e238c9ac58ce867ff6e1ecbcf873e9ca73ae1b58c86,2026-09-30T16:56:36Z,,0.1.0
PA_Fee_D_Renewal_20260101-20261231,PA,Pennsylvania,Fee,FEE,D,Renewal,Renewal,2026-01-01,2026-12-31,,"Uniform percentage increase for dental services for the rating period covering January 1,2026 through December 31, 2026, incorporated in the capitation rates through a risk-based rate adjustment of up to $63,373,184.",form_only_no_letter,minimal,,,,,,,,,,False,False,False,not read,,,,,https://www.medicaid.gov/medicaid/managed-care/downloads/PA_Fee_D_Renewal_20260101-20261231.pdf,40b877ab98005d671f71cc273b7a541da251c61b5644b6c9ebdc16de909e3fb3,2026-09-30T16:56:37Z,,0.1.0
PA_Fee_IPH.OPH2_New_20240101-20241231,PA,Pennsylvania,Fee,FEE,IPH.OPH2,New,New,2024-01-01,2024-12-31,,"Uniform percentage increase for inpatient and outpatient services for qualifying classes of hospitals for the rating period covering January 1, 2024 through December 31, 2024, incorporated in the capitation rates through a separate payment term of up to $259.9 million.",approval,numbered,25990000000.0,259900000.0,$259.9 million ($90.6 million inpatient & $169.3 million outpatient),17710000000.0,$177.1 million,8280000000.0,$82.8 million,25990000000.0,separate_payment_term,True,False,False,,,,,,https://www.medicaid.gov/medicaid/managed-care/downloads/PA_Fee_IPH.OPH2_New_20240101-20241231.pdf,1a2218247e9eb29d658bb27967d4e92d23b35c990d61423b301de68c9f7a7d43,2026-09-30T16:56:38Z,,0.1.0
PA_Fee_IPH.OPH2_Renewal_20250101-20251231,PA,Pennsylvania,Fee,FEE,IPH.OPH2,Renewal,Renewal,2025-01-01,2025-12-31,,"Uniform percentage increase for inpatient and outpatient services for qualifying classes of hospitals for the rating period covering January 1, 2025 through December 31, 2025, incorporated in the capitation rates through a separate payment term of up to $424,720,803.",phase_down_determination,numbered,42472080300.0,424720803.0,"$424,720,803",28273660900.0,"$282,736,609",14198419400.0,"$141,984,194",42472080300.0,separate_payment_term,True,False,False,,,,,,https://www.medicaid.gov/medicaid/managed-care/downloads/PA_Fee_IPH.OPH2_Renewal_20250101-20251231.pdf,80bafb4e634e3c67154f816b2ab3f6fffac39864145a8f31f95faeedc7ab68af,2026-09-30T16:56:40Z,,0.1.0
PA_Fee_IPH.OPH2_Renewal_20260101-20261231,PA,Pennsylvania,Fee,FEE,IPH.OPH2,Renewal,Renewal,2026-01-01,2026-12-31,,"Uniform percentage increase for inpatient hospital and outpatient hospital services for rating periods covering January 1, 2026 through December 31, 2026, incorporated in the capitation rates through a separate payment term amount up to $424,720,803.",phase_down_determination,prose,,,,,,,,42472080300.0,separate_payment_term,False,False,False,not read,,,,,https://www.medicaid.gov/medicaid/managed-care/downloads/PA_Fee_IPH.OPH2_Renewal_20260101-20261231.pdf,08999e1ab70a86bc9b274f94eed99e0ceb185407aa3184e0b48e3765361c1a41,2026-09-30T16:56:41Z,,0.1.0
PA_Fee_IPH.OPH_New_20230101-20231231,PA,Pennsylvania,Fee,FEE,IPH.OPH,New,New,2023-01-01,2023-12-31,,"Uniform increase for inpatient and outpatient hospital services established by the state for the rating period covering January 1, 2023 through December 31, 2023, incorporated in the capitation rates through a separate payment term of up to $1.156 billion.",approval,numbered,115600000000.0,1156000000.0,$1.156 billion ($646 million inpatient & $510 million outpatient),78000000000.0,$780 million,37600000000.0,$376 million,115600000000.0,separate_payment_term,True,False,False,,IPH/OPH services,filename says 'PA_Fee_IPH.OPH_New_20230101-20231231'; document says 'IPH/OPH services',,,https://www.medicaid.gov/medicaid/managed-care/downloads/pa-fee-iph.oph-new-20230101-20231231.pdf,54343f1c5d3c742381da8c6b5dea929c0901e97bc21984f8c7ba2ffeed316682,2026-09-30T16:56:42Z,,0.1.0
PA_Fee_IPH.OPH_Renewal_20240101-20241231,PA,Pennsylvania,Fee,FEE,IPH.OPH,Renewal,Renewal,2024-01-01,2024-12-31,,"Uniform percentage increase established by the state for inpatient and outpatient hospital services for the rating period, January 1, 2024 through December 31, 2024, incorporated into the capitation rates through a separate payment term up to $2,335,007,317.",form_only_no_letter,numbered,233500731700.0,2335007317.0,"$2,335,007,317 ($1,304,806,976 for inpatient & $1,030,200,341 for outpatient)",161000000000.0,"$1,610 million",72500000000.0,$725 million,,,True,False,False,,,,,,https://www.medicaid.gov/medicaid/managed-care/downloads/PA_Fee_IPH.OPH_Renewal_20240101-20241231.pdf,8f24def2a866a83d145a1a584e2ec9f914b6902ff14ba52b037be5554db1d590,2026-09-30T16:56:44Z,,0.1.0
PA_Fee_IPH.OPH_Renewal_20250101-20251231,PA,Pennsylvania,Fee,FEE,IPH.OPH,Renewal,Renewal,2025-01-01,2025-12-31,,"Uniform percentage increase established by the state for inpatient and outpatient hospital services for the rating period, January 1, 2025 through December 31, 2025, incorporated into the capitation rates through a separate payment term up to $2,335,007,317.",phase_down_determination,numbered,233500731700.0,2335007317.0,"$2,335,007,317 ($1,304,806,976 for inpatient & $1,030,200,341 for outpatient)",160298252300.0,"$1,602,982,523",73202479400.0,"$732,024,794",233500731700.0,separate_payment_term,True,False,False,,,,,,https://www.medicaid.gov/medicaid/managed-care/downloads/PA_Fee_IPH.OPH_Renewal_20250101-20251231.pdf,6f42558125346cde804c6966ed37a18a829188e9536faeaba8d1172cfc58c01b,2026-09-30T16:56:45Z,,0.1.0
PA_Fee_IPH.OPH_Renewal_20260101-20261231,PA,Pennsylvania,Fee,FEE,IPH.OPH,Renewal,Renewal,2026-01-01,2026-12-31,,"Uniform percentage increase for inpatient hospital and outpatient hospital services for rating periods covering January 1, 2026 through December 31, 2026, incorporated in the capitation rates through a separate payment term amount up to $2,335,007,317.",phase_down_determination,minimal,,,,,,,,233500731700.0,separate_payment_term,False,False,False,not read,,,,,https://www.medicaid.gov/medicaid/managed-care/downloads/PA_Fee_IPH.OPH_Renewal_20260101-20261231.pdf,63c16e28bf34c852ba75aa8f81255a59ba4959ba7f77a720b36fb831b3e9b0dd,2026-09-30T16:56:47Z,,0.1.0
PA_Fee_NF_Renewal_20240101-20241231,PA,Pennsylvania,Fee,FEE,NF,Renewal,Renewal,2024-01-01,2024-12-31,,"Minimum fee schedule for non-public and county nursing facility services for the rating period covering January 1, 2024 through December 31, 2024, incorporated in the capitation rates through a risk-based adjustment.",form_only_no_letter,numbered,450700000000.0,4507000000.0,$4.507 Billion,243900000000.0,$2.439 Billion,206800000000.0,$2.068 Billion,,,True,False,False,,NF Services,filename says 'PA_Fee_NF_Renewal_20240101-20241231'; document says 'NF Services',,,https://www.medicaid.gov/medicaid/managed-care/downloads/PA_Fee_NF_Renewal_20240101-20241231.pdf,36951b2c90e599ba66b8ecd33c807aafb7ea8ede0ec88a4f8ccf0c39da40ddaf,2026-09-30T16:56:48Z,,0.1.0
PA_Fee_NF_Renewal_20250101-20251231,PA,Pennsylvania,Fee,FEE,NF,Renewal,Renewal,2025-01-01,2025-12-31,,"Minimum fee schedule for non-public and county nursing facility services for the rating period covering January 1, 2025 through December 31, 2025, incorporated in the capitation rates through a risk-based rate adjustment of up to $1.85 billion.",phase_down_determination,numbered,185000000000.0,1850000000.0,$1.85Billion,102000000000.0,$1.02 Billion,83000000000.0,$0.83 Billion,185000000000.0,risk_based_adjustment,True,False,False,,NF Services,filename says 'PA_Fee_NF_Renewal_20250101-20251231'; document says 'NF Services',,,https://www.medicaid.gov/medicaid/managed-care/downloads/PA_Fee_NF_Renewal_20250101-20251231.pdf,9ec91a635ae4ddb9198970e5d3675339c48287f222321677fa1e29a7e24586f1,2026-09-30T16:56:49Z,,0.1.0
PA_Fee_NF_Renewal_20260101-20261231,PA,Pennsylvania,Fee,FEE,NF,Renewal,Renewal,2026-01-01,2026-12-31,,"Minimum Fee Schedule for nursing facility services for the rating period covering January 1, 2026 through December 31, 2026, incorporated in the capitation rates through a risk-based rate adjustment of up to $1,850,000,000.",phase_down_determination,minimal,,,,,,,,185000000000.0,risk_based_adjustment,False,False,False,not read,,,,,https://www.medicaid.gov/medicaid/managed-care/downloads/PA_Fee_NF_Renewal_20260101-20261231.pdf,340f255b983ba53c9567dc7715138ce66f0fb6182535e5adc89609eb5b27a0ab,2026-09-30T16:56:51Z,,0.1.0
PA_Fee_Oth3_Renewal_ 20240101-20241231,PA,Pennsylvania,Fee,FEE,Oth3,Renewal,Renewal,2024-01-01,2024-12-31,,"The alternative fee schedule for ambulance services owned and operated by the Cities of Pittsburgh and Philadelphia for the rating period covering January 1, 2024 through December 31, 2024, incorporated in the capitation rates through a risk-based rate adjustment.",form_only_no_letter,numbered,3800000000.0,38000000.0,38 million,2400000000.0,$24 million,1400000000.0,$14 million,,,True,False,False,,,,,,https://www.medicaid.gov/medicaid/managed-care/downloads/PA_Fee_Oth3_Renewal_20240101-20241231.pdf,63a7eb006ab8cfceb01c9416e5fa8f671955eec29aa60e26243b06dff77e4e55,2026-09-30T16:56:52Z,,0.1.0
PA_Fee_Oth3_Renewal_20230101-20231231,PA,Pennsylvania,Fee,FEE,Oth3,Renewal,Renewal,2023-01-01,2023-12-31,,"Alternative fee schedule for ambulance services owned and operated by the Cities of Pittsburgh and Philadelphia for the rating period covering January 1, 2023 through December 31, 2023, incorporated in the capitation rates through a risk-based rate adjustment.",approval,numbered,3300000000.0,33000000.0,$33 million,2100000000.0,$21 million,1200000000.0,$12 million,,,True,False,False,,Ambulance,filename says 'PA_Fee_Oth3_Renewal_20230101-20231231'; document says 'Ambulance',,,https://www.medicaid.gov/medicaid/managed-care/downloads/pa-fee-oth3-renewal-20230101-20231231.pdf,b8894628419eec1d127ab213e30af48ef9b6ae46a7a5937fe47e2dacd147511e,2026-09-30T16:56:55Z,,0.1.0
PA_Fee_Oth4_Renewal_20240101-20241231,PA,Pennsylvania,Fee,FEE,Oth4,Renewal,Renewal,2024-01-01,2024-12-31,,"Uniform dollar increase for qualifying private duty nursing services delivered by eligible providers for the rating period covering January 1, 2024 through December 31, 2024, incorporated in the capitation rates through risk-based adjustment.",form_only_no_letter,numbered,4746000000.0,47460000.0,$47.46 million,2563000000.0,$25.63 million,2183000000.0,$21.83 million,,,True,False,False,,PA_Fee_Oth4_Renewal_20240101-20241231,,,,https://www.medicaid.gov/medicaid/managed-care/downloads/PA_Fee_Oth4_Renewal_20240101-20241231.pdf,830c72e121cf4e6b60549820447865436cc1b895ca56e4461dea1eb27b88d37e,2026-09-30T16:56:58Z,,0.1.0
PA_Fee_Oth4_Renewal_20260101-20261231,PA,Pennsylvania,Fee,FEE,Oth4,Renewal,Renewal,2026-01-01,2026-12-31,,"Uniform dollar amount for eligible providers that provide private duty nursing services to members under age 21 for the rating period covering January 1, 2026 through December 31, 2026, incorporated in the capitation rates through a risk-based rate adjustment of up to $1,712,374.",form_only_no_letter,minimal,,,,,,,,,,False,False,False,not read,,,,,https://www.medicaid.gov/medicaid/managed-care/downloads/PA_Fee_Oth4_Renewal_20260101-20261231.pdf,7da5a89197a0a10d8a0e1088d5939dc2a9d9eab640e4ba269acf140641e36c00,2026-09-30T16:57:02Z,,0.1.0
PA_Fee_Oth_Renewal_20240101-20241231,PA,Pennsylvania,Fee,FEE,Oth,Renewal,Renewal,2024-01-01,2024-12-31,,"The minimum fee schedule for providers involved in the Integrated Community Wellness Center (ICWC) for the rating period covering January 1, 2024 through December 31, 2024, incorporated in the capitation rates through a risk-based rate adjustment.",approval,numbered,5800000000.0,58000000.0,"$58,000,000",3800000000.0,"$38,000,000",2000000000.0,"$20,000,000",,,True,False,False,,,,,,https://www.medicaid.gov/medicaid/managed-care/downloads/PA_Fee_Oth_Renewal_20240101-20241231.pdf,0aa455d36fa4dd5370ec4aea1cebdae261938c225234159c0dd2dfd27bb1706e,2026-09-30T16:57:04Z,,0.1.0
PA_Fee_Oth_Renewal_20250101-20251231,PA,Pennsylvania,Fee,FEE,Oth,Renewal,Renewal,2025-01-01,2025-12-31,,"The minimum fee schedule for providers involved in the Integrated Community Wellness Center (ICWC) for the rating period covering January 1, 2025 through December 31, 2025, incorporated in the capitation rates through a risk-based rate adjustment.",form_only_no_letter,numbered,4900000000.0,49000000.0,"$49,000,000",3200000000.0,"$32,000,000",1700000000.0,"$17,000,000",,,True,False,False,,,,,,https://www.medicaid.gov/medicaid/managed-care/downloads/PA_Fee_Oth_Renewal_20250101-20251231.pdf,0da912b9d2ba134bcd5cb4242a5a9cf4ce2e7b6a480d7f378355e740bf6f95ff,2026-09-30T16:57:08Z,,0.1.0
PA_Fee_Oth_Renewal_20260101-20261231,PA,Pennsylvania,Fee,FEE,Oth,Renewal,Renewal,2026-01-01,2026-12-31,,"Minimum Fee Schedule for Integrated Community Wellness Centers for the rating period covering January 1, 2026 through December 31, 2026, incorporated in the capitation rates through a risk-based rate adjustment of up to $49,874,341.00.",form_only_no_letter,minimal,,,,,,,,,,False,False,False,not read,,,,,https://www.medicaid.gov/medicaid/managed-care/downloads/PA_Fee_Oth_Renewal_20260101-20261231.pdf,aa34bcb3fbc4ba1da023b8e5cf296aceb7b909828098017550bf4210280d0eea,2026-09-30T16:57:10Z,,0.1.0
PA_VBP_IPH2_Renewal_20240101-20241231,PA,Pennsylvania,VBP,VBP,IPH2,Renewal,Renewal,2024-01-01,2024-12-31,,"The value-based payment arrangement providing incentive payments to acute care general hospitals that implement Race, Ethnicity, and Language data collection or social risk screening for the rating period covering January 1, 2024 through December 31, 2024, incorporated in the capitation rates through a separate payment term of up to $30 million.",approval,numbered,3000000000.0,30000000.0,$30 Million,2080000000.0,$20.8 Million,920000000.0,$9.2 Million,3000000000.0,separate_payment_term,True,False,False,,PA_VBP_IPH2_Renewal_20240101-20241231,,,,https://www.medicaid.gov/medicaid/managed-care/downloads/PA_VBP_IPH2_Renewal_20240101-20241231.pdf,b48624dc73a22bcbf9af5bcf2762c8d75e961932909713c279eaa158303da6ea,2026-09-30T16:57:13Z,,0.1.0
PA_VBP_IPH2_Renewal_20250101-20271231,PA,Pennsylvania,VBP,VBP,IPH2,Renewal,Renewal,2025-01-01,2027-12-31,,"The value based payment arrangement providing incentive payments to acute care general hospitals established by the state for the rating periods covering January 1, 2025through December 31, 2027, incorporated in the capitation rates through a separate payment term of up to $30 million per annual rating period.",form_only_no_letter,numbered,3000000000.0,30000000.0,$30 Million per year,2070000000.0,$20.7 Million,930000000.0,$9.3 Million,,,True,False,False,,PA_VBP_IPH2_Renewal_20250101-20271231,,,,https://www.medicaid.gov/medicaid/managed-care/downloads/PA_VBP_IPH2_Renewal_20250101-20271231.pdf,c9f5d73c07da56420bf56569a760f7a86014ade2d97a3412c9f1d004893876ce,2026-09-30T16:57:15Z,,0.1.0
PA_VBP_IPH_Renewal_20240101-20241231,PA,Pennsylvania,VBP,VBP,IPH,Renewal,Renewal,2024-01-01,2024-12-31,,"Value-based payment arrangement focused on potentially preventable admissions for private acute care hospitals for the rating period covering January 1, 2024 through December 31, 2024, incorporated in the capitation rates through a separate payment term of up to $45 million.",form_only_no_letter,numbered,4500000000.0,45000000.0,$45 Million,3100000000.0,$31 Million,1400000000.0,$14 Million,,,True,False,False,,PA_VBP_IPH_Renewal_20240101_20241231,filename says 'PA_VBP_IPH_Renewal_20240101-20241231'; document says 'PA_VBP_IPH_Renewal_20240101_20241231',,,https://www.medicaid.gov/medicaid/managed-care/downloads/PA_VBP_IPH_Renewal_20240101-20241231.pdf,b153daa75389a4cd131bc9baaf0b33b885e42e94f3c70250692250458fac3c65,2026-09-30T16:57:16Z,,0.1.0
PA_VBP_IPH_Renewal_20250101-20271231,PA,Pennsylvania,VBP,VBP,IPH,Renewal,Renewal,2025-01-01,2027-12-31,,"Value-based payment arrangement focused on potentially preventable admissions for private acute care hospitals for the rating periods covering January 1, 2025 through December 31, 2027, incorporated in the capitation rates through a separate payment term of up to $45 million per annual rating period.",form_only_no_letter,numbered,4500000000.0,45000000.0,$45 Million per calendar year,3100000000.0,$31 Million,1400000000.0,$14 Million,,,True,False,False,,PA_VBP_IPH_Renewal_20250101-20271231,,,,https://www.medicaid.gov/medicaid/managed-care/downloads/PA_VBP_IPH_Renewal_20250101-20271231.pdf,6c5b32607b81421570602c75a872883e7f70d2e9c890f0672a4799b176f1476e,2026-09-30T16:57:18Z,,0.1.0
PA_VBP_NF2_Amend_20230101-20231231,PA,Pennsylvania,VBP,VBP,NF2,Amend,Amendment,2023-01-01,2023-12-31,,"Value-based purchasing established by the state for eligible nursing facility services for the rating period, January 1, 2023 through December 31, 2023, incorporated into the capitation rates through a separate payment term up to $15,000,000.",form_only_no_letter,numbered,1500000000.0,15000000.0,"15,000,000",780000000.0,"$7,800,000",720000000.0,"$7,200,000",,,False,True,False,no currency symbol or scale word; unit assumed,,,,,https://www.medicaid.gov/medicaid/managed-care/downloads/PA_VBP_NF2_Amend_20230101-20231231.pdf,29519144af56c2849fea497ec3cdd9a8c79fc180e3e39d46e526b8474865a282,2026-09-30T16:57:20Z,,0.1.0
PA_VBP_NF2_Amend_20240101-20241231,PA,Pennsylvania,VBP,VBP,NF2,Amend,Amendment,2024-01-01,2024-12-31,,"Quality Payment/Pay for Performance (Category 2 APM, or similar) and Performance Improvement Initiative for nursing facility services for rating periods covering January1, 2024 through December 31, 2024, incorporated in the capitation rates through a separate payment term amount of up to $15,000,000.",phase_down_determination,minimal,,,,,,,,1500000000.0,separate_payment_term,False,False,False,not read,,,,,https://www.medicaid.gov/medicaid/managed-care/downloads/PA_VBP_NF2_Amend_20240101-20241231.pdf,c70344c8848bb942d995462cb045b351d4c4eda22fdeccdc6ba0902738ac49c0,2026-09-30T16:57:21Z,,0.1.0
PA_VBP_NF2_Amend_20250101-20251231,PA,Pennsylvania,VBP,VBP,NF2,Amend,Amendment,2025-01-01,2025-12-31,,"Quality Payment/Pay for Performance (Category 2 APM, or similar) and Performance Improvement Initiative amendment for nursing facility services for the rating period covering January 1, 2025 through December 31, 2025, incorporated in the capitation rates through a separate payment term amount up to $15,000,000.",phase_down_determination,prose,,,,,,,,1500000000.0,separate_payment_term,False,False,False,not read,,,,,https://www.medicaid.gov/medicaid/managed-care/downloads/PA_VBP_NF2_Amend_20250101-20251231.pdf,f4a2a42c8653d91e04d4dd4a9eb49283f80267967afa443904b7ae0e9aca261d,2026-09-30T16:57:22Z,,0.1.0
PA_VBP_NF2_Renewal_20230101-20231231,PA,Pennsylvania,VBP,VBP,NF2,Renewal,Renewal,2023-01-01,2023-12-31,,"Nursing Facility Quality Incentive established by the state for the rating period covering January 1, 2023 through December 31, 2023, incorporated in the capitation rates through a separate payment term of up to $15 million.",approval,numbered,1500000000.0,15000000.0,"15,000,000",780000000.0,"$7,800,000",720000000.0,"$7,200,000",1500000000.0,separate_payment_term,False,True,False,no currency symbol or scale word; unit assumed,,,,,https://www.medicaid.gov/medicaid/managed-care/downloads/pa-vbp-nf2-renewal-20230101-20231231.pdf,686ff38885013c315057dc743cadb78fd6eed58bfa6c157a96f845f2355a999e,2026-09-30T16:57:24Z,,0.1.0
PA_VBP_NF2_Renewal_20240101-20241231,PA,Pennsylvania,VBP,VBP,NF2,Renewal,Renewal,2024-01-01,2024-12-31,,"Value-based purchasing established by the state for eligible nursing facility services for the rating period, January 1, 2024 through December 31, 2024, incorporated into the capitation rates through a separate payment term up to $15,000,000.",form_only_no_letter,numbered,1500000000.0,15000000.0,"$15,000,000",780000000.0,"$7,800,000",720000000.0,"$7,200,000",,,True,False,False,,,,,,https://www.medicaid.gov/medicaid/managed-care/downloads/PA_VBP_NF2_Renewal_20240101-20241231.pdf,95769fe3df1b443c47306591874f43d4f26bd7f3043ee172e99c7cb22bbf8ee8,2026-09-30T16:57:25Z,,0.1.0
PA_VBP_NF2_Renewal_20250101-20251231,PA,Pennsylvania,VBP,VBP,NF2,Renewal,Renewal,2025-01-01,2025-12-31,,"Value-based purchasing established by the state for eligible nursing facility services for the rating period, January 1, 2025 through December 31, 2025, incorporated into the capitation rates through a separate payment term up to $15,000,000.",phase_down_determination,numbered,1500000000.0,15000000.0,$15.00 million,826000000.0,$8.26 million,674000000.0,$6.74 million,1500000000.0,separate_payment_term,True,False,False,,,,,,https://www.medicaid.gov/medicaid/managed-care/downloads/PA_VBP_NF2_Renewal_20250101-20251231.pdf,3474b8b023276ee586655d5ffec40954ee9bc26dd02eae8ab6d3916b5063a566,2026-09-30T16:57:26Z,,0.1.0
PA_VBP_NF2_Renewal_20260101-20261231,PA,Pennsylvania,VBP,VBP,NF2,Renewal,Renewal,2026-01-01,2026-12-31,,"Quality Payment/Pay for Performance (Category 2 APM, or similar) and Performance Improvement Initiative for nursing facility services for rating periods covering January1, 2026 through December 31, 2026, incorporated in the capitation rates through a separate payment term amount of up to $15,000,000.",phase_down_determination,minimal,,,,,,,,1500000000.0,separate_payment_term,False,False,False,not read,,,,,https://www.medicaid.gov/medicaid/managed-care/downloads/PA_VBP_NF2_Renewal_20260101-20261231.pdf,b07bbd594efc0644f5c86dac9bc9b1691b3b33be179d07fa500c6c9c6b888cb0,2026-09-30T16:57:28Z,,0.1.0
PA_VBP_OPH_Amend_20230101-20231231,PA,Pennsylvania,VBP,VBP,OPH,Amend,Amendment,2023-01-01,2023-12-31,,"The value-based payment arrangement for opioid use disorder for private acute care hospitals for the rating period covering January 1, 2023 through December 31, 2023, incorporated into the capitation rates through a separate payment term up to $35 million.",form_only_no_letter,numbered,3500000000.0,35000000.0,$35 million,2380000000.0,$ 23.8 million,1120000000.0,$11.2 million,,,True,False,False,,,,,,https://www.medicaid.gov/medicaid/managed-care/downloads/PA_VBP_OPH_Amend_20230101-20231231.pdf,60b257f86b7042c084cb1b04f8a131d062f018ab7bf096a698f42f04d0e7b912,2026-09-30T16:57:29Z,,0.1.0
PA_VBP_OPH_Amend_20240101-20241231,PA,Pennsylvania,VBP,VBP,OPH,Amend,Amendment,2024-01-01,2024-12-31,,"Value-based payment arrangement for opioid use disorder for private acute care hospitals for the rating period covering January 1, 2024 through December 31, 2024, incorporated in the capitation rates through a separate payment term of up to $35 million.",form_only_no_letter,numbered,3500000000.0,35000000.0,$35 Million,2410000000.0,$24.1 Million,1090000000.0,$10.9 Million,,,True,False,False,,,,,,https://www.medicaid.gov/medicaid/managed-care/downloads/PA_VBP_OPH_Amend_20240101-20241231.pdf,7939da3a3630392da41aada34941417fab40c1d3ac4e476b852455999aff205f,2026-09-30T16:57:31Z,,0.1.0
PA_VBP_OPH_Renewal_20230101-20231231,PA,Pennsylvania,VBP,VBP,OPH,Renewal,Renewal,2023-01-01,2023-12-31,,"Value-based payment arrangement for opioid use disorder for private acute care hospitals for the rating period covering January 1, 2023 through December 31, 2023, incorporated in the capitation rates through a separate payment term of up to $35 million.",approval,numbered,3500000000.0,35000000.0,$35 million,2380000000.0,$ 23.8 million,1120000000.0,$11.2 million,3500000000.0,separate_payment_term,True,False,False,,HQIP OUDED,filename says 'PA_VBP_OPH_Renewal_20230101-20231231'; document says 'HQIP OUDED',,,https://www.medicaid.gov/medicaid/managed-care/downloads/pa-vbp-oph-renewal-20230101-20231231.pdf,33f442c0908b386753751c6b565305a58b12ddbb68d4b3fe0d4476ca4af59c6b,2026-09-30T16:57:32Z,,0.1.0
PA_VBP_OPH_Renewal_20240101-20241231,PA,Pennsylvania,VBP,VBP,OPH,Renewal,Renewal,2024-01-01,2024-12-31,,"Value-based payment arrangement for opioid use disorder for private acute care hospitals for the rating period covering January 1, 2024 through December 31, 2024, incorporated in the capitation rates through a separate payment term of up to $35 million.",form_only_no_letter,numbered,3500000000.0,35000000.0,$35 Million,2410000000.0,$24.1 Million,1090000000.0,$10.9 Million,,,True,False,False,,,,,,https://www.medicaid.gov/medicaid/managed-care/downloads/PA_VBP_OPH_Renewal_20240101-20241231.pdf,a6305093eff18447e881b802327ae03e5cff0f3e1acff43063e433a7e84274e8,2026-09-30T16:57:34Z,,0.1.0
PA_VBP_OPH_Renewal_20250101-20271231,PA,Pennsylvania,VBP,VBP,OPH,Renewal,Renewal,2025-01-01,2027-12-31,,"Value-based payment arrangement for opioid use disorder for private acute care hospitals for the rating period covering January 1, 2025 through December 31, 2027, incorporated in the capitation rates through a separate payment term of up to $35 million per annual rating period.",form_only_no_letter,numbered,3500000000.0,35000000.0,$35 Million per year,2410000000.0,$24.1 Million,1090000000.0,$10.9 Million,,,True,False,False,,PA_VBP_OPH_Renewal_20250101-20251231,filename says 'PA_VBP_OPH_Renewal_20250101-20271231'; document says 'PA_VBP_OPH_Renewal_20250101-20251231',,,https://www.medicaid.gov/medicaid/managed-care/downloads/PA_VBP_OPH_Renewal_20250101-20271231.pdf,8ae25dd4d014e6b7472a51cfa1ff8af49d5f826ec28e804c7072db7102d25600,2026-09-30T16:57:35Z,,0.1.0
PR_Fee_D_Renewal_20230101-20230930,PR,Puerto Rico,Fee,FEE,D,Renewal,Renewal,2023-01-01,2023-09-30,,"Minimum fee schedule established by Puerto Rico for dental services for the rating period covering January 1, 2023 through September 30, 2023 incorporated in the capitation rates through a risk-based rate adjustment.",approval,numbered,132700000.0,1327000.0,"$1,327,000",94700000.0,"$947,000",38000000.0,"$380,000",,,True,False,False,,,,,,https://www.medicaid.gov/medicaid/managed-care/downloads/pr-fee-d-renewal-20230101-20230930.pdf,7eeba5ede158f73d27c4440d8343483206fd986ed8dc03b3cb25e218833c28c2,2026-09-30T16:57:36Z,,0.1.0
PR_Fee_D_Renewal_20231001-20240930,PR,Puerto Rico,Fee,FEE,D,Renewal,Renewal,2023-10-01,2024-09-30,,"Minimum fee schedule established by the state for dental services for the rating period covering October 1, 2023 through September 30, 2024 incorporated in the capitation rates through a risk-based rate adjustment.",form_only_no_letter,numbered,1030000000.0,10300000.0,"$10,300,000",860000000.0,"$8,600,000",170000000.0,"$1,700,000",,,True,False,False,,,,,,https://www.medicaid.gov/medicaid/managed-care/downloads/PR_Fee_D_Renewal_20231001-20240930.pdf,1199a64d66e7f0f5835bec7515d3cc9f8cecf058f85fc48a36bb31130e0d6974,2026-09-30T16:57:38Z,,0.1.0
PR_Fee_D_Renewal_20241001-20250930,PR,Puerto Rico,Fee,FEE,D,Renewal,Renewal,2024-10-01,2025-09-30,,"Minimum fee schedule established by the state for dental services for the rating period, October 1, 2024 through September 30, 2025, incorporated into the capitation rates through a risk-based rate adjustment.",form_only_no_letter,numbered,807022800.0,8070228.0,"$8,070,228",671178400.0,"$6,711,784",135844400.0,"$1,358,444",,,True,False,False,,PR_Fee_D_Renewal_20241001-20250930,,,,https://www.medicaid.gov/medicaid/managed-care/downloads/PR_Fee_D_Renewal_20241001-20250930.pdf,2207af8bf979a159ec779fd1adc0b750edabfa94e79e54d999e76f96faa885ec,2026-09-30T16:57:39Z,,0.1.0
PR_Fee_IPH_Amend_20231001-20240930,PR,Puerto Rico,Fee,FEE,IPH,Amend,Amendment,2023-10-01,2024-09-30,,"Uniform dollar increase for inpatient hospital services at qualifying short-term acute care (STAC) hospitals for the rating period covering October 1, 2023 through September 30, 2024 incorporated in the capitation rates through a separate payment term of up to $135,978,450.",form_only_no_letter,numbered,13597845000.0,135978450.0,"$135,978,450",10334362200.0,"$103,343,622",3263482800.0,"$32,634,828",,,True,False,False,,,,,,https://www.medicaid.gov/medicaid/managed-care/downloads/PR_Fee_IPH_Amend_20231001-20240930.pdf,e1d45999d83f639a7c4a9ba70773c6495555e47f95dcb7ceb8c3bc0b27ca3c30,2026-09-30T16:57:41Z,,0.1.0
PR_Fee_IPH_Amend_20251001-20260930,PR,Puerto Rico,Fee,FEE,IPH,Amend,Amendment,2025-10-01,2026-09-30,,"Uniform Dollar Increase for inpatient hospital services for the rating period covering October 1, 2025 through September 30, 2026, incorporated in the capitation rates through a separate payment term amount up to $76,100,308.",form_only_no_letter,prose,,,,,,,,,,False,False,False,not read,,,,,https://www.medicaid.gov/medicaid/managed-care/downloads/PR_Fee_IPH_Amend_20251001-20260930.pdf,387103d2a6441768531321ba8e785d7e774432aac532126a58bccd2614d554ab,2026-09-30T16:57:42Z,,0.1.0
PR_Fee_IPH_Renewal_20230101-20230930,PR,Puerto Rico,Fee,FEE,IPH,Renewal,Renewal,2023-01-01,2023-09-30,,"Uniform dollar increase for inpatient hospital services at qualifying short-term acute care (STAC) hospitals for the rating period covering January 1, 2023 through September 30, 2023 incorporated in the capitation rates through a separate payment term of up to $77,233,837",approval,numbered,7723383700.0,77233837.0,"$77,233,837",5533150100.0,"$55,331,501",2190233600.0,"$21,902,336",7723383700.0,separate_payment_term,True,False,False,,,,,,https://www.medicaid.gov/medicaid/managed-care/downloads/pr-fee-iph-renewal-20230101-202300930.pdf,505f84121eb5bcec1896453a0e36df1cbca429c4273e14e6448f9bd9f8fe4c73,2026-09-30T16:57:44Z,,0.1.0
PR_Fee_IPH_Renewal_20231001-20240930,PR,Puerto Rico,Fee,FEE,IPH,Renewal,Renewal,2023-10-01,2024-09-30,,"Uniform dollar increase for inpatient hospital services at qualifying short-term acute care (STAC) hospitals for the rating period covering October 1, 2023 through September 30, 2024 incorporated in the capitation rates through a separate payment term of up to $102,978,450.",approval,numbered,10297845000.0,102978450.0,"$102,978,450",7865190100.0,"$78,651,901",2432654900.0,"$24,326,549",10297845000.0,separate_payment_term,True,False,False,,,,,,https://www.medicaid.gov/medicaid/managed-care/downloads/PR_Fee_IPH_Renewal_20231001-20240930.pdf,dd7d734b13e352a994bd1baeb0abc0054ce7c5bf2edfe9637334eaf4b93be510,2026-09-30T16:57:45Z,,0.1.0
PR_Fee_IPH_Renewal_20241001-20250930,PR,Puerto Rico,Fee,FEE,IPH,Renewal,Renewal,2024-10-01,2025-09-30,,"Uniform dollar increase established by the state for inpatient hospital services for the rating period, October 1, 2024 through September 30, 2025, incorporated into the capitation rates through a separate payment term up of to $123,350,308.",form_only_no_letter,numbered,12335030800.0,123350308.0,"$123,350,308",10614294000.0,"$106,142,940",1720796800.0,"$17,207,968",,,True,False,False,,PR_Fee_IPH_Renewal_20241001-20250930,,,,https://www.medicaid.gov/medicaid/managed-care/downloads/PR_Fee_IPH_Renewal_20241001-20250930.pdf,d6ccdadc1e16b768549f64cfe01c42e93e8f298005027a58f9e1bd8f8e1aecb3,2026-09-30T16:57:46Z,,0.1.0
PR_Fee_IPH_Renewal_20251001-20260930,PR,Puerto Rico,Fee,FEE,IPH,Renewal,Renewal,2025-10-01,2026-09-30,,"Uniform Dollar Increase for inpatient hospital services for the rating period covering October 1, 2025 through September 30, 2026, incorporated in the capitation rates through a separate payment term amount up to $123,350,308.",phase_down_determination,minimal,,,,,,,,12335030800.0,separate_payment_term,False,False,False,not read,,,,,https://www.medicaid.gov/medicaid/managed-care/downloads/PR_Fee_IPH_Renewal_20251001-20260930.pdf,b247da94773464a8bb1461eaedbb267d4f70cfa0835bfc2729d71799ba293e55,2026-09-30T16:57:48Z,,0.1.0
PR_Fee_Oth_new_20231001-20240930,PR,Puerto Rico,Fee,FEE,Oth,new,New,2023-10-01,2024-09-30,,"Minimum Fee Schedule for professional and facility urgent care centers (CDTs) established by the state for the rating period, October 1, 2023 through September 30, 2024, incorporated into the capitation rates through a risk-based adjustment.",form_only_no_letter,numbered,1063600000.0,10636000.0,"$10,636,000",817300000.0,"$8,173,000",246300000.0,"$2,463,000",,,True,False,False,,,,,,https://www.medicaid.gov/medicaid/managed-care/downloads/PR_Fee_Oth_new_20231001-20240930.pdf,dbedd933348709dbfccaa1b0008d10b1bd36d07ccbaa00606db433439771857c,2026-09-30T16:57:49Z,,0.1.0
PR_Fee_PC1_Amend2_20231001-20240930,PR,Puerto Rico,Fee,FEE,PC1,Amend2,Amendment,2023-10-01,2024-09-30,,"Minimum fee schedule established by the state for primary care services and laboratory services that are covered at 100% of Medicare consistent with the requirements of the Consolidated Appropriations Act of 2023 for the rating period covering October 1, 2023through September 30, 2024 incorporated in the capitation rates through a risk-based adjustment.",form_only_no_letter,numbered,4102700000.0,41027000.0,"$41,027,000",3118100000.0,"$31,181,000",984600000.0,"$9,846,000",,,True,False,False,,,,,,https://www.medicaid.gov/medicaid/managed-care/downloads/PR_Fee_PC1_Amend2_20231001-20240930.pdf,50cfbd10333ee9dc1c69bde5cf77cff47cf4ff5e81cd432c37403d4cb484a7a9,2026-09-30T16:57:51Z,,0.1.0
PR_Fee_PC1_Amend_20231001-20240930,PR,Puerto Rico,Fee,FEE,PC1,Amend,Amendment,2023-10-01,2024-09-30,,"Minimum fee schedule established by the state for primary care services and laboratory services that are covered at 75% of Medicare consistent with the requirements of the Consolidated Appropriations Act of 2023 for the rating period covering October 1, 2023through September 30, 2024 incorporated in the capitation rates through a risk-based adjustment.",form_only_no_letter,numbered,1980000000.0,19800000.0,"$19,800,000",1505000000.0,"$15,050,000",475000000.0,"$4,750,000",,,True,False,False,,,,,,https://www.medicaid.gov/medicaid/managed-care/downloads/PR_Fee_PC1_Amend_20231001-20240930.pdf,7e9b25f9516fc771e935c5077b078d06f8e3a7a7861d5654c0d1e487115078a4,2026-09-30T16:57:52Z,,0.1.0
PR_Fee_PC1_Renewal_20230101-20230930,PR,Puerto Rico,Fee,FEE,PC1,Renewal,Renewal,2023-01-01,2023-09-30,,"Minimum fee schedule established by the state for primary care services that are covered at 75% of Medicare consistent with the requirements of the Consolidated Appropriations Act of 2023 for the rating periods covering January 1, 2023 through September 30, 2023, incorporated in the capitation rates through a risk-based rate adjustment.",approval,numbered,303000000.0,3030000.0,"$3,030,000",244100000.0,"$2,441,000",58900000.0,"$589,000",,,True,False,False,,,,,,https://www.medicaid.gov/medicaid/managed-care/downloads/PR_Fee_PC1_Renewal_20230101-20230930.pdf,ad4d4d5b2b65f6d37bf5102b7c5b54601f30aa6e3b0feb666c7bd3c4c846998c,2026-09-30T16:57:53Z,,0.1.0
PR_Fee_PC1_Renewal_20231001-20240930,PR,Puerto Rico,Fee,FEE,PC1,Renewal,Renewal,2023-10-01,2024-09-30,,"Minimum fee schedule established by the state for primary care services that are covered at 75% of Medicare consistent with the requirements of the Consolidated Appropriations Act of 2023 for the rating period covering October 1, 2023 through September 30, 2024 incorporated in the capitation rates through a risk-based adjustment.",form_only_no_letter,numbered,1330000000.0,13300000.0,"$13,300,000",1020000000.0,"$10,200,000",310000000.0,"$3,100,000",,,True,False,False,,,,,,https://www.medicaid.gov/medicaid/managed-care/downloads/PR_Fee_PC1_Renewal_20231001-20240930.pdf,d1b46febcd5d865210dd11b1b972ffeb89638b436379c669b179a2e5cca21eb9,2026-09-30T16:57:55Z,,0.1.0
PR_Fee_PC_Renewal_20230101-202300930,PR,Puerto Rico,Fee,FEE,PC,Renewal,Renewal,2023-01-01,,,"Uniform increase established by the state for eligible primary care services for the rating period covering January 1, 2023 through September 30, 2023 incorporated in the capitation rates through a risk-based adjustment.",approval,numbered,20602000000.0,206020000.0,"$206,020,000",14762100000.0,"$147,621,000",5839900000.0,"$58,399,000",,,True,False,False,,,,"date has 9 digits, expected 8","date has 9 digits, expected 8",https://www.medicaid.gov/medicaid/managed-care/downloads/pr-fee-pc-renewal-20230101-202300930.pdf,e9599dec2fdaa21d72b426f45d7ef265255b985257c6c0b6981ffe393566403d,2026-09-30T16:57:56Z,,0.1.0
PR_Fee_PC_Renewal_20231001-20240930,PR,Puerto Rico,Fee,FEE,PC,Renewal,Renewal,2023-10-01,2024-09-30,,"Minimum fee schedule established by the state for eligible primary care services for the rating period covering October 1, 2023 through September 30, 2024 incorporated in the capitation rates through a risk-based adjustment.",form_only_no_letter,numbered,27210000000.0,272100000.0,"$272,100,000",22640000000.0,"$226,400,000",4560000000.0,"$45,600,000",,,True,False,False,,,,,,https://www.medicaid.gov/medicaid/managed-care/downloads/PR_Fee_PC_Renewal_20231001-20240930.pdf,555cbde57aea204e2569073648a481de17adc949d6bb26d81a0d596315b2b879,2026-09-30T16:57:58Z,,0.1.0
PR_Fee_PC_Renewal_20241001-20250930,PR,Puerto Rico,Fee,FEE,PC,Renewal,Renewal,2024-10-01,2025-09-30,,"Population-based payment established by the state for primary care services for the rating period, October 1, 2024 through September 30, 2025, incorporated into the capitation rates through a risk-based rate adjustment.",form_only_no_letter,numbered,503186100.0,5031861.0,"$5,031,861",416469200.0,"$4,164,692",86716900.0,"$867,169",,,True,False,False,,PR_Fee_PC_Renewal_20241001-20250930,,,,https://www.medicaid.gov/medicaid/managed-care/downloads/PR_Fee_PC_Renewal_20241001-20250930.pdf,5ddde5e7aa456250fcb91b76694fcfbf68c2a13cf68388d399d3bc9e5bf07b10,2026-09-30T16:57:59Z,,0.1.0
PR_Fee_SP.BHO_Amend_20231001-20240930,PR,Puerto Rico,Fee,FEE,SP.BHO,Amend,Amendment,2023-10-01,2024-09-30,,Minimum fee schedule established by the state for eligible specialty physician services that are covered at 100% of Medicare and eligible behavioral health outpatient services that are covered at 80% of Medicare consistent with the requirements of the,form_only_no_letter,numbered,5592850000.0,55928500.0,"$55,928,500",4250600000.0,"$42,506,000",1342250000.0,"$13,422,500",,,True,False,False,,,,,,https://www.medicaid.gov/medicaid/managed-care/downloads/PR_Fee_SP.BHO_Amend_20231001-20240930.pdf,07b365d2565eb3abaec8ebf5569575e5533c4580114493594875779940025067,2026-09-30T16:58:00Z,,0.1.0
PR_Fee_SP.BHO_Renewal_20230101-20230930,PR,Puerto Rico,Fee,FEE,SP.BHO,Renewal,Renewal,2023-01-01,2023-09-30,,"Minimum fee schedules for specialty physician services and behavioral health outpatient services for the rating periods covering January 1, 2023 through September 30, 2023 incorporated in the capitation rates through a risk-based rate adjustment.",approval,numbered,3442300000.0,34423000.0,"$34,423,000",2457200000.0,"$24,572,000",985100000.0,"$9,851,000",,,True,False,False,,,,,,https://www.medicaid.gov/medicaid/managed-care/downloads/PR_Fee_SP.BHO_Renewal_20230101-20230930.pdf,b3e90a8a27b84407b646b96a92288f12b2a35d4b7434c3b738a4564dc279c71b,2026-09-30T16:58:02Z,,0.1.0
PR_Fee_SP.BHO_Renewal_20241001-20250930,PR,Puerto Rico,Fee,FEE,SP.BHO,Renewal,Renewal,2024-10-01,2025-09-30,,"Minimum fee schedule established by the state for specialty physician services and behavioral health outpatient services for the rating period, October 1, 2024 through September 30, 2025, incorporated into the capitation rates through a risk-based rate adjustment.",form_only_no_letter,numbered,1744056400.0,17440564.0,"$17,440,564",1436675100.0,"$14,366,751",307381300.0,"$3,073,813",,,True,False,False,,PR_Fee_SP.BHO_Renewal_20241001-20250930,,,,https://www.medicaid.gov/medicaid/managed-care/downloads/PR_Fee_SP.BHO_Renewal_20241001-20250930.pdf,07b82850a2b07d29d4c3e9f6810ccdb234596d7b88c30518f75c6c6014644243,2026-09-30T16:58:03Z,,0.1.0
RI_Fee_HCBS1_Renewal_20230701-20240630,RI,Rhode Island,Fee,FEE,HCBS1,Renewal,Renewal,2023-07-01,2024-06-30,,"Uniform increase established by the state for personal care and combined personal care/ homemaker services for the rating period covering July 1, 2023 through June 30, 2024, incorporated in the capitation rates through a risk-based rate adjustment.",approval,numbered,32800000.0,328000.0,"328,000",17800000.0,"178,000",15000000.0,"150,000",,,False,True,False,no currency symbol or scale word; unit assumed,,,,,https://www.medicaid.gov/medicaid/managed-care/downloads/RI_Fee_HCBS1_Renewal_20230701-20240630.pdf,679e19f3ab80eb1aeab6a62e17a87a8e103da1aa79fadd53822074dcd627595b,2026-09-30T16:58:04Z,,0.1.0
RI_Fee_HCBS1_Renewal_20240701-20250630,RI,Rhode Island,Fee,FEE,HCBS1,Renewal,Renewal,2024-07-01,2025-06-30,,"Uniform increase established by the state for personal care and combined personal care/homemaker services for the rating period covering July 1, 2024 through June 30, 2025, incorporated into the capitation rates through a risk-based rate adjustment.",form_only_no_letter,numbered,29100000.0,291000.0,"$291,000",16300000.0,"$163,000",12800000.0,"$128,000",,,True,False,False,,,,,,https://www.medicaid.gov/medicaid/managed-care/downloads/RI_Fee_HCBS1_Renewal_20240701-20250630.pdf,1e1dbde02701a7239b4416c1554d5929e8c84224d6d25a25489051a609c76129,2026-09-30T16:58:06Z,,0.1.0
RI_Fee_HCBS2_Renewal_20220701-20230630,RI,Rhode Island,Fee,FEE,HCBS2,Renewal,Renewal,2022-07-01,2023-06-30,,"Uniform increase established by the state for personal care and combined personal care/ homemaker services for the rating period covering July 1, 2022 through June 30, 2023, incorporated in the capitation rates through a risk-based rate adjustment.",approval,numbered,6100000.0,61000.0,"$61,000",3500000.0,"$35,000",2600000.0,"$26,000",,,True,False,False,,,,,,https://www.medicaid.gov/medicaid/managed-care/downloads/RI_Fee_HCBS2_Renewal_20220701-20230630.pdf,ce1206733aadada44c47c748776bf1f0fa04d52f1468c37858a9d2ffb4d9827a,2026-09-30T16:58:07Z,,0.1.0
RI_Fee_HCBS2_Renewal_20230701-20240630,RI,Rhode Island,Fee,FEE,HCBS2,Renewal,Renewal,2023-07-01,2024-06-30,,"Uniform increase established by the state for personal care and combined personal care/ homemaker services for the rating period covering July 1, 2023 through June 30, 2024, incorporated in the capitation rates through a risk-based rate adjustment.",approval,numbered,7000000.0,70000.0,"$70,000",4245000.0,"$42,450",2755000.0,"$27,550",,,True,False,False,,,,,,https://www.medicaid.gov/medicaid/managed-care/downloads/RI_Fee_HCBS2_Renewal_20230701-20240630.pdf,414e8525bfe823e224e797448d5b002b608339b84723f8776044919866c717f5,2026-09-30T16:58:09Z,,0.1.0
RI_Fee_HCBS2_Renewal_20240701-20250630,RI,Rhode Island,Fee,FEE,HCBS2,Renewal,Renewal,2024-07-01,2025-06-30,,"Uniform increase established by the state for personal care and combined personal care/homemaker services for the rating period covering July 1, 2024 through June 30, 2025, incorporated into the capitation rates through a risk-based rate adjustment.",form_only_no_letter,numbered,10000000.0,100000.0,"$100,000",5000000.0,"$50,000",5000000.0,"$50,000",,,True,False,False,,,,,,https://www.medicaid.gov/medicaid/managed-care/downloads/RI_Fee_HCBS2_Renewal_20240701-20250630.pdf,6af300c5e584c8f102ef6731c11550f90ee9044fecb39928b51a322f00d1c4f2,2026-09-30T16:58:10Z,,0.1.0
RI_Fee_HCBS_Renewal_20230701-20240630,RI,Rhode Island,Fee,FEE,HCBS,Renewal,Renewal,2023-07-01,2024-06-30,,"Uniform increase for all contracted home care agencies providing homemaker and CAN services for the rating period covering July 1, 2023 through June 30, 2024, incorporated into the capitation rates through a risk-based rate adjustment or through a separate payment term up to $3,750,000.",form_only_no_letter,numbered,375000000.0,3750000.0,"$3,750,000",205312500.0,"$2,053,125",169687500.0,"$1,696,875",,,True,False,False,,,,,,https://www.medicaid.gov/medicaid/managed-care/downloads/RI_Fee_HCBS_Renewal_20230701-20240630.pdf,c02eba8d6b907caf3c54199aa9868d1eec13164ce51405628b5ed9de63912c95,2026-09-30T16:58:12Z,,0.1.0
RI_Fee_IPH.OPH_New_20230701-20240630,RI,Rhode Island,Fee,FEE,IPH.OPH,New,New,2023-07-01,2024-06-30,,"Uniform increase established by the state for eligible inpatient and outpatient hospital services, for the rating period covering July 1, 2023 through June 30, 2024, incorporated in the capitation rates through a separate payment term of up to $287,927,025.",form_only_no_letter,numbered,28792702500.0,287927025.0,"$287,927,025",19949542800.0,"$199,495,428",8843159800.0,"$88,431,598",,,True,False,False,,,,,,https://www.medicaid.gov/medicaid/managed-care/downloads/RI_Fee_IPH.OPH_New_20230701-20240630.pdf,719e9d10b9379e4dcd51315e559a60a67daa099ec9a9fb26c77d2ee1c24e26e0,2026-09-30T16:58:13Z,,0.1.0
RI_Fee_IPH.OPH_Renewal_20240701-20250630,RI,Rhode Island,Fee,FEE,IPH.OPH,Renewal,Renewal,2024-07-01,2025-06-30,,"Uniform increase established by the state for eligible inpatient and outpatient hospital services, for the rating period July 1, 2024 through June 30, 2025, incorporated into the capitation rates through a separate payment term of up to $281,032,815.",form_only_no_letter,numbered,28103281500.0,281032815.0,"$281,032,815",18812137900.0,"$188,121,379",9291143600.0,"$92,911,436",,,True,False,False,,,,,,https://www.medicaid.gov/medicaid/managed-care/downloads/RI_Fee_IPH.OPH_Renewal_20240701-20250630.pdf,1f4829a664cd7c157e121993dcfea1273c090f439fbc2360365a42f50f1a2c8e,2026-09-30T16:58:14Z,,0.1.0
RI_Fee_IPH.OPH_Renewal_20250701-20260630,RI,Rhode Island,Fee,FEE,IPH.OPH,Renewal,Renewal,2025-07-01,2026-06-30,,"Uniform increase established by the state for eligible inpatient and outpatient hospital services, for the rating period July 1, 2025 through June 30, 2026, incorporated into the capitation rates through a separate payment term of up to $324,718,048.",phase_down_determination,numbered,32471804800.0,324718048.0,"$324,718,048",22723343400.0,"$227,233,434",9748461400.0,"$97,484,614",32471804800.0,separate_payment_term,True,False,False,,,,,,https://www.medicaid.gov/medicaid/managed-care/downloads/RI_Fee_IPH.OPH_Renewal_20250701-20260630.pdf,a73296f986c62bdccd12a3005cbdb1d64b01d6d1ec058b4eb7eac20cec2541c4,2026-09-30T16:58:15Z,,0.1.0
RI_Fee_IPH3_New_20220701-20230630,RI,Rhode Island,Fee,FEE,IPH3,New,New,2022-07-01,2023-06-30,,"Uniform increase established by the state for inpatient labor and delivery services for the rating period covering July 1, 2022 through June 30, 2023, incorporated in the capitation rates through a risk-based rate adjustment.",approval,numbered,590000000.0,5900000.0,"5,900,000",350000000.0,"3,500,000",240000000.0,"2,400,000",,,False,True,False,no currency symbol or scale word; unit assumed,,,,,https://www.medicaid.gov/medicaid/managed-care/downloads/RI_Fee_IPH3_New_20220701-20230630.pdf,eb6609b6c224792cdd1b89d6ce3219684f9afa7442f9bb5c6be2f53a7b421819,2026-09-30T16:58:17Z,,0.1.0
RI_Fee_IPH4_Amend_20240701-20251231,RI,Rhode Island,Fee,FEE,IPH4,Amend,Amendment,2024-07-01,2025-12-31,,"Uniform percentage increase of 2.9% per claim for inpatient hospital services for rating period covering July 1, 2024, through December 31, 2025, incorporated in the capitation rates through a risk-based rate adjustment of up to $93,384.",phase_down_determination,numbered,9338400.0,93384.0,"$93,384",5341700.0,"$53,417",3996700.0,"$39,967",9338400.0,risk_based_adjustment,True,False,False,,,,,,https://www.medicaid.gov/medicaid/managed-care/downloads/RI_Fee_IPH4_Amend_20240701-20251231.pdf,d9808434790aa6c4b6159c49f4f8cdff81ab6f4e52e542e788b00d753be5ea79,2026-09-30T16:58:18Z,,0.1.0
RI_Fee_IPH4_Renewal_20220701-20230630,RI,Rhode Island,Fee,FEE,IPH4,Renewal,Renewal,2022-07-01,2023-06-30,,"Uniform increase established by the state for all hospitals participating in the Rhode Island Medicaid Program, as defined in RIGL 40-8-13.4, for inpatient hospital services for the rating period covering July 1, 2022 through June 30, 2023, incorporated in the capitation rates through a risk-based rate adjustment.",approval,numbered,18400000.0,184000.0,"$ 184,000",10000000.0,"100,000",8400000.0,"84,000",,,True,False,False,,,,,,https://www.medicaid.gov/medicaid/managed-care/downloads/RI_Fee_IPH4_Renewal_20220701-20230630.pdf,45ec939ebf53b65aa83a229449bd75aa102254a4689c0962db2c46a928c75ffd,2026-09-30T16:58:19Z,,0.1.0
RI_Fee_IPH4_Renewal_20230701-20240630,RI,Rhode Island,Fee,FEE,IPH4,Renewal,Renewal,2023-07-01,2024-06-30,,"Uniform increase established by the state for all hospitals participating in the Rhode Island Medicaid Program, as defined in RIGL 40-8-13.4, for inpatient hospital services for the rating period covering July 1, 2023 through June 30, 2024, incorporated in the capitation rates through a risk-based rate adjustment.",approval,numbered,10000000.0,100000.0,"$100,000",5575000.0,"$55,750",4425000.0,"$44,250",,,True,False,False,,,,,,https://www.medicaid.gov/medicaid/managed-care/downloads/RI_Fee_IPH4_Renewal_20230701-20240630.pdf,70967f837a49409ce1d00e48ec09e2bbb7e4e3a52940d8ba228166aebfcac353,2026-09-30T16:58:21Z,,0.1.0
RI_Fee_IPH4_Renewal_20240701-20250630,RI,Rhode Island,Fee,FEE,IPH4,Renewal,Renewal,2024-07-01,2025-06-30,,"Uniform increase established by the state for inpatient hospital services for the rating period covering July 1, 2024 through June 30, 2025, incorporated into the capitation rates through a risk-based rate adjustment.",form_only_no_letter,numbered,14400000.0,144000.0,"$144,000",8000000.0,"$80,000",6400000.0,"$64,000",,,True,False,False,,,,,,https://www.medicaid.gov/medicaid/managed-care/downloads/RI_Fee_IPH4_Renewal_20240701-20250630.pdf,3329b37a1d6084826188f9224e23403e2fe5a94a7338624eb10c7bfd496455ec,2026-09-30T16:58:22Z,,0.1.0
RI_Fee_IPH_Renewal_20220701-20230630,RI,Rhode Island,Fee,FEE,IPH,Renewal,Renewal,2022-07-01,2023-06-30,,"Uniform increase established by the state for all hospitals participating in the Rhode Island Medicaid Program, as defined in RIGL 40-8-13.4, for inpatient hospital services for the rating period covering July 1, 2022 through June 30, 2023, incorporated in the capitation rates through a risk-based rate adjustment.",approval,numbered,1960000000.0,19600000.0,"$19,600,000",1360000000.0,"$13,600,000",600000000.0,"$6,000,000",,,True,False,False,,,,,,https://www.medicaid.gov/medicaid/managed-care/downloads/RI_Fee_IPH_Renewal_20220701-20230630.pdf,9ef55334e947a94f61bc77abc83e5aae1f12157ea83337feb3e8b928a9db872b,2026-09-30T16:58:23Z,,0.1.0
RI_Fee_IPH_Renewal_20230701-20240630,RI,Rhode Island,Fee,FEE,IPH,Renewal,Renewal,2023-07-01,2024-06-30,,"Uniform increase established by the state for all hospitals participating in the Rhode Island Medicaid Program, as defined in RIGL 40-8-13.4, for inpatient hospital services for the rating period covering July 1, 2023 through June 30, 2024, incorporated in the capitation rates through a risk-based rate adjustment.",approval,numbered,1443000000.0,14430000.0,"$14,430,000",980860000.0,"$9,808,600",462140000.0,"$4,621,400",,,True,False,False,,,,,,https://www.medicaid.gov/medicaid/managed-care/downloads/RI_Fee_IPH_Renewal_20230701-20240630.pdf,dfe63fb3ca5f4b75645d789081d727f8508bf5000dbb9f04e63c4d1a9f304e09,2026-09-30T16:58:25Z,,0.1.0
RI_Fee_IPH_Renewal_20240701-20250630,RI,Rhode Island,Fee,FEE,IPH,Renewal,Renewal,2024-07-01,2025-06-30,,"Uniform increase established by the state for inpatient hospital services for the rating period covering July 1, 2024 through June 30, 2025, incorporated into the capitation rates through a risk-based rate adjustment.",form_only_no_letter,numbered,1020000000.0,10200000.0,"$10,200,000",688000000.0,"$6,880,000",332000000.0,"$3,320,000",,,True,False,False,,,,,,https://www.medicaid.gov/medicaid/managed-care/downloads/RI_Fee_IPH_Renewal_20240701-20250630.pdf,f72f0266f0d163c8430c06fb93bab2a06beb14adc175dbf3a5995f36da910297,2026-09-30T16:58:26Z,,0.1.0
RI_Fee_IPH_Renewal_20250701-20260630,RI,Rhode Island,Fee,FEE,IPH,Renewal,Renewal,2025-07-01,2026-06-30,,"Uniform percentage increase for services provided in inpatient hospitals for rating period covering July 1, 2025, through June 30, 2026, incorporated in the monthly capitation rates through a risk-based rate adjustment in the amount of $10,509,201.",phase_down_determination,numbered,1050920100.0,10509201.0,"$10,509,201",719145200.0,"$7,191,452",331774900.0,"$3,317,749",,,True,False,False,,,,,,https://www.medicaid.gov/medicaid/managed-care/downloads/RI_Fee_IPH_Renewal_20250701-20260630.pdf,0e75a62b0a495b7cd9e3da10d7fac1b36b948c2e5fd85b1dae5c0ae63b4ed80b,2026-09-30T16:58:27Z,,0.1.0
RI_Fee_NF2_Amend2_20240701-20251231,RI,Rhode Island,Fee,FEE,NF2,Amend2,Amendment,2024-07-01,2025-12-31,,"Uniform percentage increase of 14.7% per claim for nursing facility services for the rating period covering July 1, 2024, through December 31, 2025, incorporated in the capitation rates through a risk-based rate adjustment in the amount of $14,961,418.",phase_down_determination,numbered,1496141800.0,14961418.0,"$14,961,418",842477400.0,"$8,424,774",653664400.0,"$6,536,644",,,True,False,False,,,,,,https://www.medicaid.gov/medicaid/managed-care/downloads/RI_Fee_NF2_Amend2_20240701-20251231.pdf,f6f3fae30bc7438e828fec64cf47dd116ba7711d0e65c9ba0db2cd759c8e0408,2026-09-30T16:58:28Z,,0.1.0
RI_Fee_NF2_Amend_20240701-20250630,RI,Rhode Island,Fee,FEE,NF2,Amend,Amendment,2024-07-01,2025-06-30,,"The uniform increase established by the state for nursing facility services for the rating period covering July 1, 2024 through June 30, 2025, incorporated in the capitation rates through a risk-based rate adjustment.",form_only_no_letter,numbered,1087015800.0,10870158.0,"$10,870,158",612098600.0,"$6,120,986",474917200.0,"$4,749,172",,,True,False,False,,,,,,https://www.medicaid.gov/medicaid/managed-care/downloads/RI_Fee_NF2_Amend_20240701-20250630.pdf,dd3595d7f92fc01d118b1a6b023112fef2a56bb0431bd1ab0d49f729cce78d1e,2026-09-30T16:58:30Z,,0.1.0
RI_Fee_NF2_Renewal_20230701-20240630,RI,Rhode Island,Fee,FEE,NF2,Renewal,Renewal,2023-07-01,2024-06-30,,"Uniform increase established by the state for nursing facility services for the rating period covering July 1, 2023 through June 30, 2024, incorporated in the capitation rates through a risk-based rate adjustment.",approval,numbered,410000000.0,4100000.0,"$4,100,000",227591000.0,"$2,275,910",182409000.0,"$1,824,090",,,True,False,False,,,,,,https://www.medicaid.gov/medicaid/managed-care/downloads/RI_Fee_NF2_Renewal_20230701-20240630.pdf,52adb1e717be5518329b9f1eb4a01abff5a8796cba905cff183ee52e908c6e5d,2026-09-30T16:58:31Z,,0.1.0
RI_Fee_NF2_Renewal_20240701-20250630,RI,Rhode Island,Fee,FEE,NF2,Renewal,Renewal,2024-07-01,2025-06-30,,"Uniform increase established by the state for nursing facility services for the rating period covering July 1, 2024 through June 30, 2025, incorporated into the capitation rates through a risk-based rate adjustment.",form_only_no_letter,numbered,472800000.0,4728000.0,"$4,728,000",264700000.0,"$2,647,000",208100000.0,"$2,081,000",,,True,False,False,,,,,,https://www.medicaid.gov/medicaid/managed-care/downloads/RI_Fee_NF2_Renewal_20240701-20250630.pdf,49baae7364fce47857068572a14591d07548fc4025586a27cfce5645df995074,2026-09-30T16:58:32Z,,0.1.0
RI_Fee_NF_Renewal_20220701-20230630,RI,Rhode Island,Fee,FEE,NF,Renewal,Renewal,2022-07-01,2023-06-30,,"Uniform increase for nursing facility services for the rating period covering July 1, 2022 through June 30, 2023, incorporated in the capitation rates through a risk-based rate adjustment.",approval,numbered,36300000.0,363000.0,"$363,000",26300000.0,"$263,000",10000000.0,"$100,000",,,True,False,False,,,,,,https://www.medicaid.gov/medicaid/managed-care/downloads/RI_Fee_NF_Renewal_20220701-20230630.pdf,c94846556051f9e4fa0f597e3a8e9aa78bb80c38667c891c6b85d09cbc233837,2026-09-30T16:58:33Z,,0.1.0
RI_Fee_NF_Renewal_20240701-20250630,RI,Rhode Island,Fee,FEE,NF,Renewal,Renewal,2024-07-01,2025-06-30,,"Uniform increase established by the state for nursing facility services for the rating period covering July 1, 2024 through June 30, 2025, incorporated into the capitation rates through a risk-based rate adjustment.",form_only_no_letter,numbered,41000000.0,410000.0,"$410,000",29000000.0,"$290,000",12000000.0,"$120,000",,,True,False,False,,,,,,https://www.medicaid.gov/medicaid/managed-care/downloads/RI_Fee_NF_Renewal_20240701-20250630.pdf,7340546f5fd3718b1184f10eb769168c2c22957cf1dda7a8a28a0a4763eec5d7,2026-09-30T16:58:35Z,,0.1.0
RI_Fee_NF_Renewal_20250701-20260630,RI,Rhode Island,Fee,FEE,NF,Renewal,Renewal,2025-07-01,2026-06-30,,"Uniform percentage increase of 5.3% per claim for Nursing Facility services for the rating period covering July 1, 2025, through June 30, 2026, incorporated in the capitation rates through a risked based adjustment amount of up to $265,553.",phase_down_determination,numbered,26555300.0,265553.0,"$265,553",18487200.0,"$184,872",8068100.0,"$80,681",26555300.0,amount_of_up_to,True,False,False,,,,,,https://www.medicaid.gov/medicaid/managed-care/downloads/RI_Fee_NF_Renewal_20250701-20260630.pdf,194842382caa6eff472d45becf0a9448f38d67fc32ba6b9401106fee886cc5b4,2026-09-30T16:58:36Z,,0.1.0
RI_Fee_OPH1_Amend_20240701-20251231,RI,Rhode Island,Fee,FEE,OPH1,Amend,Amendment,2024-07-01,2025-12-31,,"Uniform percentage increase of 2.9% for outpatient hospital services for the rating period covering July 1, 2024, through December 31, 2025, incorporated in the capitation rates through a risk-based rate adjustment of up to $40,632.",phase_down_determination,numbered,4063200.0,40632.0,"$40,632",2324100.0,"$23,241",1739100.0,"$17,391",4063200.0,risk_based_adjustment,True,False,False,,,,,,https://www.medicaid.gov/medicaid/managed-care/downloads/RI_Fee_OPH1_Amend_20240701-20251231.pdf,805a311a3fb51095f5330124f40839d0a4a369c35871f3421ddb7045158fce3a,2026-09-30T16:58:37Z,,0.1.0
RI_Fee_OPH1_Renewal_20220701-20230630,RI,Rhode Island,Fee,FEE,OPH1,Renewal,Renewal,2022-07-01,2023-06-30,,"Uniform increase established by the state for hospitals participating in the Rhode Island Medicaid Program, as defined in RIGL 40-8-13.4, for outpatient hospital services for the rating period covering July 1, 2022 through June 30, 2023, incorporated in the capitation rates through a risk-based rate adjustment.",approval,numbered,8300000.0,83000.0,"83,000",4500000.0,"45,000",3800000.0,"38,000",,,False,True,False,no currency symbol or scale word; unit assumed,,,,,https://www.medicaid.gov/medicaid/managed-care/downloads/RI_Fee_OPH1_Renewal_20220701-20230630.pdf,5bf83df36218e6bc9412d310f72721c50dbbdfb040cd3a465d2b7520e119bcfb,2026-09-30T16:58:39Z,,0.1.0
RI_Fee_OPH1_Renewal_20230701-20240630,RI,Rhode Island,Fee,FEE,OPH1,Renewal,Renewal,2023-07-01,2024-06-30,,"Uniform increase established by the state for hospitals participating in the Rhode Island Medicaid Program, as defined in RIGL 40-8-13.4, for outpatient hospital services for the rating period covering July 1, 2023 through June 30, 2024, incorporated in the capitation rates through a risk-based rate adjustment",approval,numbered,10000000.0,100000.0,"$100,000",5575000.0,"$55,750",4425000.0,"$44,250",,,True,False,False,,,,,,https://www.medicaid.gov/medicaid/managed-care/downloads/RI_Fee_OPH1_Renewal_20230701-20240630.pdf,68d8d4eb6a0ac413e6e093a23c5a7c3f836d2403d947cf9ba06706669c8baf9c,2026-09-30T16:58:40Z,,0.1.0
RI_Fee_OPH1_Renewal_20240701-20250630,RI,Rhode Island,Fee,FEE,OPH1,Renewal,Renewal,2024-07-01,2025-06-30,,"Uniform increase established by the state for eligible outpatient hospital services, for the rating period July 1, 2024 through June 30, 2025, incorporated into the capitation rates through a risk-based rate adjustment.",form_only_no_letter,numbered,5700000.0,57000.0,"$57,000",3200000.0,"$32,000",2500000.0,"$25,000",,,True,False,False,,,,,,https://www.medicaid.gov/medicaid/managed-care/downloads/RI_Fee_OPH1_Renewal_20240701-20250630.pdf,3dc5a8ada075cf0afead6740142ab9bab87c0facd1dee28f16ae9126e0443d22,2026-09-30T16:58:41Z,,0.1.0
RI_Fee_OPH_Renewal_20220701-20230630,RI,Rhode Island,Fee,FEE,OPH,Renewal,Renewal,2022-07-01,2023-06-30,,"Uniform increase established by the state for all hospitals participating in the Rhode Island Medicaid Program, as defined in RIGL 40-8-13.4, for outpatient hospital services for the rating period covering July 1, 2022 through June 30, 2023, incorporated in the capitation rates through a risk-based rate adjustment.",approval,numbered,1930000000.0,19300000.0,"$19,300,000",1340000000.0,"$13,400,000",59000000.0,"$5,900,00",,,True,False,False,,,,,,https://www.medicaid.gov/medicaid/managed-care/downloads/RI_Fee_OPH_Renewal_20220701-20230630.pdf,9400f4a409d6560021c110a42eede9604004dc4a24509c404e4186618b96ec25,2026-09-30T16:58:43Z,,0.1.0
RI_Fee_OPH_Renewal_20230701-20240630,RI,Rhode Island,Fee,FEE,OPH,Renewal,Renewal,2023-07-01,2024-06-30,,"Uniform increase established by the state for all hospitals participating in the Rhode Island Medicaid Program, as defined in RIGL 40-8-13.4, for outpatient hospital services for the rating period covering July 1, 2023 through June 30, 2024, incorporated in the capitation rates through a risk-based rate adjustment.",approval,numbered,1434000000.0,14340000.0,"$14,340,000",984747500.0,"$9,847,475",449252500.0,"$4,492,525",,,True,False,False,,,,,,https://www.medicaid.gov/medicaid/managed-care/downloads/RI_Fee_OPH_Renewal_20230701-20240630.pdf,5191c12efc59699ea08bd6a2e7225e0095e423f1c5bd5d8a3b12d2ef14d20dbc,2026-09-30T16:58:44Z,,0.1.0
RI_Fee_OPH_Renewal_20240701-20250630,RI,Rhode Island,Fee,FEE,OPH,Renewal,Renewal,2024-07-01,2025-06-30,,"Uniform increase established by the state for eligible outpatient hospital services, for the rating period July 1, 2024 through June 30, 2025, incorporated into the capitation rates through a risk-based rate adjustment.",form_only_no_letter,numbered,1106000000.0,11060000.0,"$11,060,000",751000000.0,"$7,510,000",355000000.0,"$3,550,000",,,True,False,False,,,,,,https://www.medicaid.gov/medicaid/managed-care/downloads/RI_Fee_OPH_Renewal_20240701-20250630.pdf,7a7fabe472dcf6dac60342878a3422e75c030069c9581d66e9b5a8166c79a5c8,2026-09-30T16:58:45Z,,0.1.0
RI_Fee_OPH_Renewal_20250701-20260630,RI,Rhode Island,Fee,FEE,OPH,Renewal,Renewal,2025-07-01,2026-06-30,,"Uniform percentage increase for services provided in outpatient hospitals for rating period covering July 1, 2025, through June 30, 2026, incorporated in the monthly capitation rates through a risk-based rate adjustment in the amount of $10,205,734.",phase_down_determination,numbered,1020573400.0,10205734.0,"$10,205,734",709545500.0,"$7,095,455",311027900.0,"$3,110,279",,,True,False,False,,,,,,https://www.medicaid.gov/medicaid/managed-care/downloads/RI_Fee_OPH_Renewal_20250701-20260630.pdf,23db188dee87014c138a4cded1327101f25a7b7ba756ac459a518b10652e3e3b,2026-09-30T16:58:46Z,,0.1.0
RI_Fee_Oth_Renewal_20220701-20230630,RI,Rhode Island,Fee,FEE,Oth,Renewal,Renewal,2022-07-01,2023-06-30,,"Uniform increase established by the state for shared living services for the rating period covering July 1, 2022 through June 30, 2023, incorporated in the capitation rates through a risk-based rate adjustment.",approval,numbered,13600000.0,136000.0,"136,000",7400000.0,"74,000",6200000.0,"62,000",,,False,True,False,no currency symbol or scale word; unit assumed,,,,,https://www.medicaid.gov/medicaid/managed-care/downloads/RI_Fee_Oth_Renewal_20220701-20230630.pdf,0fc0018939890258f7eec8738ce67dae739cd7866cc71c4a3c2ac6660ea3a071,2026-09-30T16:58:47Z,,0.1.0
RI_Fee_Oth_Renewal_20230701-20240630,RI,Rhode Island,Fee,FEE,Oth,Renewal,Renewal,2023-07-01,2024-06-30,,"Uniform increase established by the state for shared living services for the rating period covering July 1, 2023 through June 30, 2024, incorporated in the capitation rates through a risk-based rate adjustment.",approval,numbered,13600000.0,136000.0,"136,000",7400000.0,"74,000",6200000.0,"62,000",,,False,True,False,no currency symbol or scale word; unit assumed,,,,,https://www.medicaid.gov/medicaid/managed-care/downloads/RI_Fee_Oth_Renewal_20230701-20240630.pdf,fb55bb641d61908d512da74a9981acb7fa56d19e16e8de5ff4f9cbfa4b2d892f,2026-09-30T16:58:49Z,,0.1.0
RI_Fee_Oth_Renewal_20240701-20250630,RI,Rhode Island,Fee,FEE,Oth,Renewal,Renewal,2024-07-01,2025-06-30,,"Uniform increase established by the state for shared living services for the rating period July 1, 2024 through June 30, 2025, incorporated into the capitation rates through a risk based rate adjustment.",form_only_no_letter,numbered,14700000.0,147000.0,"$147,000",8200000.0,"$82,000",6500000.0,"$65,000",,,True,False,False,,,,,,https://www.medicaid.gov/medicaid/managed-care/downloads/RI_Fee_Oth_Renewal_20240701-20250630.pdf,38d93c949030cdedfb7909469db4ba5aa7957b9bb7815396afa133e50788237e,2026-09-30T16:58:50Z,,0.1.0
RI_VBP.Fee_PC_Renewal_20230701-20240630,RI,Rhode Island,VBP.Fee,FEE.VBP,PC,Renewal,Renewal,2023-07-01,2024-06-30,,"The value-based payment Patient Centered Medical Home (PCMH)-Kids initiative established by the state for eligible pediatric providers for the rating period covering July 1, 2023 through June 30, 2024, incorporated in the capitation rates through a risk-based rate adjustment.",approval,numbered,300000000.0,3000000.0,"$3,000,000",167250000.0,"$1,672,500",132750000.0,"$1,327,500",,,True,False,False,,,,,,https://www.medicaid.gov/medicaid/managed-care/downloads/RI_VBP.Fee_PC_Renewal_20230701-20240630.pdf,ba5d0e9b7d8354ff032161cc056c98f946bb1579d5c2bdc8cdc0407246cf3566,2026-09-30T16:58:51Z,,0.1.0
RI_VBP.Fee_PC_Renewal_20240701-20250630,RI,Rhode Island,VBP.Fee,FEE.VBP,PC,Renewal,Renewal,2024-07-01,2025-06-30,,"The value-based payment Patient Centered Medical Home (PCMH)-Kids initiative established by the state for eligible pediatric providers for the rating period covering July1, 2024 through June 30, 2025, incorporated in the capitation rates through a risk-based rate adjustment.",form_only_no_letter,numbered,306000000.0,3060000.0,"$3,060,000",172000000.0,"$1,720,000",134000000.0,"$1,340,000",,,True,False,False,,,,,,https://www.medicaid.gov/medicaid/managed-care/downloads/RI_VBP.Fee_PC_Renewal_20240701-20250630.pdf,438a79ca25e1acd93c6f4f950836f92144da84c01f8ecc3d835d16bec6c1e7a7,2026-09-30T16:58:53Z,,0.1.0
RI_VBP_Oth_Renewal_20230701-20240630,RI,Rhode Island,VBP,VBP,Oth,Renewal,Renewal,2023-07-01,2024-06-30,,"The Total Cost of Care for the state’s Accountable Entities, as authorized in the state’s section 1115 demonstration, for the rating period covering July 1, 2023 through June 30, 2024.",form_only_no_letter,numbered,15960000000.0,159600000.0,"$159,600,000",10640000000.0,"$106,400,000",5320000000.0,"$53,200,000",,,True,False,False,,,,,,https://www.medicaid.gov/medicaid/managed-care/downloads/RI_VBP_Oth_Renewal_20230701-20240630.pdf,580281c3c102522ce09218b61169f185dbb893f3e9ab1cd84108bad271d8d0f1,2026-09-30T16:58:54Z,,0.1.0
RI_VBP_Oth_Renewal_20240701-20250630,RI,Rhode Island,VBP,VBP,Oth,Renewal,Renewal,2024-07-01,2025-06-30,,"The Total Cost of Care payment arrangement for the state’s Accountable Entities, as authorized in the state’s section 1115 demonstration for the rating period covering July 1,2024 through June 30, 2025, incorporated in the capitation rates through a risk-based rate adjustment.",form_only_no_letter,numbered,15140000000.0,151400000.0,"$151,400,000",10220000000.0,"$102,200,000",4920000000.0,"$49,200,000",,,True,False,False,,,,,,https://www.medicaid.gov/medicaid/managed-care/downloads/RI_VBP_Oth_Renewal_20240701-20250630.pdf,b27b6993e7116c0485ebae4a7fcb04ac1433a412f41e8a01573cfedd9fa7655e,2026-09-30T16:58:55Z,,0.1.0
RI_VBP_Oth_Renewal_20250701-20260630,RI,Rhode Island,VBP,VBP,Oth,Renewal,Renewal,2025-07-01,2026-06-30,,"The Total Cost of Care payment arrangement for the state’s Accountable Entities, as authorized in the state’s section 1115 demonstration for the rating period covering July 1, 2025 through June 30, 2026, incorporated in the capitation rates through a risk-based rate adjustment of up to $109,000,000.",form_only_no_letter,prose,,,,,,,,,,False,False,False,not read,,,,,https://www.medicaid.gov/medicaid/managed-care/downloads/RI_VBP_Oth_Renewal_20250701-20260630.pdf,a1be19ced61aa39670b68f8ca4d0fecffc40cb9b07090922946334ee751f3a50,2026-09-30T16:58:56Z,,0.1.0
RI_VBP_PC_Renewal_20220701-20230630,RI,Rhode Island,VBP,VBP,PC,Renewal,Renewal,2022-07-01,2023-06-30,,"The value-based payment Patient Centered Medical Home (PCMH)-Kids initiative established by the state for eligible pediatric providers for the rating period covering July 1, 2022 through June 30, 2023, incorporated in the capitation rates through a risk-based rate adjustment.",approval,numbered,290000000.0,2900000.0,"$2,900,000",160000000.0,"$1,600,000",130000000.0,"$1,300,000",,,True,False,False,,,,,,https://www.medicaid.gov/medicaid/managed-care/downloads/RI_VBP_PC_Renewal_20220701-20230630.pdf,98848a844837009f04d1d466da4ebad488fdaebb2d6e49d21f7cb41b98c8e963,2026-09-30T16:58:58Z,,0.1.0
RI_VBP_PC_Renewal_20250701-20260630,RI,Rhode Island,VBP,VBP,PC,Renewal,Renewal,2025-07-01,2026-06-30,,"The value-based payment Patient Centered Medical Home (PCMH)-Kids initiative established by the state for eligible pediatric providers for the rating period covering July 1, 2025 through June 30, 2026, incorporated in the capitation rates through a risk-based rate adjustment up to $2,946,193.",form_only_no_letter,prose,,,,,,,,,,False,False,False,not read,,,,,https://www.medicaid.gov/medicaid/managed-care/downloads/RI_VBP_PC_Renewal_20250701-20260630.pdf,bbcc9c1bfd609645ea555c96e6f83aed0f5d1b99c32a35349546759febcf3c32,2026-09-30T16:58:59Z,,0.1.0
Ri-Fee-Hcbs1-Renewal-20220701-20230630,RI,Rhode Island,Fee,FEE,Hcbs1,Renewal,Renewal,2022-07-01,2023-06-30,,"Uniform increase established by the state for personal care and combined personal care/ homemaker services for the rating period covering July 1, 2022 through June 30, 2023, incorporated in the capitation rates through a risk-based rate adjustment.",approval,numbered,32800000.0,328000.0,"328,000",17800000.0,"178,000",15000000.0,"150,000",,,False,True,False,no currency symbol or scale word; unit assumed,,,state code was not upper case; fields were hyphen separated,,https://www.medicaid.gov/medicaid/managed-care/downloads/ri-fee-hcbs1-renewal-20220701-20230630.pdf,eb282eeebb47637fcf7f9452582888abb95bc516ee9fbb2328f14e2ef937a473,2026-09-30T16:59:00Z,,0.1.0
Ri-Fee-Nf2-Renewal-20220701-20230630,RI,Rhode Island,Fee,FEE,Nf2,Renewal,Renewal,2022-07-01,2023-06-30,,"Uniform increase established by the state for nursing facility services for the rating period covering July 1, 2022 through June 30, 2023, incorporated in the capitation rates through a risk-based rate adjustment.",approval,numbered,231300000.0,2313000.0,"2,313,000",125400000.0,"1,254,000",105900000.0,"1,059,000",,,False,True,False,no currency symbol or scale word; unit assumed,,,state code was not upper case; fields were hyphen separated,,https://www.medicaid.gov/medicaid/managed-care/downloads/ri-fee-nf2-renewal-20220701-20230630.pdf,ac9e85cce98f257d11c1d02106b6078762236b7283063710668545fd397f5abc,2026-09-30T16:59:02Z,,0.1.0
SC_Fee_AMC_Amend_20220701-20230630,SC,South Carolina,Fee,FEE,AMC,Amend,Amendment,2022-07-01,2023-06-30,,"Uniform percentage increase established by the state for professional services at an academic medic center for the rating period covering July 1, 2022 through June 30, 2023, incorporated in the capitation rates through a separate payment term of up to $153,400,000.",form_only_no_letter,numbered,15340000000.0,153400000.0,"153,400,000",10830000000.0,"108,300,000",4510000000.0,"45,100,000",,,False,True,False,no currency symbol or scale word; unit assumed,,,,,https://www.medicaid.gov/medicaid/managed-care/downloads/SC_Fee_AMC_Amend_20220701-20230630.pdf,a5d8581b4b3976424575d27969f3df29100e960740132dc93b21b97ddc115a9f,2026-09-30T16:59:03Z,,0.1.0
SC_Fee_AMC_Renewal_20230701-20240630,SC,South Carolina,Fee,FEE,AMC,Renewal,Renewal,2023-07-01,2024-06-30,,"Uniform increase established by the state for physicians providing professional services employed by or under contract with a South Carolina public medical university, academic medical center or its component units, or an SC Area Health Education Consortium (AHEC) Teaching Health System for the rating period covering July 1, 2023 through June 30, 2024, incorporated in the capitation rates through a separate payment term of up to $133,000,000.",approval,numbered,13300000000.0,133000000.0,"133,000,000",9392792500.0,"93,927,925",3907207500.0,"39,072,075",13300000000.0,separate_payment_term,False,True,False,no currency symbol or scale word; unit assumed,SC_FEE_AMC_RENEWAL_20230701-20240630,filename says 'SC_Fee_AMC_Renewal_20230701-20240630'; document says 'SC_FEE_AMC_RENEWAL_20230701-20240630',,,https://www.medicaid.gov/medicaid/managed-care/downloads/SC_Fee_AMC_Renewal_20230701-20240630.pdf,c5d9098f583c4ef554f9b4b08021f272a93f5c451a1bae181d81583fce1cf292,2026-09-30T16:59:04Z,,0.1.0
SC_Fee_AMC_Renewal_20240701-20240630,SC,South Carolina,Fee,FEE,AMC,Renewal,Renewal,2024-07-01,2024-06-30,,"Uniform increase established by the state for physicians providing professional services employed by or under contracts with a South Carolina public medical university, academic medical center or its component units, or an SC Area Health Education Consortium (AHEC) Teaching Health System for the rating period covering July 1, 2024through June 30, 2025, incorporated in the capitation rates through a separate payment term of up to $145,000,000.",form_only_no_letter,numbered,14500000000.0,145000000.0,"145,000,000",10097075000.0,"100,970,750",4402925000.0,"44,029,250",,,False,True,False,no currency symbol or scale word; unit assumed,,,,,https://www.medicaid.gov/medicaid/managed-care/downloads/SC_Fee_AMC_Renewal_20240701-20250630.pdf,d4d122741150808a218f86c18f0cb5146e8a9565574686c5b19bd27b3c0b43c2,2026-09-30T16:59:05Z,,0.1.0
SC_Fee_AMC_Renewal_20250701-20260630,SC,South Carolina,Fee,FEE,AMC,Renewal,Renewal,2025-07-01,2026-06-30,,"Uniform increase established by the state for physicians providing professional services employed by or under contracts with South Carolina public medical university, academic medical center or its component units, or a South Carolina area Health Education Consortium (AHEC) Teaching Health System for the rating period covering July 1, 2025through July 30, 2026, incorporated in the capitation rates through a separate payment term of up to $160,028,404.",phase_down_determination,numbered,16002840400.0,160028404.0,"$160,028,404",11132375900.0,"$111,323,759",4870464500.0,"$48,704,645",16002840400.0,separate_payment_term,True,False,False,,,,,,https://www.medicaid.gov/medicaid/managed-care/downloads/SC_Fee_AMC_Renewal_20250701-20260630.pdf,32b8aab37fd66176e3f6c5a11920737228ac3ba95b13375e7aac50617e740370,2026-09-30T16:59:07Z,,0.1.0
SC_Fee_IPH.OPH_New_20230701-20240630,SC,South Carolina,Fee,FEE,IPH.OPH,New,New,2023-07-01,2024-06-30,,"Uniform percentage increase established by the state for inpatient and outpatient hospital services for the rating period covering July 1, 2023 through June 30, 2024, incorporated in the capitation rates through a separate payment term of up to $2,095,374,764.",approval,numbered,209537476400.0,2095374764.0,"2,095,374,764",148336818000.0,"$1,483,368,180",61200658400.0,"$612,006,584",209537476400.0,separate_payment_term,False,True,False,no currency symbol or scale word; unit assumed,,,,,https://www.medicaid.gov/medicaid/managed-care/downloads/SC_Fee_IPH.OPH_New_20230701-20240630.pdf,3b0a3e63c3512e355249acdc7a86018ce66e7dfb8574658b8144701e296208e3,2026-09-30T16:59:08Z,,0.1.0
SC_Fee_IPH.OPH_Renewal_20240701-20250630,SC,South Carolina,Fee,FEE,IPH.OPH,Renewal,Renewal,2024-07-01,2025-06-30,,"Uniform increase established by the state for inpatient and outpatient hospital services for the rating period covering July 1, 2024 through June 30, 2025, incorporated in the capitation rates through a separate payment term of up to $2,506,527,190.",form_only_no_letter,numbered,250652719000.0,2506527190.0,"2,506,527,190",174542020900.0,"1,745,420,209",76110698100.0,"761,106,981",,,False,True,False,no currency symbol or scale word; unit assumed,,,,,https://www.medicaid.gov/medicaid/managed-care/downloads/SC_Fee_IPH.OPH_Renewal_20240701-20250630.pdf,a14dadfefde053bcbe16a72be7a2242be6114dc3dd2eb68d09d72e72dcf34386,2026-09-30T16:59:09Z,,0.1.0
SC_Fee_IPH.OPH_Renewal_20250701-20260630,SC,South Carolina,Fee,FEE,IPH.OPH,Renewal,Renewal,2025-07-01,2026-06-30,,"Uniform percentage increase established by the state for inpatient and outpatient hospital services for the rating period covering July 1, 2025 through June 30, 2026, incorporated in the capitation rates through a separate payment term of up to $2,575,731,483.",phase_down_determination,numbered,257573148300.0,2575731483.0,"2,575,731,483",179180760600.0,"1,791,807,606",78392387700.0,"783,923,877",257573148300.0,separate_payment_term,False,True,False,no currency symbol or scale word; unit assumed,,,,,https://www.medicaid.gov/medicaid/managed-care/downloads/SC_Fee_IPH.OPH_Renewal_20250701-20260630.pdf,f5858288035721e126a37b0b46e0ce92135bafe1eb0f1b3b4fcfb726b5599603,2026-09-30T16:59:11Z,,0.1.0
SC_Fee_Oth2_New_20240701-20250630,SC,South Carolina,Fee,FEE,Oth2,New,New,2024-07-01,2025-06-30,,"Uniform increase established by the state for emergency medical transport services provided by public and government-owned or operated ambulance service providers for rating periods covering July 1, 2024 through June 30, 2025, incorporated in the capitation rates through a separate payment term amount of up to $3,118,148.",form_only_no_letter,numbered,311814800.0,3118148.0,"$3,118,148",217241400.0,"$2,172,414",94573400.0,"$945,734",,,True,False,False,,,,,,https://www.medicaid.gov/medicaid/managed-care/downloads/SC_Fee_Oth2_New_20240701-20250630.pdf,d27adfc43c5cbd8b431dc516525a0e49652de26b72844877b6a53aece7761de9,2026-09-30T16:59:12Z,,0.1.0
SC_Fee_Oth2_Renewal_20250701-20260630,SC,South Carolina,Fee,FEE,Oth2,Renewal,Renewal,2025-07-01,2026-06-30,,"Uniform increase established by the state for emergency medical transport services provided by public and government-owned or operated ambulance service providers for rating periods covering July 1, 2025 through June 30, 2026, incorporated in the capitation rates through a separate payment term amount of up to $13,062,198.",form_only_no_letter,numbered,1306219800.0,13062198.0,"$13,062,198",908671800.0,"$9,086,718",397548000.0,"$3,975,480",,,True,False,False,,,,,,https://www.medicaid.gov/medicaid/managed-care/downloads/SC_Fee_Oth2_Renewal_20250701-20260630.pdf,cc8c100eb3f9e3a121862a36b2545ead2a139a8456db01f9cce0879aef8933d8,2026-09-30T16:59:13Z,,0.1.0
SC_Fee_Oth3_New_20240701-20250630,SC,South Carolina,Fee,FEE,Oth3,New,New,2024-07-01,2025-06-30,,"Uniform increase established by the state for emergency medical transport services provided by ground non-governmental ambulance services providers for rating periods covering July 1, 2024 through June 30, 2025, incorporated in the capitation rates through a separate payment term amount of up to $8,183,729.",form_only_no_letter,numbered,818372900.0,8183729.0,"$8,183,729",570160400.0,"$5,701,604",248212500.0,"$2,482,125",,,True,False,False,,,,,,https://www.medicaid.gov/medicaid/managed-care/downloads/SC_Fee_Oth3_New_20240701-20250630.pdf,5031ffb6cc1b8478e009fa281707f369413834c6f715bf618e62e94353e0ecb6,2026-09-30T16:59:15Z,,0.1.0
SC_Fee_Oth3_Renewal_20250701-20260630,SC,South Carolina,Fee,FEE,Oth3,Renewal,Renewal,2025-07-01,2026-06-30,,"Uniform increase established by the state for emergency medical transport services provided by ground non-governmental ambulance services providers for rating periods covering July 1, 2025 through June 30, 2026, incorporated in the capitation rates through a separate payment term amount of up to $16,226,538.",form_only_no_letter,numbered,1622653800.0,16226538.0,"$16,226,538",1128799100.0,"$11,287,991",493854700.0,"$4,938,547",,,True,False,False,,,,,,https://www.medicaid.gov/medicaid/managed-care/downloads/SC_Fee_Oth3_Renewal_20250701-20260630.pdf,0ec635241ce11b77f5f701b8ad3a15ceabc121fa05e4012eb0d344a2d1aece3c,2026-09-30T16:59:16Z,,0.1.0
SC_Fee_Oth_New_20230701-20240630,SC,South Carolina,Fee,FEE,Oth,New,New,2023-07-01,2024-06-30,,"Uniform increase established by the state to dispensing fees for Independent Community Pharmacies for the rating period covering July 1, 2023 through June 30, 2024, incorporated in the capitation rates through a separate payment term of up to $7,500,000.",approval,numbered,750000000.0,7500000.0,"$7,500,000",521475000.0,"$5,214,750",228525000.0,"$2,285,250",750000000.0,separate_payment_term,True,False,False,,,,,,https://www.medicaid.gov/medicaid/managed-care/downloads/SC_Fee_Oth_New_20230701-20240630.pdf,e7a900f8f629ee66deca60d78189d96df208492cd372c0df700d63f3a5072464,2026-09-30T16:59:17Z,,0.1.0
SC_Fee_Oth_Renewal_20240701-20250630,SC,South Carolina,Fee,FEE,Oth,Renewal,Renewal,2024-07-01,2025-06-30,,"Uniform increase established by the state to dispensing fees for Independent Community Pharmacies for the rating period covering July 1, 2024 through June 30, 2025, incorporated in the capitation rates through a separate payment term of up to $9,500,000.",form_only_no_letter,numbered,950000000.0,9500000.0,"$9,500,000",661532500.0,"$6,615,325",288467500.0,"$2,884,675",,,True,False,False,,,,,,https://www.medicaid.gov/medicaid/managed-care/downloads/SC_Fee_Oth_Renewal_20240701-20250630.pdf,2f334db2bdb7d0b83079575e141bae8cd1d5e59035f137ed4f458efbb1c358e7,2026-09-30T16:59:19Z,,0.1.0
SC_Fee_Oth_Renewal_20250701-20260630,SC,South Carolina,Fee,FEE,Oth,Renewal,Renewal,2025-07-01,2026-06-30,,"Uniform increase established by the state for dispensing fees for Independent Community Pharmacies for the rating period covering July 1, 2025 through June 30,2026, incorporated in the capitation rates through a separate payment term of up to$9,500,000.",form_only_no_letter,numbered,950000000.0,9500000.0,"$9,500,000",660867500.0,"$6,608,675",289132500.0,"$2,891,325",,,True,False,False,,,,,,https://www.medicaid.gov/medicaid/managed-care/downloads/SC_Fee_Oth_Renewal_20250701-20260630.pdf,465d9bd07366e538a811be6afdb82a8c0aba59bf888c6539b2007fae3a295cf3,2026-09-30T16:59:20Z,,0.1.0
TN_Fee.VBP_PC_Renewal_20240101-20241231,TN,Tennessee,Fee.VBP,FEE.VBP,PC,Renewal,Renewal,2024-01-01,2024-12-31,,"Uniform dollar increase and value-based payments established by the state for eligible primary care services for the rating period, January 1, 2024 through December 31, 2024, incorporated into the capitation rates through a risk-based rate adjustment.",form_only_no_letter,numbered,5390000000.0,53900000.0,"$53,900,000",3499008000.0,"$34,990,080",1890992000.0,"$18,909,920",,,True,False,False,,TN_Fee.VBP_PC_Renewal_20240101-2024123,filename says 'TN_Fee.VBP_PC_Renewal_20240101-20241231'; document says 'TN_Fee.VBP_PC_Renewal_20240101-2024123',,,https://www.medicaid.gov/medicaid/managed-care/downloads/TN_Fee.VBP_PC_Renewal_20240101-20241231.pdf,4b4bee21951290dcf1021a8cd01c5d42930d3f6c73b45502f5142c86db74eaa7,2026-09-30T16:59:21Z,,0.1.0
TN_Fee.VBP_PC_Renewal_20250101-20251231,TN,Tennessee,Fee.VBP,FEE.VBP,PC,Renewal,Renewal,2025-01-01,2025-12-31,,"Value-based payment and uniform dollar increase established by the state for primary care services for the rating period, January 1, 2025 through December 31, 2025,incorporated into the capitation rates through a risk-based rate adjustment.",form_only_no_letter,numbered,5340000000.0,53400000.0,"$53,400,000",3456582000.0,"34,565,820",1883418000.0,"$18,834,180",,,True,False,False,,TN_Fee.VBP_PC_Renewal_20250101-20251231,,,,https://www.medicaid.gov/medicaid/managed-care/downloads/TN_Fee.VBP_PC_Renewal_20250101-20251231.pdf,5d59088fd8b30ca4f9a922744512cf60cb7d6d65215b55de596e6bee443102ef,2026-09-30T16:59:23Z,,0.1.0
TN_Fee.VBP_PC_Renewal_20260101-20261231,TN,Tennessee,Fee.VBP,FEE.VBP,PC,Renewal,Renewal,2026-01-01,2026-12-31,,"Uniform dollar increase, quality payment, and population-based payment for primary care services for the rating period covering January 1, 2026 through December 31, 2026, incorporated in the capitation rates through a risk-based rate adjustment up to$51,700,000.",form_only_no_letter,minimal,,,,,,,,,,False,False,False,not read,,,,,https://www.medicaid.gov/medicaid/managed-care/downloads/TN_Fee.VBP_PC_Renewal_20260101-20261231.pdf,b82f568d0680fbb8849dbbbb48156b8d81fcf9ea38275942fbd9a076ff3cb1cc,2026-09-30T16:59:24Z,,0.1.0
TN_Fee_BHI.BHO2_Amend_20230101-20231231,TN,Tennessee,Fee,FEE,BHI.BHO2,Amend,Amendment,2023-01-01,2023-12-31,,"Uniform dollar increase established by the state for eligible behavioral health inpatient and outpatient services at Comprehensive Child and Family Treatment agencies (CCFT) for the rating period covering January 1, 2023 through December 31, 2023, incorporated in the capitation rates through a risk-based rate adjustment.",approval,numbered,260000000.0,2600000.0,"$2,600,000",171860000.0,"$1,718,600",88140000.0,"$881,400",,,True,False,False,,TN_Fee_BHI.BHO2_Amend_20230101-20231231,,,,https://www.medicaid.gov/medicaid/managed-care/downloads/tn-fee-bhi-bho2-amend-20230101-20231231.pdf,3f1449c7e253a8bbbd661e4d22d0c3a56d9fa4d9b71b870ca4eafea9f3c23ae1,2026-09-30T16:59:25Z,,0.1.0
TN_Fee_BHI.BHO2_Renewal_20230101-20231231,TN,Tennessee,Fee,FEE,BHI.BHO2,Renewal,Renewal,2023-01-01,2023-12-31,,"Uniform percentage increase established by the state for eligible master’s level comprehensive child and family treatment providers (CCFT) for the rating period covering January 1, 2023 through December 31, 2023 incorporated in the capitation rates through a risk-based rate adjustment.",approval,numbered,120000000.0,1200000.0,"$1,200,000",79320000.0,793200,40680000.0,406800,,,True,False,False,,,,,,https://www.medicaid.gov/medicaid/managed-care/downloads/tn-fee-bhi.bho2-renewal-20230101-20231231.pdf,232aa39fb1f57341c823bd34ac4592fdef2c83f275680f30034109b975760cd1,2026-09-30T16:59:27Z,,0.1.0
TN_Fee_BHI.BHO2_Renewal_20240101-20241231,TN,Tennessee,Fee,FEE,BHI.BHO2,Renewal,Renewal,2024-01-01,2024-12-31,,"Uniform percentage increase established by the state for eligible behavioral health inpatient and outpatient services at Comprehensive Child and Family Treatment agencies (CCFT) for the rating period, January 1, 2024 through December 31, 2024, incorporated into the capitation rates through a risk-based rate adjustment.",form_only_no_letter,numbered,200000000.0,2000000.0,"$2,000,000",130560000.0,"$1,305,600",69440000.0,"$694,400",,,True,False,False,,TN_Fee_BHI.BHO2_Renewal_20240101-20241231,,,,https://www.medicaid.gov/medicaid/managed-care/downloads/TN_Fee_BHI.BHO2_Renewal_20240101-20241231.pdf,ea0f9717fd4948a2df7b6bc60938a0c1fa455fa63044458f6e89751da3a64661,2026-09-30T16:59:28Z,,0.1.0
TN_Fee_IPH.OPH1_Amend_20240101-20241231,TN,Tennessee,Fee,FEE,IPH.OPH1,Amend,Amendment,2024-01-01,2024-12-31,,"Uniform Percentage Increase for inpatient and outpatient hospital services for the rating period covering January 1, 2024, through December 31, 2024, incorporated in the capitation rates through a separate payment term up to $379,425,000.",phase_down_determination,prose,,,,,,,,37942500000.0,separate_payment_term,False,False,False,not read,,,,,https://www.medicaid.gov/medicaid/managed-care/downloads/TN_Fee_IPH.OPH1_Amend_20240101-20241231.pdf,cf4cfdc913b94b34e89c4c95bcc2906876f5a2847d4a2e360d4324124b3767b2,2026-09-30T16:59:29Z,,0.1.0
TN_Fee_IPH.OPH1_Renewal_20230101-20231231,TN,Tennessee,Fee,FEE,IPH.OPH1,Renewal,Renewal,2023-01-01,2023-12-31,,"Uniform increase established by the state for inpatient and outpatient services provided at eligible hospitals for the rating period covering January 1, 2023 through December 31, 2023, incorporated in the capitation rates through a risk-based rate adjustment.",approval,numbered,63398300000.0,633983000.0,"$633,983,000",41906276300.0,419062763,21492023700.0,214920237,,,True,False,False,,,,,,https://www.medicaid.gov/medicaid/managed-care/downloads/tn-fee-iph.oph1-renewal-20230101-20231231.pdf,70d52f7fedfdd85a5661714e8462e8584bd07ee7ad4e67e01796b1e6b7eec31f,2026-09-30T16:59:30Z,,0.1.0
TN_Fee_IPH.OPH1_Renewal_20240101-20241231,TN,Tennessee,Fee,FEE,IPH.OPH1,Renewal,Renewal,2024-01-01,2024-12-31,,"Uniform percentage increase established by the state for eligible inpatient and outpatient hospital services for the rating period, January 1, 2024 through December 31, 2024, incorporated into the capitation rates through a separate payment term up to $758,850,000.",form_only_no_letter,numbered,75885000000.0,758850000.0,"$758,850,000",49693292200.0,"$496,932,922",26191707800.0,"$261,917,078",,,True,False,False,,,,,,https://www.medicaid.gov/medicaid/managed-care/downloads/TN_Fee_IPH.OPH1_Renewal_20240101-20241231.pdf,465537ced5788895121386db823d9b8a49f75dd353fecd6f3dbbdf35ac943485,2026-09-30T16:59:32Z,,0.1.0
TN_Fee_IPH.OPH2_Amend_20240101-20241231,TN,Tennessee,Fee,FEE,IPH.OPH2,Amend,Amendment,2024-01-01,2024-12-31,,"Minimum and maximum fee schedules for inpatient and outpatient hospital services for the rating period covering January 1, 2024 through December 31, 2024, incorporated in the capitation rates through a risk-based rate adjustment of up to a zero dollar impact.",form_only_no_letter,prose,,,,,,,,,,False,False,False,not read,,,,,https://www.medicaid.gov/medicaid/managed-care/downloads/TN_Fee_IPH.OPH2_Amend_20240101-20241231.pdf,b476c68380e7897add67a26093886176d3511b615a02bac6c0d9341ea3dae155,2026-09-30T16:59:33Z,,0.1.0
TN_Fee_IPH.OPH2_Renewal_20230101-20231231,TN,Tennessee,Fee,FEE,IPH.OPH2,Renewal,Renewal,2023-01-01,2023-12-31,,"Minimum and maximum fee schedules established by the state for select inpatient and outpatient services provided at eligible hospitals for the rating period covering January 1, 2023 through December 31, 2023 incorporated in the capitation rates through a risk-based rate adjustment.",approval,numbered,154416446100.0,1544164461.0,"$1,544,164,461",102069270854.0,"$1,020,692,708.54",52347175218.0,"$523,471,752.18",,,True,False,False,,,,,,https://www.medicaid.gov/medicaid/managed-care/downloads/tn-fee-iph.oph2-renewal-20230101-20231231.pdf,dbd93d18e2c0bc201bc7c995ddfb32f6e8fbc9f27478caef21c5cf9fff0a277a,2026-09-30T16:59:34Z,,0.1.0
TN_Fee_IPH.OPH3_New_20230101-20231231,TN,Tennessee,Fee,FEE,IPH.OPH3,New,New,2023-01-01,2023-12-31,,"Uniform percentage increase established by the state for eligible inpatient and outpatient hospital services for the rating period, January 1, 2023 through December 31, 2023, incorporated into the capitation rates through a separate payment term up to $344,047,623.",form_only_no_letter,numbered,34404762300.0,344047623.0,"$344,047,623",22975500200.0,"$229,755,002",11429262100.0,"$114,292,621",,,True,False,False,,TN_Fee_IPH.OPH3_New_20230101-20231231,,,,https://www.medicaid.gov/medicaid/managed-care/downloads/TN_Fee_IPH.OPH3_New_20230101-20231231.pdf,82d05e678418d65ebeab2a28fb5db58d028df4f4485bce71aee65ff5b872b916,2026-09-30T16:59:36Z,,0.1.0
TN_Fee_IPH.OPH3_Renewal_20240101-20241231,TN,Tennessee,Fee,FEE,IPH.OPH3,Renewal,Renewal,2024-01-01,2024-12-31,,"Uniform percentage increase established by the state for eligible inpatient and outpatient hospital services for the rating period, January 1, 2024 through December 31, 2024, incorporated into the capitation rates through a separate payment term up to $344,047,623.",form_only_no_letter,numbered,34404762300.0,344047623.0,"344,047,623",22459428900.0,"224,594,289",11945333400.0,"119,453,334",,,False,True,False,no currency symbol or scale word; unit assumed,TN_Fee_IPH.OPH3_Rewewal_20240101-20241231,filename says 'TN_Fee_IPH.OPH3_Renewal_20240101-20241231'; document says 'TN_Fee_IPH.OPH3_Rewewal_20240101-20241231',,,https://www.medicaid.gov/medicaid/managed-care/downloads/TN_Fee_IPH.OPH3_Renewal_20240101-20241231.pdf,af35314e5ade647a38dd95139e3d69dc5c4657934161de135a423dfc1bc5f8c8,2026-09-30T16:59:37Z,,0.1.0
TN_Fee_IPH.OPH4_Amend_20250101-20251231,TN,Tennessee,Fee,FEE,IPH.OPH4,Amend,Amendment,2025-01-01,2025-12-31,,"Uniform percentage increase for inpatient and outpatient hospital services for the rating period covering January 1, 2025 through December 31, 2025, incorporated in the capitation rates through a separate payment term amount up to $3,204,114,577.",phase_down_determination,prose,,,,,,,,320411457700.0,separate_payment_term,False,False,False,not read,,,,,https://www.medicaid.gov/medicaid/managed-care/downloads/TN_Fee_IPH.OPH4_Amend_20250101-20251231.pdf,5c43113754a87e50dddfb43bda650de2d2e37c2ada9c00fc82ca9a4085b5914b,2026-09-30T16:59:38Z,,0.1.0
TN_Fee_IPH.OPH4_New_20240101-20241231,TN,Tennessee,Fee,FEE,IPH.OPH4,New,New,2024-01-01,2024-12-31,,"Uniform percentage increase established by the state for eligible inpatient and outpatient hospital services for the rating period, January 1, 2024 through December 31, 2024, incorporated into the capitation rates through a separate payment term of up to $1,602,057,288.50.",form_only_no_letter,numbered,160205728850.0,1602057288.5,"$1,602,057,288.50",104205816330.0,"$1,042,058,163.30",55999912520.0,"$559,999,125.20",,,True,False,False,,TN_Fee_IPH.OPH4_New_20240101-20241231,,,,https://www.medicaid.gov/medicaid/managed-care/downloads/TN_Fee_IPH.OPH4_New_20240101-20241231.pdf,761f85ef0b54881f659c2977b4056fc3d9e08d7c924589e982c29cfd97c16815,2026-09-30T16:59:39Z,,0.1.0
TN_Fee_IPH.OPH4_Renewal_20250101-20251231,TN,Tennessee,Fee,FEE,IPH.OPH4,Renewal,Renewal,2025-01-01,2025-12-31,,"Uniform percentage increase established by the state for inpatient and outpatient hospital services for the rating period, January 1, 2025 through December 31, 2025, incorporated into the capitation rates through a separate payment term of up to $3,204,114,577.",form_only_no_letter,numbered,320411457700.0,3204114577.0,"$3,204,114,577",207370295423.0,"$2,073,702,954.23",113041162277.0,"$1,130,411,622.77",,,True,False,False,,TN_Fee_IPH.OPH4_Renewal_20250101-20251231,,,,https://www.medicaid.gov/medicaid/managed-care/downloads/TN_Fee_IPH.OPH4_Renewal_20250101-20251231.pdf,e78b0a2f7611f9f275af07801a7f800da29adcaf792539b3b988dc81eccdf91c,2026-09-30T16:59:41Z,,0.1.0
TN_Fee_IPH.OPH4_Renewal_20260101-20261231,TN,Tennessee,Fee,FEE,IPH.OPH4,Renewal,Renewal,2026-01-01,2026-12-31,,"Uniform Percentage Increase for inpatient and outpatient hospital services for the rating period covering, January 1, 2026 through December 31, 2026, incorporated in the capitation rates through a separate payment term up to $3,204,114,577.",phase_down_determination,minimal,,,,,,,,320411457700.0,separate_payment_term,False,False,False,not read,,,,,https://www.medicaid.gov/medicaid/managed-care/downloads/TN_Fee_IPH.OPH4_Renewal_20260101-20261231.pdf,6e81432c6d0c00592de6962e3c8bc0585e2bafe0183bc1fa9efe753dec2d3721,2026-09-30T16:59:42Z,,0.1.0
TN_Fee_NF.HCBS.BHI.BHO.D.Oth_Renewal_20250101-20251231,TN,Tennessee,Fee,FEE,NF.HCBS.BHI.BHO.D.Oth,Renewal,Renewal,2025-01-01,2025-12-31,,"Minimum fee schedules established by the state for the following provider classes and services for the rating period, January 1, 2025 through December 31, 2025, incorporated into the capitation rates through a risk-based rate adjustment:",phase_down_determination,numbered,0.0,0.0,0,0.0,0,0.0,0,,,False,True,False,no currency symbol or scale word; unit assumed,TN_Fee_NF.HCBS.BHI.BHO.D.Oth_Renewal_20250101-20251231,,,,https://www.medicaid.gov/medicaid/managed-care/downloads/TN_Fee_NF.HCBS.BHI.BHO.D.Oth_Renewal_20250101-20251231.pdf,d51a31c21dadfe7ab44741a20826d4abe14856891c32615833cd7ea46f0108d4,2026-09-30T16:59:43Z,,0.1.0
TN_Fee_NF.HCBS.BHI.BHO.Oth_Renewal_20230101-20231231,TN,Tennessee,Fee,FEE,NF.HCBS.BHI.BHO.Oth,Renewal,Renewal,2023-01-01,2023-12-31,,"Minimum and maximum fee schedules established by the state for specific providers for the rating period covering January 1, 2023 through December 31, 2023 incorporated in the capitation rates through a risk-based rate adjustment.",approval,numbered,185100369400.0,1851003694.0,"$1,851,003,694",122351344173.0,1223513441.73,62749025227.0,627490252.27,,,True,False,False,,,,,,https://www.medicaid.gov/medicaid/managed-care/downloads/tn-fee-nf.hcbs.bhi.bho.oth-renewal-20230101-20231231.pdf,3eddef07c4017ffa606f44c1957911e59234121b93dc16f1d51e6ab0ccdb34eb,2026-09-30T16:59:44Z,,0.1.0
TN_Fee_NF.HCBS.BHI.BHO.Oth_Renewal_20260101-20261231,TN,Tennessee,Fee,FEE,NF.HCBS.BHI.BHO.Oth,Renewal,Renewal,2026-01-01,2026-12-31,,"Minimum fee schedules established by the state for the following provider classes and services for the rating period, January 1, 2026 through December 31, 2026, incorporated into the capitation rates through a risk-based rate adjustment with a zero dollar impact:",phase_down_determination,prose,,,,,,,,,,False,False,False,not read,,,,,https://www.medicaid.gov/medicaid/managed-care/downloads/TN_Fee_NF.HCBS.BHI.BHO.Oth_Renewal_20260101-20261231.pdf,4529d39568090c18f1cd3ec672074db8fea6d3c4341a04bf5f4c100e5923705a,2026-09-30T16:59:46Z,,0.1.0
TN_Fee_NF_Amend2_20250101-20251231,TN,Tennessee,Fee,FEE,NF,Amend2,Amendment,2025-01-01,2025-12-31,,"Uniform percentage increase for nursing facility services for rating periods covering January 1, 2025 through December 31, 2025, incorporated in the capitation rates through a separate payment term amount up to $80,545,210.",phase_down_determination,prose,,,,,,,,8054521000.0,separate_payment_term,False,False,False,not read,,,,,https://www.medicaid.gov/medicaid/managed-care/downloads/TN_Fee_NF_Amend2_20250101-20251231.pdf,eba3169736c774c6cfce29afa927e988e1fff34e6c3c420d5948bc99dfcbed2f,2026-09-30T16:59:47Z,,0.1.0
TN_Fee_NF_Amend_20230101-20231231,TN,Tennessee,Fee,FEE,NF,Amend,Amendment,2023-01-01,2023-12-31,,"Uniform percentage increase established by the state for nursing facility services for the rating period covering January 1, 2023 through December 31, 2023, incorporated in the capitation rates through a separate payment term of up to $174,025,614.",approval,numbered,17402561417.0,174025614.17,"$174,025,614.17",12055395117.0,"$120,553,951.17",5347166300.0,"$53,471,663.00",17402561400.0,separate_payment_term,True,False,False,,,,,,https://www.medicaid.gov/medicaid/managed-care/downloads/TN_Fee_NF_Amend_20230101-20231231.pdf,b97ab2c880cb0b02d70784b139b109d8d08d3da65e5dcff7b794dd0284f2451c,2026-09-30T16:59:48Z,,0.1.0
TN_Fee_NF_Amend_20240101-20241231,TN,Tennessee,Fee,FEE,NF,Amend,Amendment,2024-01-01,2024-12-31,,"Uniform percentage increase established by the state for nursing facility services for the rating period, January 1, 2024 through December 31, 2024, incorporated into the capitation rates through a separate payment term up to $89,005,752.",form_only_no_letter,numbered,8900575200.0,89005752.0,"$89,005,752",5787065200.0,"$57,870,652",3113510000.0,"$31,135,100",,,True,False,False,,TN,filename says 'TN_Fee_NF_Amend_20240101-20241231'; document says 'TN',,,https://www.medicaid.gov/medicaid/managed-care/downloads/TN_Fee_NF_Amend_20240101-20241231.pdf,0f0531437f884be61fbde7950c2132486bc75729a70baaf76009127d30724fb1,2026-09-30T16:59:50Z,,0.1.0
TN_Fee_NF_Amend_20250101-20251231,TN,Tennessee,Fee,FEE,NF,Amend,Amendment,2025-01-01,2025-12-31,,"Uniform percentage increase established by the state for nursing facility services for the rating period, January 1, 2025 through December 31, 2025, incorporated into the capitation rates through a separate payment term of up to $80,545,210.00.",form_only_no_letter,numbered,8054521000.0,80545210.0,"$80,545,210.00",5191425800.0,"$51,914,258.00",2863095200.0,"$28,630,952.00",,,True,False,False,,TN_Fee_NF_Amend_20250101-20251231,,,,https://www.medicaid.gov/medicaid/managed-care/downloads/TN_Fee_NF_Amend_20250101-20251231.pdf,1e3c049d6378e7ada22f147137a331b71d873fb7052e8eb72b568bacb8e29d8c,2026-09-30T16:59:51Z,,0.1.0
TN_Fee_NF_Renewal_20230101-20231231,TN,Tennessee,Fee,FEE,NF,Renewal,Renewal,2023-01-01,2023-12-31,,"Uniform increase for nursing facilities for the rating period covering January 1, 2023 through December 31, 2023, incorporated in the capitation rates through a separate payment term of up to $124,356,740.",approval,numbered,12435674000.0,124356740.0,"$124,356,740",3697166300.0,"$36,971,663",8738507700.0,"$87,385,077",12435674000.0,separate_payment_term,True,False,False,,,,,,https://www.medicaid.gov/medicaid/managed-care/downloads/tn-fee-nf-renewal-20230101-20231231.pdf,aa91ec8a52e4f7d0e2e809124571a32c8dfe72d1db82e29ce24ec61419a8c717,2026-09-30T16:59:52Z,,0.1.0
TN_Fee_NF_Renewal_20240101-20241231,TN,Tennessee,Fee,FEE,NF,Renewal,Renewal,2024-01-01,2024-12-31,,"Uniform percentage increase established by the state for nursing facility services for the rating period covering January 1, 2024 through December 31, 2024, incorporated in the capitation rates through a separate payment term of up to $47,523,042.",approval,numbered,4752304200.0,47523042.0,"$47,523,042",3102304200.0,"$31,023,042",1650000000.0,"$16,500,000",4752304200.0,separate_payment_term,True,False,False,,TN,filename says 'TN_Fee_NF_Renewal_20240101-20241231'; document says 'TN',,,https://www.medicaid.gov/medicaid/managed-care/downloads/TN_Fee_NF_Renewal_20240101-20241231.pdf,9c22557860f2c61fc6299745ad7d00be021b1eb0f06113500a6f210f63b9ff0a,2026-09-30T16:59:54Z,,0.1.0
TN_Fee_NF_Renewal_20250101-20251231,TN,Tennessee,Fee,FEE,NF,Renewal,Renewal,2025-01-01,2025-12-31,,"Uniform percentage increase established by the state for nursing facility services for the rating period, January 1, 2025 through December 31, 2025, incorporated into the capitation rates through a separate payment term of up to $41,482,710.",form_only_no_letter,numbered,4148271000.0,41482710.0,"$41,482,710",2685175800.0,"$26,851,758",1463095200.0,"$14,630,952",,,True,False,False,,TN_Fee_NF_Renewal_20250101-20251231,,,,https://www.medicaid.gov/medicaid/managed-care/downloads/TN_Fee_NF_Renewal_20250101-20251231.pdf,52102dc3b5079f3aa0d659c872c12115c75ee856e87251e372af99575c63904c,2026-09-30T16:59:55Z,,0.1.0
TN_Fee_NF_Renewal_20260101-20261231,TN,Tennessee,Fee,FEE,NF,Renewal,Renewal,2026-01-01,2026-12-31,,"Uniform percentage increase for nursing facility services for the rating period covering January 1, 2026 through December 31, 2026, incorporated in the capitation rates through a separate payment term amount up to $39,062,500.",phase_down_determination,minimal,,,,,,,,3906250000.0,separate_payment_term,False,False,False,not read,,,,,https://www.medicaid.gov/medicaid/managed-care/downloads/TN_Fee_NF_Renewal_20260101-20261231.pdf,27d98538e599856d5c090092a8c2c4e741d61fd3824a17f31ae8a582e1807e06,2026-09-30T16:59:56Z,,0.1.0
TN_Fee_Oth1_Renewal_20230101-20231231,TN,Tennessee,Fee,FEE,Oth1,Renewal,Renewal,2023-01-01,2023-12-31,,"Uniform dollar increase established by the state for ground ambulance service providers for the rating period covering January 1, 2023 through December 31, 2023, incorporated in the capitation rates through a risk-based rate adjustment.",approval,numbered,3097345133.0,30973451.33,"$30,973,451.33",2047345133.0,20473451.33,1050000000.0,10500000,,,True,False,False,,,,,,https://www.medicaid.gov/medicaid/managed-care/downloads/tn-fee-oth1-renewal-20230101-20231231.pdf,62a1d2048766b5702f3df6c619d40f087711e67e02549349169ad4ffb2d333de,2026-09-30T16:59:57Z,,0.1.0
TN_Fee_Oth1_Renewal_20250101-20251231,TN,Tennessee,Fee,FEE,Oth1,Renewal,Renewal,2025-01-01,2025-12-31,,"Uniform dollar increase established by the state for emergency ground ambulance services for the rating period, January 1, 2025 through December 31, 2025, incorporated into the capitation rates through a separate payment term up to $36,579,920.",form_only_no_letter,numbered,3657992000.0,36579920.0,"$36,579,920",2477558000.0,"$24,77,5580",1180434000.0,"$11,804,340.00",,,True,False,False,,TN_Fee_Oth1_Renewal_20250101-20251231,,,,https://www.medicaid.gov/medicaid/managed-care/downloads/TN_Fee_Oth1_Renewal_20250101-20251231.pdf,06a4f0801f4710b8a328e371add8b1f7f612d1949f4b57829a9f0a5eaf1d441e,2026-09-30T16:59:59Z,,0.1.0
TN_Fee_Oth1_Renewal_20260101-20261231,TN,Tennessee,Fee,FEE,Oth1,Renewal,Renewal,2026-01-01,2026-12-31,,"Uniform dollar increase for emergency ground ambulance services for rating periods covering January 1, 2026 through December 31, 2026, incorporated in the capitation rates through a separate payment term amount up to $30,225,000.",form_only_no_letter,minimal,,,,,,,,,,False,False,False,not read,,,,,https://www.medicaid.gov/medicaid/managed-care/downloads/TN_Fee_Oth1_Renewal_20260101-20261231.pdf,fd5c8ee1a3368564746b354c6f153c5b8ed4655248ea5003b4c8c3a38e8b3489,2026-09-30T17:00:00Z,,0.1.0
TN_Fee_Oth_New_20230101-20231231,TN,Tennessee,Fee,FEE,Oth,New,New,2023-01-01,2023-12-31,,"Uniform percentage increase established by the state for eligible behavioral health services for the rating period, January 1, 2023 through December 31, 2023, incorporated into the capitation rates through a risk-based rate adjustment.",form_only_no_letter,numbered,478100000.0,4781000.0,"$4,781,000",323625900.0,"$3,236,259",154474100.0,"$1,544,741",,,True,False,False,,,,,,https://www.medicaid.gov/medicaid/managed-care/downloads/TN_Fee_Oth_New_20230101-20231231.pdf,55e24e63b9610ca0c25b2c8bb9e3b690e2af92f3312561a7a2c108d19bd276c1,2026-09-30T17:00:01Z,,0.1.0
TN_VBP.Fee_AMC_Amend_20250101-20251231,TN,Tennessee,VBP.Fee,FEE.VBP,AMC,Amend,Amendment,2025-01-01,2025-12-31,,"Uniform percentage increase for professional services at an academic medical center for rating periods covering January 1, 2025 through December 31, 2025, incorporated in the capitation rates through a separate payment term amount up to $15,741,366.",phase_down_determination,prose,,,,,,,,1574136600.0,separate_payment_term,False,False,False,not read,,,,,https://www.medicaid.gov/medicaid/managed-care/downloads/TN_VBP.Fee_AMC_Amend_20250101-20251231.pdf,08dbfdc071dbfc539bb25c8ce99e61e44d09f71d8a61c8b4e49fbc05e842cfdd,2026-09-30T17:00:02Z,,0.1.0
TN_VBP.Fee_AMC_Renewal_20230101-20231231,TN,Tennessee,VBP.Fee,FEE.VBP,AMC,Renewal,Renewal,2023-01-01,2023-12-31,,"Value based payment arrangement and uniform dollar increase established by the state for physician practice plans affiliated with Tennessee’s public medical schools for the rating period covering January 1, 2023 through December 31, 2023, incorporated in the capitation rates through a risk-based rate adjustment.",approval,numbered,1557543800.0,15575438.0,"$15,575,438",1033586100.0,10335861,523957700.0,5239577,,,True,False,False,,,,,,https://www.medicaid.gov/medicaid/managed-care/downloads/tn-vbp.fee-amc-renewal-20230101-20231231.pdf,4de4f4b5d36d4f44d0b692c6b55fa3d8abd1a84cae55b21585e4b9267b373839,2026-09-30T17:00:04Z,,0.1.0
TN_VBP.Fee_AMC_Renewal_20240101-20241231,TN,Tennessee,VBP.Fee,FEE.VBP,AMC,Renewal,Renewal,2024-01-01,2024-12-31,,"Uniform percentage increase and value-based payments established by the state for professional services at an academic medical center for the rating period, January 1, 2024 through December 31, 2024, incorporated into the capitation rates through a separate payment term up to $16,638,000.",form_only_no_letter,numbered,5390000000.0,53900000.0,"$53,900,000",3499008000.0,"$34,990,080",1890992000.0,"$18,909,920",,,True,False,False,,TN_Fee.VBP_PC_Renewal_20240101-2024123,filename says 'TN_VBP.Fee_AMC_Renewal_20240101-20241231'; document says 'TN_Fee.VBP_PC_Renewal_20240101-2024123',,,https://www.medicaid.gov/medicaid/managed-care/downloads/TN_VBP.Fee_AMC_Renewal_20240101-20241231.pdf,4b4bee21951290dcf1021a8cd01c5d42930d3f6c73b45502f5142c86db74eaa7,2026-09-30T17:00:05Z,,0.1.0
TN_VBP.Fee_AMC_Renewal_20250101-20251231,TN,Tennessee,VBP.Fee,FEE.VBP,AMC,Renewal,Renewal,2025-01-01,2025-12-31,,"Value-based payment and uniform percentage increase established by the state for professional services at an academic medical center for the rating period, January 1,2025 through December 31, 2025, incorporated into the capitation rates through a separate payment term of up to $15,741,366.",form_only_no_letter,numbered,1574136600.0,15741366.0,"$15,741,366",1018938600.0,"$10,189,386",555198000.0,"$5,551,980",,,True,False,False,,TN_VBP.Fee_AMC_Renewal_20250101-20251231,,,,https://www.medicaid.gov/medicaid/managed-care/downloads/TN_VBP.Fee_AMC_Renewal_20250101-20251231.pdf,f5f8797685f8d67720c9678bb89c97201ecb9a6af2e6c18f90866e5ecf63e46e,2026-09-30T17:00:07Z,,0.1.0
TN_VBP.Fee_AMC_Renewal_20260101-20261231,TN,Tennessee,VBP.Fee,FEE.VBP,AMC,Renewal,Renewal,2026-01-01,2026-12-31,,"Value-based payment and uniform percentage increase for professional services at an academic medical center for the rating period covering January 1, 2026 through December 31, 2026, incorporated in the capitation rates through a separate payment term amount up to $13,992,062.",phase_down_determination,prose,,,,,,,,1399206200.0,separate_payment_term,False,False,False,not read,,,,,https://www.medicaid.gov/medicaid/managed-care/downloads/TN_VBP.Fee_AMC_Renewal_20260101-20261231.pdf,c32750244d09e87f0a549828ff556512f6a72f0cc0d8d848793f839970c9cc05,2026-09-30T17:00:08Z,,0.1.0
TN_VBP.Fee_PC_Renewal_20230101-20231231,TN,Tennessee,VBP.Fee,FEE.VBP,PC,Renewal,Renewal,2023-01-01,2023-12-31,,"Value based payment arrangement and fee schedule for Patient-Centered Medical Homes program established by the state for the rating period covering January 1, 2023 through December 31, 2023 incorporated in the capitation rates through a risk-based rate adjustment.",approval,numbered,4745050508.0,47450505.08,"Approximately $47,450,505.08 (annually)",3136478386.0,31364783.86,1608572122.0,16085721.22,,,True,False,False,,TN_VBP.Fee_PC_Renewal_20230101-20231231 (PCMH),filename says 'TN_VBP.Fee_PC_Renewal_20230101-20231231'; document says 'TN_VBP.Fee_PC_Renewal_20230101-20231231 (PCMH)',,,https://www.medicaid.gov/medicaid/managed-care/downloads/tn-vbp.fee-pc-renewal-20230101-20231231.pdf,b099866b820f51b23029359b66364c828c5d6c1afb0b7a8ffbe50ccfcab04730,2026-09-30T17:00:09Z,,0.1.0
TN_VBP_BHO_Renewal_20260101-20281231,TN,Tennessee,VBP,VBP,BHO,Renewal,Renewal,2026-01-01,2028-12-31,,"Value-Based Purchasing Model for behavioral health outpatient services for the rating period covering January 1, 2026 through December 31, 2028, incorporated in the capitation rates through a risk-based rate adjustment up to $27,000,000.",form_only_no_letter,minimal,,,,,,,,,,False,False,False,not read,,,,,https://www.medicaid.gov/medicaid/managed-care/downloads/TN_VBP_BHO_Renewal_20260101-20281231.pdf,261bfd38a6cd1159328efc6162ac970363b4818a41caf6ec2d0f9db717bcfddd,2026-09-30T17:00:11Z,,0.1.0
TN_VBP_HCBS1_Amend_20220101-20241231,TN,Tennessee,VBP,VBP,HCBS1,Amend,Amendment,2022-01-01,2024-12-31,,"Value-based payment arrangement established by the state for eligible home and community-based service (HCBS) providers for the rating periods covering January 1, 2022 through December 31, 2024, incorporated in the capitation rates through a separate payment term of up to $50,000,000.",approval,numbered,5000000000.0,50000000.0,"$50,000,000  (Estimated $16.7M per rating period)",3493640000.0,34936400,1506360000.0,15063600,5000000000.0,separate_payment_term,True,False,False,,,,,,https://www.medicaid.gov/medicaid/managed-care/downloads/TN_VBP_HCBS1_Amend_20220101-20241231.pdf,ef1b163c7ed9c779c4650f55af53ac6c3cb4c89f78849264c5400c5cd258931c,2026-09-30T17:00:12Z,,0.1.0
TX_Fee_IPH.OPH.BHI_Amend_20230901-20240831,TX,Texas,Fee,FEE,IPH.OPH.BHI,Amend,Amendment,2023-09-01,2024-08-31,,"Comprehensive Hospital Increase Reimbursement Program (CHIRP) directed payment for the rating period covering September 1, 2023 through August 31, 2024, incorporated in the capitation rates through a risk-based rate adjustment.",approval,numbered,650456830600.0,6504568306.0,"$6,504,568,306",394892341900.0,"$3,948,923,419",255564488800.0,"$2,555,644,888",,,True,False,False,,,,,,https://www.medicaid.gov/medicaid/managed-care/downloads/TX_Fee_IPH.OPH.BHI_Amend_20230901-20240831.pdf,e33ed8794c1ac4edb59846e69ffd8434c96f422c7121768bedfa2c1702b47caa,2026-09-30T17:00:13Z,,0.1.0
TX_Fee_Oth1_Amend_20230901-20240831,TX,Texas,Fee,FEE,Oth1,Amend,Amendment,2023-09-01,2024-08-31,,"Rural Access to Primary and Preventative Services (RAPPS) for the rating period covering September 1, 2023 through August 31, 2024, incorporated in the capitation rates through a risk-based rate adjustment.",form_only_no_letter,numbered,2808699200.0,28086992.0,"$28,086,992",1705161300.0,"$ 17,051,613",1103537900.0,"$ 11,035,379",,,True,False,False,,,,,,https://www.medicaid.gov/medicaid/managed-care/downloads/TX_Fee_Oth1_Amend_20230901-20240831.pdf,10c261b91f7a336b83c4a27ad897c50dfe44a6729948f1210a4f1dd08969aaa7,2026-09-30T17:00:15Z,,0.1.0
TX_Fee_Oth1_Renewal_20240901-20250831,TX,Texas,Fee,FEE,Oth1,Renewal,Renewal,2024-09-01,2025-08-31,,"Rural Access to Primary and Preventative Services (RAPPS) for the rating period covering September 1, 2024 through August 31, 2025, incorporated in the capitation rates through a risk-based rate adjustment.",approval,numbered,2191852300.0,21918523.0,"$21,918,523",1315330600.0,"$ 13,153,306",876521700.0,"$ 8,765,217",,,True,False,False,,,,,,https://www.medicaid.gov/medicaid/managed-care/downloads/TX_Fee_Oth1_Renewal_20240901-20250831.pdf,2d425a4534020e1b0a8b6fddcdab0f1de89dd0cb04c2b844848a9c4016fd4741,2026-09-30T17:00:16Z,,0.1.0
TX_Fee_Oth1_Renewal_20250901-20260831,TX,Texas,Fee,FEE,Oth1,Renewal,Renewal,2025-09-01,2026-08-31,,"Rural Access to Primary and Preventative Services (RAPPS), which is a uniform increase for Rural Health Clinics, for the rating period covering September 1, 2025through August 31, 2026, incorporated in the capitation rates through a risk-based rate adjustment.",,,,,,,,,,,,False,False,False,,,,,,https://www.medicaid.gov/medicaid/managed-care/downloads/.pdf,,2026-09-30T16:25:50Z,,0.1.0
TX_Fee_Oth_Renewal_20240901-20250831,TX,Texas,Fee,FEE,Oth,Renewal,Renewal,2024-09-01,2025-08-31,,"Behavioral Health Services (BHS) directed payment program for the rating period covering September 1, 2024 through August 31, 2025, incorporated in the capitation rates through a risk-based rate adjustment.",form_only_no_letter,numbered,15716352100.0,157163521.0,"$157,163,521",9431382900.0,"$94,313,829",6284969200.0,"$62,849,692",,,True,False,False,,,,,,https://www.medicaid.gov/medicaid/managed-care/downloads/TX_Fee_Oth_Renewal_20240901-20250831.pdf,1b15f61f00bc01049c1a07db38dd80ec6ce124dc6856f893e22921e3d7181e36,2026-09-30T17:00:18Z,,0.1.0
TX_Fee_Oth_Renewal_20250901-20260831,TX,Texas,Fee,FEE,Oth,Renewal,Renewal,2025-09-01,2026-08-31,,"Behavioral Health Services (BHS) directed payment program, which is a uniform increase for Community Mental Health Centers and Local Behavioral Health Authorities, for the rating period covering September 1, 2025 through August 31, 2026, incorporated in the capitation rates through a risk-based rate adjustment.",phase_down_determination,numbered,13181909158.0,131819091.58,"$131,819,091.58",7888054440.0,"$78,880,544.40",5293854718.0,"$ 52,938,547.18",,,True,False,False,,,,,,https://www.medicaid.gov/medicaid/managed-care/downloads/TX_Fee_Oth_Renewal_20250901-20260831.pdf,e3af3fe49f93847aff17474ee68ff013691dc48783c4ddb35568a4d7440ed485,2026-09-30T17:00:20Z,,0.1.0
TX_Fee_Oth_Renewal_20260901-20270831,TX,Texas,Fee,FEE,Oth,Renewal,Renewal,2026-09-01,2027-08-31,,"Behavioral Health Services (BHS) directed payment program, which is a uniform increase for Community Mental Health Centers and Local Behavioral Health Authorities, for the rating period covering September 1, 2026 through August 31, 2027, incorporated in the capitation rates through a risk-based rate adjustment.",form_only_no_letter,prose,,,,,,,,,,False,False,False,not read,,,,,https://www.medicaid.gov/medicaid/managed-care/downloads/TX_Fee_Oth_Renewal_20260901-20270831.pdf,053dcb42e4ae65ebd1630e36e4bbf91fff5498e73e9231b45c122d5f688b7a93,2026-09-30T17:00:21Z,,0.1.0
TX_VBP.Fee_AMC.PC.SP_Amend_20250901-20260831,TX,Texas,VBP.Fee,FEE.VBP,AMC.PC.SP,Amend,Amendment,2025-09-01,2026-08-31,,"Texas Incentive Physicians and Professional Services, which has components consisting of both uniform increases and pay for performance for eligible providers, for the rating period covering September 1, 2025 through August 31, 2026, incorporated in the capitation rates through a risk-based rate adjustment of up to $645,410,146.",phase_down_determination,prose,,,,,,,,64541014600.0,risk_based_adjustment,False,False,False,not read,,,,,https://www.medicaid.gov/medicaid/managed-care/downloads/TX_VBP.Fee_AMC.PC.SP_Amend_20250901-20260831.pdf,277384859fe968ff2695cbc3761faa01e1bfa25bb4f29d68c3f8ce91137762de,2026-09-30T17:00:22Z,,0.1.0
TX_VBP.Fee_AMC.PC.SP_Renewal_20250901-20260831,TX,Texas,VBP.Fee,FEE.VBP,AMC.PC.SP,Renewal,Renewal,2025-09-01,2026-08-31,,"Texas Incentive Physicians and Professional Services , which has components consisting of both uniform increases and pay for performance for eligible providers, for the rating period covering September 1, 2025 through August 31, 2026, incorporated in the capitation rates through a risk-based rate adjustment.",phase_down_determination,numbered,65441014600.0,654410146.0,"$654,410,146",39159903147.0,"$391,599,031.47",26281111470.0,"$262,811,114.70",,,True,False,False,,,,,,https://www.medicaid.gov/medicaid/managed-care/downloads/TX_VBP.Fee_AMC.PC.SP_Renewal_20250901-20260831.pdf,8beb34f2611c3d32435cf517fe8b0b3722b686088ac441fe9acf21eaf2499d5d,2026-09-30T17:00:24Z,,0.1.0
TX_VBP.Fee_IPH.OPH.BHI_Amend2_20240901-20250831,TX,Texas,VBP.Fee,FEE.VBP,IPH.OPH.BHI,Amend2,Amendment,2024-09-01,2025-08-31,,"Comprehensive Hospital Increase Reimbursement Program (CHIRP) for the rating period covering September 1, 2024 through August 31, 2025, incorporated in the capitation rates through a risk-based rate adjustment.",phase_down_determination,numbered,648624367600.0,6486243676.0,"$6,486,243,676",389239483000.0,"$3,892,394,830",259384884600.0,"$2,593,848,846",,,True,False,False,,,,,,https://www.medicaid.gov/medicaid/managed-care/downloads/TX_VBP.Fee_IPH.OPH.BHI_Amend2_20240901-20250831.pdf,73dd351af3566b07708fa2f0621832899e49eeecbfb39861ad228df19eabcdd2,2026-09-30T17:00:25Z,,0.1.0
TX_VBP.Fee_IPH.OPH.BHI_Amend_20240901-20250831,TX,Texas,VBP.Fee,FEE.VBP,IPH.OPH.BHI,Amend,Amendment,2024-09-01,2025-08-31,,"Comprehensive Hospital Increase Reimbursement Program (CHIRP) for the rating period covering September 1, 2024 through August 31, 2025, incorporated in the capitation rates through a risk-based rate adjustment.",approval,numbered,648624367600.0,6486243676.0,"$6,486,243,676",389239483000.0,"$3,892,394,830",259384884600.0,"$2,593,848,846",,,True,False,False,,,,,,https://www.medicaid.gov/medicaid/managed-care/downloads/TX_VBP.Fee_IPH.OPH.BHI_Amend_20240901-20250831.pdf,516bfa753a8332b14d1b35a2af5e36a4f13df787878dc52c5b8b4923b16bcc83,2026-09-30T17:00:26Z,,0.1.0
TX_VBP.Fee_IPH.OPH.BHI_Renewal_20240901-20250831,TX,Texas,VBP.Fee,FEE.VBP,IPH.OPH.BHI,Renewal,Renewal,2024-09-01,2025-08-31,,"Comprehensive Hospital Increase Reimbursement Program (CHIRP) for the rating period covering September 1, 2024 through August 31, 2025, incorporated in the capitation rates through a risk-based rate adjustment.",approval,numbered,648183201100.0,6481832011.0,"$6,481,832,011",388974739000.0,"$3,889,747,390",259208462100.0,"$2,592,084,621",,,True,False,False,,,,,,https://www.medicaid.gov/medicaid/managed-care/downloads/TX_VBP.Fee_IPH.OPH.BHI_Renewal_20240901-20250831.pdf,890c96977f898d8c66efc4704a5228dca65155636c49632307b3034602add0f3,2026-09-30T17:00:27Z,,0.1.0
TX_VBP.Fee_IPH.OPH.BHI_Renewal_20250901-20260831,TX,Texas,VBP.Fee,FEE.VBP,IPH.OPH.BHI,Renewal,Renewal,2025-09-01,2026-08-31,,"Comprehensive Hospital Increase Reimbursement Program (CHIRP), which has components consisting of both uniform increases and pay for performance for eligible hospitals, for the rating period covering September 1, 2025 through August 31, 2026, incorporated in the capitation rates through a risk-based rate adjustment.",phase_down_determination,numbered,914876314200.0,9148763142.0,"$9,148,763,142",547461986400.0,"$5,474,619,864",367414327800.0,"$3,674,143,278",,,True,False,False,,,,,,https://www.medicaid.gov/medicaid/managed-care/downloads/TX_VBP.Fee_IPH.OPH.BHI_Renewal_20250901-20260831.pdf,efa528b9d93ddea264fef59eedb8abd867ddddbb457c23eeb0c13a81b7344bb9,2026-09-30T17:00:29Z,,0.1.0
TX_VBP_NF_Amend2_20240901-20270831,TX,Texas,VBP,VBP,NF,Amend2,Amendment,2024-09-01,2027-08-31,,"Quality Improvement Payment Program (QIPP) for the rating period covering September1, 2024 through August 31, 2027, incorporated in the capitation rates through a risk-based rate adjustment of up to $1,750,000,000 for each rating period.",phase_down_determination,numbered,175000000000.0,1750000000.0,"$1,750,000,000 per year for SFY25, SFY26 and SFY27",105017500000.0,"$1,050,175,000",69982500000.0,"$699,825,000",,,True,False,False,,,,,,https://www.medicaid.gov/medicaid/managed-care/downloads/TX_VBP_NF_Amend2_20240901-20270831.pdf,5828ce74ccdf1f05727e422c595c3052cc628115b0cdc7fe8da5327975781487,2026-09-30T17:00:31Z,,0.1.0
TX_VBP_NF_Amend_20240901-20270831,TX,Texas,VBP,VBP,NF,Amend,Amendment,2024-09-01,2027-08-31,,"Quality Improvement Payment Program (QIPP) for the rating period covering September1, 2024 through August 31, 2027, incorporated in the capitation rates through a risk-based rate adjustment.",form_only_no_letter,numbered,175000000000.0,1750000000.0,"$1,750,000,000 per year for SFY25, SFY26 and SFY27",105017500000.0,"$1,050,175,000",69982500000.0,"$699,825,000",,,True,False,False,,,,,,https://www.medicaid.gov/medicaid/managed-care/downloads/TX_VBP_NF_Amend_20240901-20270831.pdf,eb2b9139a343043300b16fbd2dcbb3e9b748be1027f43f72ef63716cd8bd4c9e,2026-09-30T17:00:32Z,,0.1.0
TX_VBP_NF_Renewal_20240901-20270831,TX,Texas,VBP,VBP,NF,Renewal,Renewal,2024-09-01,2027-08-31,,"Quality Improvement Payment Program (QIPP) for the rating period covering September 1, 2024 through August 31, 2027, incorporated in the capitation rates through a risk-based rate adjustment.",approval,numbered,175000000000.0,1750000000.0,"$1,750,000,000 per year for SFY25, SFY26 and SFY27",105017500000.0,"$1,050,175,000",69982500000.0,"$699,825,000",,,True,False,False,,,,,,https://www.medicaid.gov/medicaid/managed-care/downloads/TX_VBP_NF_Renewal_20240901-20270831.pdf,871e1ad13528c0f4a19127a52c948aed74e96bf596e3a7dbe5d6436bcff4c594,2026-09-30T17:00:34Z,,0.1.0
Tx-Fee-Amc-Pc-Sp-Renewal-20220901-20230831,TX,Texas,Fee,FEE,Amc_Pc_Sp,Renewal,Renewal,2022-09-01,2023-08-31,,"Texas Incentives for Physicians and Professional Services (TIPPS) program for the rating period covering September 1, 2023 through August 31, 2024, incorporated in the capitation rates through a risk-based rate adjustment.",approval,numbered,75650493800.0,756504938.0,"$756,504,938",45927414800.0,"$459,274,148",29723078900.0,"$297,230,789",,,True,False,False,,,,state code was not upper case; fields were hyphen separated,,https://www.medicaid.gov/medicaid/managed-care/downloads/tx-fee-amc-pc-sp-renewal-20220901-20230831.pdf,c520db948f61154343717e90464feac7f1e64736fe4122ab1b86b5ad8386f9f6,2026-09-30T17:00:37Z,,0.1.0
Tx-Fee-Iph-Oph-Bhi-Renewal-20220901-20230831,TX,Texas,Fee,FEE,Iph_Oph_Bhi,Renewal,Renewal,2022-09-01,2023-08-31,,"Comprehensive Hospital Increase Reimbursement Program (CHIRP) directed payment for the rating period covering September 1, 2023 through August 31, 2024, incorporated in the capitation rates through a risk-based rate adjustment.",approval,numbered,650451444900.0,6504514449.0,"$6,504,514,449",394889072200.0,"$3,948,890,722",255562372700.0,"$2,555,623,727",,,True,False,False,,,,state code was not upper case; fields were hyphen separated,,https://www.medicaid.gov/medicaid/managed-care/downloads/tx-fee-iph-oph-bhi-renewal-20220901-20230831.pdf,fe2c1c6f1f63a542fab64956526cfab1c6ffa69289b018f8597cd4b33c4c3e44,2026-09-30T17:00:39Z,,0.1.0
Tx-Fee-Oth-Renewal-20230901-20240831,TX,Texas,Fee,FEE,Oth,Renewal,Renewal,2023-09-01,2024-08-31,,"Behavioral Health Services (BHS) directed payment program for the rating period covering September 1, 2023 through August 31, 2024, incorporated in the capitation rates through a risk-based rate adjustment.",approval,numbered,16410007612.0,164100076.12,"$164,100,076.12",9962515621.0,"$99,625,156.21",6447491991.0,"$64,474,919.91",,,True,False,False,,,,state code was not upper case; fields were hyphen separated,,https://www.medicaid.gov/medicaid/managed-care/downloads/tx-fee-oth-renewal-20230901-20240831.pdf,3cb3c08db412fa692f641ed6edd97ef643ae80b3f0abd36638e55e8ca3448851,2026-09-30T17:00:41Z,,0.1.0
Tx-Fee-Oth1-Renewal-20230901-20240831,TX,Texas,Fee,FEE,Oth1,Renewal,Renewal,2023-09-01,2024-08-31,,"Rural Access to Primary and Preventative Services (RAPPS) for the rating period covering September 1, 2023 through August 31, 2024, incorporated in the capitation rates through a risk-based rate adjustment.",approval,numbered,2805555700.0,28055557.0,"$28,055,557",1703252900.0,"$ 17,032,529",1102302800.0,"$ 11,023,028",,,True,False,False,,,,state code was not upper case; fields were hyphen separated,,https://www.medicaid.gov/medicaid/managed-care/downloads/tx-fee-oth1-renewal-20230901-20240831.pdf,94253694733ad562cc107a466820968988123304fdf4aa2af662e39236d19a36,2026-09-30T17:00:43Z,,0.1.0
Tx-Vbp-Fee-Nf-Renewal-20230901-20240831,TX,Texas,Vbp.Fee,FEE.VBP,Nf,Renewal,Renewal,2023-09-01,2024-08-31,,"Quality Improvement Payment Program (QIPP) for the rating period covering September 1, 2023 through August 31, 2024, incorporated in the capitation rates through a risk-based rate adjustment.",approval,numbered,110000000000.0,1100000000.0,"$1,100,000,000",66781000000.0,"$667,810,000",43219000000.0,"$432,190,000",,,True,False,False,,,,state code was not upper case; fields were hyphen separated; combined payment type was split across two tokens,,https://www.medicaid.gov/medicaid/managed-care/downloads/tx-vbp-fee-nf-renewal-20230901-20240831.pdf,e496738f934de24d3968d75fe0d6ce53ba5166af6f34a724e333b40037a8c2e3,2026-09-30T17:00:46Z,,0.1.0
UT_Fee_AMC_Renewal_20230701-20240630,UT,Utah,Fee,FEE,AMC,Renewal,Renewal,2023-07-01,2024-06-30,,"Uniform percentage increase for professional services at an academic medical center for state teaching hospitals for the rating period covering July 1, 2023 through June 30, 2024, incorporated in the capitation rates through a separate payment term of up to $48,050,958.",approval,numbered,4805095800.0,48050958.0,"$48,050,958",3214609100.0,"$ 32,146,091",1590486700.0,"$ 15,904,867",4805095800.0,separate_payment_term,True,False,False,,,,,,https://www.medicaid.gov/medicaid/managed-care/downloads/UT_Fee_AMC_Renewal_20230701-20240630.pdf,4ca1ddb6bac44965e427fe3c1dd347e1b2a49932d57025b8a051802c4e972374,2026-09-30T17:00:48Z,,0.1.0
UT_Fee_AMC_Renewal_20240701-20250630,UT,Utah,Fee,FEE,AMC,Renewal,Renewal,2024-07-01,2025-06-30,,"Uniform percentage increase for professional services at an academic medical center for state teaching hospitals for the rating period covering July 1, 2024 through June 30,2025, incorporated in the capitation rates through a separate payment term of up to$49,595,750.",phase_down_determination,minimal,,,,,,,,4959575000.0,separate_payment_term,False,False,False,not read,,,,,https://www.medicaid.gov/medicaid/managed-care/downloads/UT_Fee_AMC_Renewal_20240701-20250630.pdf,229eeb9392bce5f0694a211036676fd665d92738be2f98151c8fcfaee3e339bb,2026-09-30T17:00:49Z,,0.1.0
UT_Fee_AMC_Renewal_20250701-20260630,UT,Utah,Fee,FEE,AMC,Renewal,Renewal,2025-07-01,2026-06-30,,"Uniform percentage increase for professional services at an academic medical center for state teaching hospitals for the rating period covering July 1, 2025 through June 30, 2026, incorporated in the capitation rates through a separate payment term of up to $58,211,235.",phase_down_determination,prose,,,,,,,,5821123500.0,separate_payment_term,False,False,False,not read,,,,,https://www.medicaid.gov/medicaid/managed-care/downloads/UT_Fee_AMC_Renewal_20250701-20260630.pdf,cacfbf3b9807ca579e39593bf7a8dda9427a3a8fa2b9af9c3852b33cf7ff9c4c,2026-09-30T17:00:50Z,,0.1.0
UT_Fee_BHO_Renewal_20220701-20230630,UT,Utah,Fee,FEE,BHO,Renewal,Renewal,2022-07-01,2023-06-30,,"Alternative fee schedule established by the state for behavioral health services for the rating period covering July 1, 2022 through June 30, 2023, incorporated in the capitation rates through a risk-based rate adjustment.",approval,numbered,1578440000.0,15784400.0,"$15,784,400",1420596000.0,"$14,205,960",157844000.0,"$1,578,440",,,True,False,False,,https://meet.google.com/zjy-ukus-tmn,filename says 'UT_Fee_BHO_Renewal_20220701-20230630'; document says 'https://meet.google.com/zjy-ukus-tmn',,,https://www.medicaid.gov/medicaid/managed-care/downloads/ut-fee-bho-renewal-20220701-20230630.pdf,2b1d9d64a3400ac0af18a6fc42678368fc7854d4087e5d8216f6e4816de3b417,2026-09-30T17:00:52Z,,0.1.0
UT_Fee_BHO_Renewal_20230701-20240630,UT,Utah,Fee,FEE,BHO,Renewal,Renewal,2023-07-01,2024-06-30,,"An alternative fee schedule established by the state for behavioral health outpatient services for the rating period covering July 1, 2023 through June 30, 2024, incorporated in the capitation rates through a risk-based adjustment.",approval,numbered,1578440000.0,15784400.0,"$15,784,400",1420596000.0,"$14,205,960",157844000.0,"$1,578,440",,,True,False,False,,https://meet.google.com/zjy-ukus-tmn,filename says 'UT_Fee_BHO_Renewal_20230701-20240630'; document says 'https://meet.google.com/zjy-ukus-tmn',,,https://www.medicaid.gov/medicaid/managed-care/downloads/UT_Fee_BHO_Renewal_20230701-20240630.pdf,b6e9743ff8d3a1021dc35bfc723095d3d60cc401acd0098c59e69bf67f5dc09f,2026-09-30T17:00:53Z,,0.1.0
UT_Fee_BHO_Renewal_20240701-20250630,UT,Utah,Fee,FEE,BHO,Renewal,Renewal,2024-07-01,2025-06-30,,"An alternative fee schedule established by the state for behavioral health outpatient services for the rating period covering July 1, 2024 through June 30, 2025, incorporated in the capitation rates through a risk-based adjustment.",form_only_no_letter,numbered,1578440000.0,15784400.0,"$15,784,400",1420596000.0,"$14,205,960",157844000.0,"$1,578,440",,,True,False,False,,,,,,https://www.medicaid.gov/medicaid/managed-care/downloads/UT_Fee_BHO_Renewal_20240701-20250630.pdf,a5737a8f31ba3b58c6f1f94cb98bf032046ccc780b6b5270923e05154c0ff551,2026-09-30T17:00:54Z,,0.1.0
UT_Fee_HCBS.BHI.BHO2_Renewal_20230701-20240630,UT,Utah,Fee,FEE,HCBS.BHI.BHO2,Renewal,Renewal,2023-07-01,2024-06-30,,"A uniform percent increase for home and community-based services providers, behavioral health providers, and school based services providers for the rating period covering July 1, 2023 through June 30, 2024, incorporated in the capitation rates through a separate payment term of up to $9,962,925.",form_only_no_letter,numbered,996292500.0,9962925.0,"$9,962,925",666519700.0,"$6,665,197",329772800.0,"$3,297,728",,,True,False,False,,,,,,https://www.medicaid.gov/medicaid/managed-care/downloads/UT_Fee_HCBS.BHI.BHO2_Renewal_20230701-20240630.pdf,beb85034e0c444651c61ae540a8193d14bae0340941a39c108ac4bd25f5f0114,2026-09-30T17:00:56Z,,0.1.0
UT_Fee_HCBS.BHI.BHO2_Renewal_20240701-20250630,UT,Utah,Fee,FEE,HCBS.BHI.BHO2,Renewal,Renewal,2024-07-01,2025-06-30,,"Uniform increase established by the state for home and community-based services providers, behavioral health providers, and school-based services providers for the rating period covering July 1, 2024 through June 30, 2025, incorporated in the capitation rates through a separate payment term of up to $12,506,781.",form_only_no_letter,numbered,1250678100.0,12506781.0,"$12,506,781",809689000.0,"$8,096,890",440989100.0,"$4,409,891",,,True,False,False,,,,,,https://www.medicaid.gov/medicaid/managed-care/downloads/UT_Fee_HCBS.BHI.BHO2_Renewal_20240701-20250630.pdf,13c9cb6558056afadd10520a9f009beb95233c9ef7a15e6df0633768d5b56614,2026-09-30T17:00:57Z,,0.1.0
UT_Fee_HCBS.BHI.BHO_Amend_20220701-20230630,UT,Utah,Fee,FEE,HCBS.BHI.BHO,Amend,Amendment,2022-07-01,2023-06-30,,"A uniform percent increase for home and community based services providers, behavioral health providers, and school based services providers for the rating period covering July 1, 2022 through June 30, 2023, incorporated in the capitation rates through a separate payment term of up to $9,824,743.",form_only_no_letter,numbered,982474300.0,9824743.0,"$9,824,743",688714500.0,"$6,887,145",293759800.0,"$2,937,598",,,True,False,False,,,,,,https://www.medicaid.gov/medicaid/managed-care/downloads/UT_Fee_HCBS.BHI.BHO_Amend_20220701-20230630.pdf,97f69ca02148e4c5498d64658b99d6b29446ce7fc910b1429e355ae6d35ecd85,2026-09-30T17:00:59Z,,0.1.0
UT_Fee_IPH1_Amend_07012022-06302023,UT,Utah,Fee,FEE,IPH1,Amend,Amendment,2022-07-01,2023-06-30,,"Uniform dollar increase for private inpatient hospital services for the rating period covering July 1, 2022 through June 30, 2023, incorporated in the capitation rates through a separate payment term of up to $154,000,000.",form_only_no_letter,numbered,15400000000.0,154000000.0,"$154,000,000",10184020000.0,"$101,840,200.00",5215980000.0,"$52,159,800.00",,,True,False,False,,,,date read as MMDDYYYY,,https://www.medicaid.gov/medicaid/managed-care/downloads/UT_Fee_IPH1_Amend_07012022-06302023.pdf,4466465a445551573f148455e54f47444c20125da4d5340fd2ec6a88dd2e64e0,2026-09-30T17:01:00Z,,0.1.0
UT_Fee_IPH1_Renewal_20230701-20240630,UT,No state,Fee,FEE,IPH1,Renewal,Renewal,2023-07-01,2024-06-30,,"Uniform percentage increase for inpatient hospital services for privately owned hospitals for the rating period covering July 1, 2023 through June 30, 2024, incorporated in the capitation rates through a separate payment term of up to $300,510,817.",approval,numbered,30051081700.0,300510817.0,"$300,510,817",20104173700.0,"$201,041,737",9946908100.0,"$99,469,081",30051081700.0,separate_payment_term,True,False,False,,,,,,https://www.medicaid.gov/medicaid/managed-care/downloads/UT_Fee_IPH1_Renewal_20230701-20240630.pdf,415f5a4feb0190429d0df7a0bb38dffd713cecfa20ac06ab887c28ad1356310a,2026-09-30T17:01:01Z,,0.1.0
UT_Fee_IPH1_Renewal_20240701-20250630,UT,Utah,Fee,FEE,IPH1,Renewal,Renewal,2024-07-01,2025-06-30,,"Uniform percentage increase for inpatient hospital services for privately owned hospitals for the rating period covering July 1, 2024 through June 30, 2025, incorporated in the capitation rates through a separate payment term of up to $215,202,266.",phase_down_determination,minimal,,,,,,,,21520226600.0,separate_payment_term,False,False,False,not read,,,,,https://www.medicaid.gov/medicaid/managed-care/downloads/UT_Fee_IPH1_Renewal_20240701-20250630.pdf,75fc64b9f91f8e22d222edf599eaf2389e47789ddeb1696f38f3e5d287bde205,2026-09-30T17:01:03Z,,0.1.0
UT_Fee_IPH2_Amend_07012022-06302023,UT,Utah,Fee,FEE,IPH2,Amend,Amendment,2022-07-01,2023-06-30,,"Uniform dollar increase for state teaching inpatient hospital services for the rating period covering July 1, 2022 through June 30, 2023, incorporated in the capitation rates through a separate payment term of up to $63,154,288.08.",approval,numbered,6315428808.0,63154288.08,"$63,154,288.08",4176393071.0,"$41,763,930.71",213903573700.0,"$21,390,357,37",6315428808.0,separate_payment_term,True,False,False,,,,date read as MMDDYYYY,,https://www.medicaid.gov/medicaid/managed-care/downloads/UT_Fee_IPH2_Amend_20220701-20230630.pdf,36c63904340f6bff3158a7bcb6df99f68608263b484ae243116606ba15b1ed8f,2026-09-30T17:01:04Z,,0.1.0
UT_Fee_IPH2_Renewal_20230701-20240630,UT,Utah,Fee,FEE,IPH2,Renewal,Renewal,2023-07-01,2024-06-30,,"Uniform percentage increase for inpatient hospital services for state teaching hospitals for the rating period covering July 1, 2023 through June 30, 2024, incorporated in the capitation rates through a separate payment term of up to $65,624,968.",approval,numbered,6562496800.0,65624968.0,"$65,624,968",4324685400.0,"$43,246,854",2237811400.0,"$22,378,114",6562496800.0,separate_payment_term,True,False,False,,,,,,https://www.medicaid.gov/medicaid/managed-care/downloads/UT_Fee_IPH2_Renewal_20230701-20240630.pdf,1787cda1a1883f58eea9f6890223184d2fb0f45f303bf8bb751c1b6ca50ccad8,2026-09-30T17:01:05Z,,0.1.0
UT_Fee_IPH2_Renewal_20240701-20250630,UT,Utah,Fee,FEE,IPH2,Renewal,Renewal,2024-07-01,2025-06-30,,"Uniform percentage increase for inpatient hospital services for state teaching hospitals for the rating period covering July 1, 2024 through June 30, 2025, incorporated in the capitation rates through a separate payment term of up to $72,369,807.",phase_down_determination,minimal,,,,,,,,7236980700.0,separate_payment_term,False,False,False,not read,,,,,https://www.medicaid.gov/medicaid/managed-care/downloads/UT_Fee_IPH2_Renewal_20240701-20250630.pdf,02d98e7e9a2e60b97d87b7b8968435e9217352054c20f2d5c61ff1e18e2b63b7,2026-09-30T17:01:07Z,,0.1.0
UT_Fee_IPH2_Renewal_20250701-20260630,UT,Utah,Fee,FEE,IPH2,Renewal,Renewal,2025-07-01,2026-06-30,,"Uniform percentage increase for inpatient hospital services for state teaching hospitals for the rating period covering July 1, 2025 through June 30, 2026, incorporated in the capitation rates through a separate payment term of up to $90,390,149.",phase_down_determination,prose,,,,,,,,9039014900.0,separate_payment_term,False,False,False,not read,,,,,https://www.medicaid.gov/medicaid/managed-care/downloads/UT_Fee_IPH2_Renewal_20250701-20260630.pdf,6084ef511b6957d848aa6f36e40941408c119d787f6d844f1a213177c653dde5,2026-09-30T17:01:08Z,,0.1.0
UT_Fee_IPH3_New_20230701-20240630,UT,Utah,Fee,FEE,IPH3,New,New,2023-07-01,2024-06-30,,"Uniform percentage increase for inpatient hospital services for privately owned hospitals for the rating period covering July 1, 2023 through June 30, 2024, incorporated in the capitation rates through a separate payment term of up to $6,220,407.",approval,numbered,622040700.0,6220407.0,"$6,220,407",416145200.0,"$4,161,452",205895500.0,"$2,058,955",622040700.0,separate_payment_term,True,False,False,,,,,,https://www.medicaid.gov/medicaid/managed-care/downloads/UT_Fee_IPH3_New_20230701-20240630.pdf,462920e1ec857377ad603bc3e11885bed3881085bc57f2b36b39e137587618f5,2026-09-30T17:01:09Z,,0.1.0
UT_Fee_IPH4_New_20230701-20240630,UT,Utah,Fee,FEE,IPH4,New,New,2023-07-01,2024-06-30,,"Uniform percentage increase for inpatient hospital services for state teaching hospital claims for the rating period covering July 1, 2023 through June 30, 2024, incorporated in the capitation rates through a separate payment term of up to $2,844,861",approval,numbered,284486100.0,2844861.0,"$2,844,861",187476400.0,"$1,874,764",97009800.0,"$970,098",284486100.0,separate_payment_term,True,False,False,,,,,,https://www.medicaid.gov/medicaid/managed-care/downloads/UT_Fee_IPH4_New_20230701-20240630.pdf,ded9ed641b5b8cc234641a233d2bda6b1bf84d052ecd0b3d6f2c52721b3df94a,2026-09-30T17:01:10Z,,0.1.0
UT_Fee_IPH5_New_20230701-20240630,UT,Utah,Fee,FEE,IPH5,New,New,2023-07-01,2024-06-30,,"Uniform percentage increase for inpatient hospital services for privately owned hospitals for the rating period covering July 1, 2023 through June 30, 2024, incorporated in the capitation rates through a separate payment term of up to $54,219,238.",approval,numbered,5421923800.0,54219238.0,"$54,219,238",3627267100.0,"$36,272,671",1794656800.0,"$17,946,568",5421923800.0,separate_payment_term,True,False,False,,,,,,https://www.medicaid.gov/medicaid/managed-care/downloads/UT_Fee_IPH5_New_20230701-20240630.pdf,0ddaccc3c60cb011f798da82578d4d66cc1e841b08c7fddad7f1708b724ace94,2026-09-30T17:01:12Z,,0.1.0
UT_Fee_IPH6_New_20230701-20240630,UT,Utah,Fee,FEE,IPH6,New,New,2023-07-01,2024-06-30,,"Uniform percentage increase for inpatient hospital services for state teaching hospitals for the rating period covering July 1, 2023 through June 30, 2024, incorporated in the capitation rates through a separate payment term of up to $23,869,669.",approval,numbered,2386966900.0,23869669.0,"$23,869,669",1573011200.0,"$15,730,112",813955700.0,"$8,139,557",2386966900.0,separate_payment_term,True,False,False,,,,,,https://www.medicaid.gov/medicaid/managed-care/downloads/UT_Fee_IPH6_New_20230701-20240630.pdf,cdf3a5f6c89f3ad5bf9a37cf1f09fd05b62ad639a79f107d699d4602ab039132,2026-09-30T17:01:13Z,,0.1.0
UT_Fee_OPH1_Amend_20220701-20230630,UT,Utah,Fee,FEE,OPH1,Amend,Amendment,2022-07-01,2023-06-30,,"Uniform dollar increase for private outpatient hospital services for the rating period covering July 1, 2022 through June 30, 2023, incorporated in the capitation rates through a separate payment term of up to $43,484,816.88.",approval,numbered,4348481688.0,43484816.88,"$43,484,816.88",2875650940.0,"$28,756,509.4",1472830748.0,"$14,728,307.48",4348481688.0,separate_payment_term,True,False,False,,,,,,https://www.medicaid.gov/medicaid/managed-care/downloads/UT_Fee_OPH1_Amend_20220701-20230630.pdf,2f8ac494b2dfee0888cfe147055dfda1b73812175e154aab946c24e84b664cb5,2026-09-30T17:01:14Z,,0.1.0
UT_Fee_OPH1_Renewal_20230701-20240630,UT,Utah,Fee,FEE,OPH1,Renewal,Renewal,2023-07-01,2024-06-30,,"Uniform percentage increase for outpatient hospital services for privately owned hospitals for the rating period covering July 1, 2023 through June 30, 2024, incorporated in the capitation rates through a separate payment term of up to $227,855,207.",approval,numbered,22785520700.0,227855207.0,"$227,855,207",15015658200.0,"$150,156,582",7769862600.0,"$77,698,626",22785520700.0,separate_payment_term,True,False,False,,,,,,https://www.medicaid.gov/medicaid/managed-care/downloads/UT_Fee_OPH1_Renewal_20230701-20240630.pdf,5f4ba35ad50132e2f5617af79399d75047cd395fa2f9e7a0a1bb92f180d498b8,2026-09-30T17:01:16Z,,0.1.0
UT_Fee_OPH1_Renewal_20240701-20250630,UT,Utah,Fee,FEE,OPH1,Renewal,Renewal,2024-07-01,2025-06-30,,"Uniform percentage increase for outpatient hospital services for privately owned hospitals for the rating period covering July 1, 2024 through June 30, 2025, incorporated in the capitation rates through a separate payment term of up to $236,890,588.",phase_down_determination,minimal,,,,,,,,23689058800.0,separate_payment_term,False,False,False,not read,,,,,https://www.medicaid.gov/medicaid/managed-care/downloads/UT_Fee_OPH1_Renewal_20240701-20250630.pdf,310fdbf914d23ececa10eb882ff520a9684ab885ceca5186d2442aedf7661387,2026-09-30T17:01:17Z,,0.1.0
UT_Fee_OPH2_Amend_07012022-06302023,UT,Utah,Fee,FEE,OPH2,Amend,Amendment,2022-07-01,2023-06-30,,"Uniform percentage increase for outpatient hospital services in state teaching hospitals for the rating period covering July 1, 2023 through June 30, 2024, incorporated in the capitation rates through a separate payment term of up to $30,903,041.03.",form_only_no_letter,numbered,3090304103.0,30903041.03,"$30,903,041.03",2043618103.0,"$20,436,181.03",1046686000.0,"$10,466,860",,,True,False,False,,,,date read as MMDDYYYY,,https://www.medicaid.gov/medicaid/managed-care/downloads/UT_Fee_OPH2_Amend_20220701-20230630.pdf,785cc86158628b24245581769766ba698b48ad9811b6d838b73f07f6f35b8bf4,2026-09-30T17:01:18Z,,0.1.0
UT_Fee_OPH2_Renewal_20230701-20240630,UT,Utah,Fee,FEE,OPH2,Renewal,Renewal,2023-07-01,2024-06-30,,"Uniform percentage increase for outpatient hospital services for state teaching hospitals for the rating period covering July 1, 2023 through June 30, 2024, incorporated in the capitation rates through a separate payment term of up to $80,821,068.",approval,numbered,8082106800.0,80821068.0,"$80,821,068",5326108400.0,"$53,261,084",2755998400.0,"$27,559,984",8082106800.0,separate_payment_term,True,False,False,,,,,,https://www.medicaid.gov/medicaid/managed-care/downloads/UT_Fee_OPH2_Renewal_20230701-20240630.pdf,04370fd2fb21e45c52c131edc7320b704148d6472e4fb0a9663575518b83921d,2026-09-30T17:01:20Z,,0.1.0
UT_Fee_OPH2_Renewal_20240701-20250630,UT,Utah,Fee,FEE,OPH2,Renewal,Renewal,2024-07-01,2025-06-30,,"Uniform percentage increase for outpatient hospital services for state teaching hospitals for the rating period covering July 1, 2024 through June 30, 2025, incorporated in the capitation rates through a separate payment term of up to $78,467,552.",phase_down_determination,minimal,,,,,,,,7846755200.0,separate_payment_term,False,False,False,not read,,,,,https://www.medicaid.gov/medicaid/managed-care/downloads/UT_Fee_OPH2_Renewal_20240701-20250630.pdf,51af7db99abdb5363cdcb0284f4e31ce3becea2a5d1fba80e9851617e9a0eda4,2026-09-30T17:01:21Z,,0.1.0
UT_Fee_OPH2_Renewal_20250701-20260630,UT,Utah,Fee,FEE,OPH2,Renewal,Renewal,2025-07-01,2026-06-30,,"Uniform percentage increase for outpatient hospital services for state teaching hospitals for the rating period covering July 1, 2025 through June 30, 2026, incorporated in the capitation rates through a separate payment term up to $87,324,137.",phase_down_determination,prose,,,,,,,,8732413700.0,separate_payment_term,False,False,False,not read,,,,,https://www.medicaid.gov/medicaid/managed-care/downloads/UT_Fee_OPH2_Renewal_20250701-20260630.pdf,da3609ab44b961699ba1bfb0dc68bfdb7533d3eb34fd30a6110ee405133213bb,2026-09-30T17:01:22Z,,0.1.0
UT_Fee_OPH3_New_20230701-20240630,UT,Utah,Fee,FEE,OPH3,New,New,2023-07-01,2024-06-30,,"Uniform percentage increase for outpatient hospital services for privately owned hospitals for the rating period covering July 1, 2023 through June 30, 2024, incorporated in the capitation rates through a separate payment term of up to $24,833,227.",approval,numbered,2483322700.0,24833227.0,"$24,833,227",1636509700.0,"$16,365,097",846813000.0,"$8,468,130",2483322700.0,separate_payment_term,True,False,False,,,,,,https://www.medicaid.gov/medicaid/managed-care/downloads/UT_Fee_OPH3_New_20230701-20240630.pdf,4a74543b8802a24e94a8afd6f21873ef8a0c08bd9f171bd91aeadd6995f034d5,2026-09-30T17:01:23Z,,0.1.0
UT_Fee_OPH4_New_20230701-20240630,UT,Utah,Fee,FEE,OPH4,New,New,2023-07-01,2024-06-30,,"Uniform percentage increase for outpatient hospital services for state teaching hospitals for the rating period covering July 1, 2023 through June 30, 2024, incorporated in the capitation rates through a separate payment term of up to $3,066,737.",approval,numbered,306673700.0,3066737.0,"$3,066,737",202098000.0,"$2,020,980",104575700.0,"$1,045,757",306673700.0,separate_payment_term,True,False,False,,,,,,https://www.medicaid.gov/medicaid/managed-care/downloads/UT_Fee_OPH4_New_20230701-20240630.pdf,9cc5514f0241c0f74353a69090d309dac5ee2391337b476ccff54f9da3952a20,2026-09-30T17:01:25Z,,0.1.0
UT_Fee_OPH5_New_20230701-20240630,UT,Utah,Fee,FEE,OPH5,New,New,2023-07-01,2024-06-30,,"Uniform percentage increase for outpatient hospital services for privately owned hospitals for the rating period covering July 1, 2023 through June 30, 2024, incorporated in the capitation rates through a separate payment term of up to $89,272,072.",approval,numbered,8927207200.0,89272072.0,"$89,272,072",5883029600.0,"$58,830,296",3044177700.0,"$30,441,777",8927207200.0,separate_payment_term,True,False,False,,,,,,https://www.medicaid.gov/medicaid/managed-care/downloads/UT_Fee_OPH5_New_20230701-20240630.pdf,fec92d7eeb111fb9a5157a80b0a1764c87a807fdec9ebd2cde7700881e938a0a,2026-09-30T17:01:26Z,,0.1.0
UT_Fee_OPH6_New_20230701-20240630,UT,Utah,Fee,FEE,OPH6,New,New,2023-07-01,2024-06-30,,"Uniform percentage increase for outpatient hospital services for state teaching hospitals for the rating period covering July 1, 2023 through June 30, 2024, incorporated in the capitation rates through a separate payment term of up to $38,146,652.",approval,numbered,3814665200.0,38146652.0,"$38,146,652",2513864400.0,"$25,138,644",1300800800.0,"$13,008,008",3814665200.0,separate_payment_term,True,False,False,,,,,,https://www.medicaid.gov/medicaid/managed-care/downloads/UT_Fee_OPH6_New_20230701-20240630.pdf,c821e9fa70ef75b3d1ab0de73e299734b7c95fefd9fe93bc3495d5efa414df44,2026-09-30T17:01:27Z,,0.1.0
VA_Fee_AMC.PC.SP2_New_20240701-20250630,VA,Virginia,Fee,FEE,AMC.PC.SP2,New,New,2024-07-01,2025-06-30,,"Uniform percentage increase for physician services by physicians employed by or contracted with a private acute care type 2 hospital system with at least one level 2 trauma center as of January 2022 located in Lord Fairfax Health District and Northwest Health Planning Region, for the rating period, July 1, 2024 through June 30, 2025, incorporated into the capitation rates through a separate payment term up to $3,599,290.",form_only_no_letter,numbered,359929000.0,3599290.0,"$3,599,290",249259200.0,"$2,492,592",110669800.0,"$1,106,698",,,True,False,False,,VA_Fee_AMC.PC.SP2_New_20240701-20250630,,,,https://www.medicaid.gov/medicaid/managed-care/downloads/VA_Fee_AMC.PC.SP2_New_20240701-20250630.pdf,fc75597217574e5449c94f635f9e9488db6f142cb34705a2bf50b3ea5ab15d2f,2026-09-30T17:01:29Z,,0.1.0
VA_Fee_AMC.PC.SP2_Renewal_20250701-20260630,VA,Virginia,Fee,FEE,AMC.PC.SP2,Renewal,Renewal,2025-07-01,2026-06-30,,"Uniform percentage increase for physician services by physicians employed by or contracted with a private acute care type 2 hospital system with at least one level 2trauma center as of January 2022 located in Lord Fairfax Health District and Northwest Health Planning Region, for the rating period, July 1, 2025 through June 30, 2026,incorporated in to the capitation rates through a separate payment term of up to$5,098,995.",phase_down_determination,numbered,509899500.0,5098995.0,"$5,098,995",353117300.0,"$3,531,173",156782200.0,"$1,567,822",509899500.0,separate_payment_term,True,False,False,,VA_Fee_AMC.PC.SP2_New_20240701-20250630,filename says 'VA_Fee_AMC.PC.SP2_Renewal_20250701-20260630'; document says 'VA_Fee_AMC.PC.SP2_New_20240701-20250630',,,https://www.medicaid.gov/medicaid/managed-care/downloads/VA_Fee_AMC.PC.SP2_Renewal_20250701-20260630.pdf,dfc8a9a7d2c0f5a197e11ef3ac8d21b698690fe2120c588f64d29f08b4589460,2026-09-30T17:01:30Z,,0.1.0
VA_Fee_AMC.PC.SP2_Renewal_20260701-20270630,VA,Virginia,Fee,FEE,AMC.PC.SP2,Renewal,Renewal,2026-07-01,2027-06-30,,"Uniform percentage increase for professional services at an academic medical center, primary care services, and specialty physician services related to physicians employed by or contracted by a private acute care type 2 hospital system with at least one level 2 trauma center as of January 2022 located in Lord Fairfax Health District and Northwest Health Planning Region for rating periods covering July 1, 2026 through June 30, 2027, incorporated in the capitation rates through a separate payment term amount of up to $4,608,437.",phase_down_determination,prose,,,,,,,,460843700.0,separate_payment_term,False,False,False,not read,,,,,https://www.medicaid.gov/medicaid/managed-care/downloads/VA_Fee_AMC.PC.SP2_Renewal_20260701-20270630.pdf,0353e878bd3154543584e60e77276349ccfe3a1057f08f96b353877fe47ad2e3,2026-09-30T17:01:31Z,,0.1.0
VA_Fee_AMC.PC.SP3_New_20240701-20250630,VA,Virginia,Fee,FEE,AMC.PC.SP3,New,New,2024-07-01,2025-06-30,,"Uniform percentage increase for physician services by physicians employed by or contracted with a private acute care hospital system with a level one trauma center located in the Tidewater Metropolitan Statistical Area (MSA) in 2020, for the rating period, July 1, 2024 through June 30, 2025, incorporated into the capitation rates through a separate payment term up to $21,048,306.",form_only_no_letter,numbered,2104830600.0,21048306.0,"$21,048,306",1555845800.0,"$15,558,458",548984800.0,"$5,489,848",,,True,False,False,,VA_Fee_AMC.PC.SP3_New_20240701-20250630,,,,https://www.medicaid.gov/medicaid/managed-care/downloads/VA_Fee_AMC.PC.SP3_New_20240701-20250630.pdf,5a6549f7821ade71f5ba61af00583499593b8575513ac304b615765c025cacb7,2026-09-30T17:01:33Z,,0.1.0
VA_Fee_AMC.PC.SP3_Renewal_20250701-20260630,VA,Virginia,Fee,FEE,AMC.PC.SP3,Renewal,Renewal,2025-07-01,2026-06-30,,"Uniform percentage increase for physician services by physicians employed by or contracted with an acute care hospital chain with a level one trauma center in the Tidewater Metropolitan Statistical Area (MSA) in 2020, for rating period July 1, 2025through June 30, 2026, incorporated in the capitation rates through a separate payment term amount of up to $21,048,306.",form_only_no_letter,numbered,2104830600.0,21048306.0,"$21,048,306",1555845800.0,"$15,558,458",548984800.0,"$5,489,848",,,True,False,False,,VA_Fee_AMC.PC.SP3_New_20240701-20250630,filename says 'VA_Fee_AMC.PC.SP3_Renewal_20250701-20260630'; document says 'VA_Fee_AMC.PC.SP3_New_20240701-20250630',,,https://www.medicaid.gov/medicaid/managed-care/downloads/VA_Fee_AMC.PC.SP3_Renewal_20250701-20260630.pdf,d6b5a40f170e23f882cf0427db3afa16a0063772147511eb6d2015ae4c70fa0b,2026-09-30T17:01:34Z,,0.1.0
VA_Fee_AMC.PC.SP3_Renewal_20260701-20270630,VA,Virginia,Fee,FEE,AMC.PC.SP3,Renewal,Renewal,2026-07-01,2027-06-30,,"Uniform percentage increase for professional services at an academic medical center, primary care services, and specialty physician services for physicians employed by or contracted with an acute care hospital chain with a level one trauma center in the Tidewater Metropolitan Statistical Area (MSA) in 2020 for rating periods covering July 1, 2026 through June 30, 2027, incorporated in the capitation rates through a separate payment term amount up to $19,650,774.",phase_down_determination,prose,,,,,,,,1965077400.0,separate_payment_term,False,False,False,not read,,,,,https://www.medicaid.gov/medicaid/managed-care/downloads/VA_Fee_AMC.PC.SP3_Renewal_20260701-20270630.pdf,1d14d81cb0d280769ca12f880bebe600f5a39f145233d24953186f123cba1a17,2026-09-30T17:01:35Z,,0.1.0
VA_Fee_AMC.PC.SP_New_20240701-20250630,VA,Virginia,Fee,FEE,AMC.PC.SP,New,New,2024-07-01,2025-06-30,,"Uniform percentage increase for physician services by physicians employed by or contracted with a private acute care type 2 hospital system with at least one level 2 trauma center as of January 2022 with at least 290 beds in cost report period 2020 located in the Eastern Health Planning Region, for the rating period, July 1, 2024 through June 30, 2025, incorporated into the capitation rates through a separate payment term up to $8,567,924.",form_only_no_letter,numbered,856792400.0,8567924.0,"$8,567,924",628679800.0,"$6,286,798",228112600.0,"$2,281,126",,,True,False,False,,VA_Fee_AMC.PC.SP_New_20240701-20250630,,,,https://www.medicaid.gov/medicaid/managed-care/downloads/VA_Fee_AMC.PC.SP_New_20240701-20250630.pdf,2e5e4d68e88b965ca7718fe5215f035d104b79e8f9bda7c279cd52a7d180de32,2026-09-30T17:01:37Z,,0.1.0
VA_Fee_AMC.PC.SP_Renewal_20250701-20260630,VA,Virginia,Fee,FEE,AMC.PC.SP,Renewal,Renewal,2025-07-01,2026-06-30,,"Uniformed percentage increase for physicians employed by or contracted with a private acute care type 2 hospital system with at least on level 2 trauma center as of January 2022 with at least 290 beds in cost report period 2020 located in the Eastern Health Planning Region, for the rating period, July 1, 2025 through June 30, 2026, incorporated into the capitation rates through a separate payment term up to $8,567,924.00.",form_only_no_letter,numbered,856792400.0,8567924.0,"$8,567,924",628679800.0,"$6,286,798",228112600.0,"$2,281,126",,,True,False,False,,VA_Fee_AMC.PC.SP_New_20240701-20250630,filename says 'VA_Fee_AMC.PC.SP_Renewal_20250701-20260630'; document says 'VA_Fee_AMC.PC.SP_New_20240701-20250630',,,https://www.medicaid.gov/medicaid/managed-care/downloads/VA_Fee_AMC.PC.SP_Renewal_20250701-20260630.pdf,c36da842669baf229eeaa4da46b38810d6afd5ae980b179b4054f5841ab30dcc,2026-09-30T17:01:38Z,,0.1.0
VA_Fee_AMC.PC.SP_Renewal_20260701-20270630,VA,Virginia,Fee,FEE,AMC.PC.SP,Renewal,Renewal,2026-07-01,2027-06-30,,"Uniform percentage increase for professional services at an academic medical center, primary care services, and specialty physician services for rating periods covering July 1,2026 through June 30, 2027, incorporated in the capitation rates through a separate payment term amount of up to $7,885,485.",phase_down_determination,prose,,,,,,,,788548500.0,separate_payment_term,False,False,False,not read,,,,,https://www.medicaid.gov/medicaid/managed-care/downloads/VA_Fee_AMC.PC.SP_Renewal_20260701-20270630.pdf,05dd9c78b3f4e680d907ffd62f7917a131cb8f727ce0f3f1f29003ac057e6bb0,2026-09-30T17:01:39Z,,0.1.0
VA_Fee_AMC_Amend_20210701-20220630,VA,Virginia,Fee,FEE,AMC,Amend,Amendment,2021-07-01,2022-06-30,,"The uniform increase established by the state for physicians affiliated with the practice plans of Virginia’s three allopathic medical schools: University of Virginia, Virginia Commonwealth University, and Eastern Virginia Medical Center, for the rating period covering July 1, 2021 through June 30, 2022, incorporated in the capitation rates through a separate payment term of up to $185.1 million.",approval,numbered,18510000000.0,185100000.0,$185.1 Million,12290000000.0,$122.9 Million,6220000000.0,$62.2 Million,18510000000.0,separate_payment_term,True,False,False,,AMC_Renewal,filename says 'VA_Fee_AMC_Amend_20210701-20220630'; document says 'AMC_Renewal',,,https://www.medicaid.gov/medicaid/managed-care/downloads/va-fee-amc-amend-20210701-20220630.pdf,05e3c6ee59421b955a599cef95f0b4d3231fce0db6de4ba9421f2950c2f1347d,2026-09-30T17:01:41Z,,0.1.0
VA_Fee_AMC_Amend_20240701-20250630,VA,Virginia,Fee,FEE,AMC,Amend,Amendment,2024-07-01,2025-06-30,,"Uniform percentage increase for professional services at an academic medical center for rating periods covering July 1, 2024 through June 30, 2025, incorporated in the capitation rates through a separate payment term amount up to $254,708,155.",form_only_no_letter,prose,,,,,,,,,,False,False,False,not read,,,,,https://www.medicaid.gov/medicaid/managed-care/downloads/VA_Fee_AMC_Amend_20240701-20250630.pdf,94b9094fda13c087fda07f8d1698419a0db97a91fc6fdba2e4408258c4136ac4,2026-09-30T17:01:42Z,,0.1.0
VA_Fee_AMC_Amend_20250701-20260630,VA,Virginia,Fee,FEE,AMC,Amend,Amendment,2025-07-01,2026-06-30,,"The amendment of uniform percentage increase for professional services at an academic medical center for the rating period covering July 1, 2025 through June 30, 2026, incorporated in the capitation rates through a separate payment term amount up to $274,100,000.",phase_down_determination,prose,,,,,,,,27410000000.0,separate_payment_term,False,False,False,not read,,,,,https://www.medicaid.gov/medicaid/managed-care/downloads/VA_Fee_AMC_Amend_20250701-20260630.pdf,79a0ce9981f756c40958eefef05f213b2670c3d3244b84a3761ae5bf241741da,2026-09-30T17:01:43Z,,0.1.0
VA_Fee_AMC_Renewal_202301001-20240630,VA,Virginia,Fee,FEE,AMC,Renewal,Renewal,,2024-06-30,,"Uniform increase for physicians affiliated with the practice plans of Virginia’s three allopathic medical schools: University of Virginia, Virginia Commonwealth University, and Eastern Virginia Medical Center, for the rating period covering October 1, 2023 through June 30, 2024, incorporated in the capitation rates through a separate payment term of up to $201,075,000.",approval,numbered,20107500000.0,201075000.0,"$201,075,000",13402500000.0,"$134,025,000",6705000000.0,"$67,050,000",20107500000.0,separate_payment_term,True,False,False,,Fee_AMC_Renewal_20231001-20240630,filename says 'VA_Fee_AMC_Renewal_202301001-20240630'; document says 'Fee_AMC_Renewal_20231001-20240630',"date has 9 digits, expected 8","date has 9 digits, expected 8",https://www.medicaid.gov/medicaid/managed-care/downloads/va-fee-amc-renewal-202301001-20240630.pdf,6c0265299641a41805cf3e4938a2451a284dcfa4899931d2c1790214ebb53849,2026-09-30T17:01:45Z,,0.1.0
VA_Fee_AMC_Renewal_20230701-20230930,VA,Virginia,Fee,FEE,AMC,Renewal,Renewal,2023-07-01,2023-09-30,,"Uniform increase for physicians affiliated with the practice plans of Virginia’s three allopathic medical schools: University of Virginia, Virginia Commonwealth University, and Eastern Virginia Medical Center, for the rating period covering July 1, 2023 through September 30, 2023, incorporated in the capitation rates through a separate payment term of up to $67,025,000.",approval,numbered,6702500000.0,67025000.0,"$ 67,025,000",4467500000.0,"$44,675,000",2235000000.0,"$22,350,000",6702500000.0,separate_payment_term,True,False,False,,Fee_AMC_Renewal_20230701-20230930,filename says 'VA_Fee_AMC_Renewal_20230701-20230930'; document says 'Fee_AMC_Renewal_20230701-20230930',,,https://www.medicaid.gov/medicaid/managed-care/downloads/va-fee-amc-renewal-20230701-20230930.pdf,f2a58f042b654df06a39601e5726186b373d700098c996410ac478942611e985,2026-09-30T17:01:46Z,,0.1.0
VA_Fee_AMC_Renewal_20240701-20250630,VA,Virginia,Fee,FEE,AMC,Renewal,Renewal,2024-07-01,2025-06-30,,"Uniform increase for physicians affiliated with the practice plans of Virginia’s three allopathic medical schools: University of Virginia, Virginia Commonwealth University, and Eastern Virginia Medical Center, for the rating period covering July 1, 2024 through June 30, 2025, incorporated in the capitation rates through a separate payment term of up to $224,900,000.",form_only_no_letter,numbered,22490000000.0,224900000.0,$224.9 Million,15080000000.0,$150.8 Million,7410000000.0,$74.1 Million,,,True,False,False,,VA_Fee_AMC_Renewal_20240701-20250630,,,,https://www.medicaid.gov/medicaid/managed-care/downloads/VA_Fee_AMC_Renewal_20240701-20250630.pdf,240ed99fc2bfc855db6d68e285006da69cc7252f62fa9e37acbbe09abcfa3dce,2026-09-30T17:01:47Z,,0.1.0
VA_Fee_AMC_Renewal_20250701-20260630,VA,Virginia,Fee,FEE,AMC,Renewal,Renewal,2025-07-01,2026-06-30,,"Uniform percentage increase University of Virginia, Virginia Commonwealth university and Eastern Virginia Medical Center for professional services at an academic medical center for rating periods covering July 1, 2025, through June 30, 2026, incorporated in the capitation rates through a separate payment term amount of up to $274,100,000.",phase_down_determination,numbered,453701562000.0,4537015620.0,"$4,537,015,620",309898819100.0,"$3,098,988,191",143802742900.0,"$1,438,027,429",453701562000.0,separate_payment_term,True,False,False,,,,,,https://www.medicaid.gov/medicaid/managed-care/downloads/VA_Fee_AMC_Renewal_20250701-20260630.pdf,550b0ce2f33881e810b84de530e17e252da75f2bdc5352cc3a65144bd6e256f5,2026-09-30T17:01:49Z,,0.1.0
VA_Fee_AMC_Renewal_20260701-20270630,VA,Virginia,Fee,FEE,AMC,Renewal,Renewal,2026-07-01,2027-06-30,,"Uniform percentage increase for professional services at an academic medical center for the rating period covering July 1, 2026 through June 30, 2027, incorporated in the capitation rates through a separate payment term amount up to $274,100,000.",phase_down_determination,prose,,,,,,,,27410000000.0,separate_payment_term,False,False,False,not read,,,,,https://www.medicaid.gov/medicaid/managed-care/downloads/VA_Fee_AMC_Renewal_20260701-20270630.pdf,530f867674a85392524bf38403690c6e46061abcbb1cf2720c2b27fc50ab1958,2026-09-30T17:01:50Z,,0.1.0
VA_Fee_IPH.OPH.NF_Renewal_20230701-20230930,VA,Virginia,Fee,FEE,IPH.OPH.NF,Renewal,Renewal,2023-07-01,2023-09-30,,"Uniform increase for inpatient and outpatient services rendered by non-state government owned acute care hospitals for the rating period covering July 1, 2023 through September 30, 2023, incorporated in the capitation rates through a separate payment term of up to $21,325,000.",approval,numbered,2132500000.0,21325000.0,"$21,325,000",1460000000.0,"$ 14,600,000",672500000.0,"$6,725,000",2132500000.0,separate_payment_term,True,False,False,,Fee_IPH.OPH.NF_Renewal 20230701-20230930,filename says 'VA_Fee_IPH.OPH.NF_Renewal_20230701-20230930'; document says 'Fee_IPH.OPH.NF_Renewal 20230701-20230930',,,https://www.medicaid.gov/medicaid/managed-care/downloads/va-fee-iph-oph-nf-renewal-20230701-20230930.pdf,e740bc25e45bed5953d9085fdeaddd7e1f9f166aef81845dae82d13fefadc20d,2026-09-30T17:01:51Z,,0.1.0
VA_Fee_IPH.OPH.NF_Renewal_20231001-20240630,VA,Virginia,Fee,FEE,IPH.OPH.NF,Renewal,Renewal,2023-10-01,2024-06-30,,"Uniform increase for inpatient and outpatient services rendered by non-state government owned acute care hospitals for the rating period covering October 1, 2023 through June 30, 2024, incorporated in the capitation rates through a separate payment term of up to $63,975,000.",approval,numbered,6397500000.0,63975000.0,"$63,975,000",4380000000.0,"$43,800,000",2017500000.0,"$20,175,000",6397500000.0,separate_payment_term,True,False,False,,Fee_IPH.OPH.NF_Renewal 20231001-20240630,filename says 'VA_Fee_IPH.OPH.NF_Renewal_20231001-20240630'; document says 'Fee_IPH.OPH.NF_Renewal 20231001-20240630',,,https://www.medicaid.gov/medicaid/managed-care/downloads/va-fee-iph-oph-nf-renewal-20231001-20240630.pdf,23c7dd76198858b5f84c6496f28719070ea9598769b8d825dc7a73fe78859dbd,2026-09-30T17:01:53Z,,0.1.0
VA_Fee_IPH.OPH.NF_Renewal_20240701-20250630,VA,Virginia,Fee,FEE,IPH.OPH.NF,Renewal,Renewal,2024-07-01,2025-06-30,,"Uniform increase for inpatient and outpatient services rendered by non-state government owned acute care hospitals for the rating period covering July 1, 2024 through June 30, 2025, incorporated in the capitation rates through a separate payment term of up to $90,600,000.",form_only_no_letter,numbered,9060000000.0,90600000.0,$90.6 Million,6160000000.0,$61.6 Million,2900000000.0,$29 Million,,,True,False,False,,Fee_IPH.OPH.NF_Renewal 20231001-20240630,filename says 'VA_Fee_IPH.OPH.NF_Renewal_20240701-20250630'; document says 'Fee_IPH.OPH.NF_Renewal 20231001-20240630',,,https://www.medicaid.gov/medicaid/managed-care/downloads/VA_Fee_IPH.OPH.NF_Renewal_20240701-20250630.pdf,a390ccd167fa9a9c49b7887fd9242a5b7a10cf38c116fa772779b005689e997b,2026-09-30T17:01:54Z,,0.1.0
VA_Fee_IPH.OPH2_Amend_20250701-20260630,VA,Virginia,Fee,FEE,IPH.OPH2,Amend,Amendment,2025-07-01,2026-06-30,,"Uniform percentage increase for inpatient hospital services and outpatient hospital services for non-state government owned hospitals for the rating period covering July 1, 2025 through June 30, 2026, incorporated in the capitation rates through a separate payment term amount up to $74,610,061.",phase_down_determination,prose,,,,,,,,7461006100.0,separate_payment_term,False,False,False,not read,,,,,https://www.medicaid.gov/medicaid/managed-care/downloads/VA_Fee_IPH.OPH2_Amend_20250701-20260630.pdf,5d78ea7f3043ef5a15332a1c74abe9ce7b9f56830cf7aa2069a74e0f097bf3b8,2026-09-30T17:01:55Z,,0.1.0
VA_Fee_IPH.OPH2_Renewal_20250701-20260630,VA,Virginia,Fee,FEE,IPH.OPH2,Renewal,Renewal,2025-07-01,2026-06-30,,"Uniform increase for inpatient and outpatient services rendered by non-state government owned acute care hospitals for the rating period covering July 1, 2025, through June 30, 2026, incorporated in the capitation rates through a separate payment term of up to $74,610,061.",phase_down_determination,numbered,7461006100.0,74610061.0,"$74,610,061",5130865800.0,"$51,308,658",2330140300.0,"$23,301,403",7461006100.0,separate_payment_term,True,False,False,,VA_Fee_IPH.OPH.NF_Renewal_20250701-20260630,filename says 'VA_Fee_IPH.OPH2_Renewal_20250701-20260630'; document says 'VA_Fee_IPH.OPH.NF_Renewal_20250701-20260630',,,https://www.medicaid.gov/medicaid/managed-care/downloads/VA_Fee_IPH.OPH2_Renewal_20250701-20260630.pdf,68b9410f4d4e16002615465b4b2ec1eb693421867abdc89132da90d65cf11cc2,2026-09-30T17:01:56Z,,0.1.0
VA_Fee_IPH.OPH2_Renewal_20260701-20270630,VA,Virginia,Fee,FEE,IPH.OPH2,Renewal,Renewal,2026-07-01,2027-06-30,,"Uniform percentage increase for inpatient hospital and outpatient hospital services rendered by all non-state government owned hospitals (CRMC and Lake Taylor Transitional Care Hospital) for the rating period covering July 1, 2026 through June 30, 2027, incorporated in the capitation rates through a separate payment term amount up to $74,610,061.",phase_down_determination,prose,,,,,,,,7461006100.0,separate_payment_term,False,False,False,not read,,,,,https://www.medicaid.gov/medicaid/managed-care/downloads/VA_Fee_IPH.OPH2_Renewal_20260701-20270630.pdf,58da6d9a0b422cbb8ea1db9afb29e236a535db41a0facb9926203657ff0a9572,2026-09-30T17:01:58Z,,0.1.0
VA_Fee_IPH.OPH_Amend2_20240701-20250630,VA,Virginia,Fee,FEE,IPH.OPH,Amend2,Amendment,2024-07-01,2025-06-30,,"Uniform percentage increase for inpatient hospital services and outpatient hospital services for rating periods covering July 1, 2024, through June 30, 2025, incorporated in the capitation rates through a separate payment term amount of up to $4,537,015,620.",phase_down_determination,numbered,453701562000.0,4537015620.0,"$4,537,015,620",309898819100.0,"$3,098,988,191",143802742900.0,"$1,438,027,429",453701562000.0,separate_payment_term,True,False,False,,,,,,https://www.medicaid.gov/medicaid/managed-care/downloads/VA_Fee_IPH.OPH_Amend2_20240701-20250630.pdf,550b0ce2f33881e810b84de530e17e252da75f2bdc5352cc3a65144bd6e256f5,2026-09-30T17:01:59Z,,0.1.0
VA_Fee_IPH.OPH_Amend3_20240701-20250630,VA,Virginia,Fee,FEE,IPH.OPH,Amend3,Amendment,2024-07-01,2025-06-30,,"Uniform percentage increase for inpatient hospital and outpatient hospital services for rating periods covering July 1, 2024 through June 30, 2025, incorporated in the capitation rates through a separate payment term amount up to $4,612,626,679.",form_only_no_letter,minimal,,,,,,,,,,False,False,False,not read,,,,,https://www.medicaid.gov/medicaid/managed-care/downloads/VA_Fee_IPH.OPH_Amend3_20240701-20250630.pdf,d5b9eae8c7fea7093522f9f6dcfdb90520881c2b3c2a2dc2c0877d60acc6b85c,2026-09-30T17:02:00Z,,0.1.0
VA_Fee_IPH.OPH_Amend_20220701-20230630,VA,Virginia,Fee,FEE,IPH.OPH,Amend,Amendment,2022-07-01,2023-06-30,,"Uniform increase for inpatient and outpatient services at private acute care hospitals for the rating period covering July 1, 2022 through June 30, 2023, incorporated in the capitation rates through a separate payment term of up to $2.88 billion.",approval,numbered,288000000000.0,2880000000.0,$2.88 Billion,208000000000.0,$2.08 Billion,80100000000.0,$ 801 Million,288000000000.0,separate_payment_term,True,False,False,,VA_Fee_IPH.OPH_Amend_20220701-20230630,,,,https://www.medicaid.gov/medicaid/managed-care/downloads/va-fee-iph-oph-amend-20220701-20230630.pdf,452db049347d06aab6e444eeddb39035370779bb8fed48259253ae4a93f06513,2026-09-30T17:02:02Z,,0.1.0
VA_Fee_IPH.OPH_Amend_20240701-20250630,VA,Virginia,Fee,FEE,IPH.OPH,Amend,Amendment,2024-07-01,2025-06-30,,"Uniform increase for inpatient and outpatient services at private acute care hospitals for the rating period covering July 1, 2024 through June 30, 2025, incorporated in the capitation rates through a separate payment term of up to $3.22 billion.",form_only_no_letter,numbered,322000000000.0,3220000000.0,$3.22 Billion,230000000000.0,$2.3 Billion,92000000000.0,$0.92 Billion,,,True,False,False,,VA_Fee_IPH.OPH_Amend_20240701-20250630,,,,https://www.medicaid.gov/medicaid/managed-care/downloads/VA_Fee_IPH.OPH_Amend_20240701-20250630.pdf,1db9f8d52c11ca7d6920f9bb7dc8ba1f51c4c3e74e98b608801e2e9675512136,2026-09-30T17:02:03Z,,0.1.0
VA_Fee_IPH.OPH_Renewal_20230701-20230930,VA,Virginia,Fee,FEE,IPH.OPH,Renewal,Renewal,2023-07-01,2023-09-30,,"Uniform increase for inpatient and outpatient services at private acute care hospitals for the rating period covering July 1, 2023 through September 30, 2023, incorporated in the capitation rates through a separate payment term of up to $778 million.",form_only_no_letter,numbered,77800000000.0,778000000.0,$778 Million,55000000000.0,$550 Million,22800000000.0,$228 Million,,,True,False,False,,Fee_IPH.OPH_Renewal_20230701-20230930,filename says 'VA_Fee_IPH.OPH_Renewal_20230701-20230930'; document says 'Fee_IPH.OPH_Renewal_20230701-20230930',,,https://www.medicaid.gov/medicaid/managed-care/downloads/VA_Fee_IPH.OPH_Renewal_20230701-20230930.pdf,9a1304be4acea6128b6c7c5d0ccd39b35d938696078527cf588a9415e3cd449c,2026-09-30T17:02:04Z,,0.1.0
VA_Fee_IPH.OPH_Renewal_20231001-20240630,VA,Virginia,Fee,FEE,IPH.OPH,Renewal,Renewal,2023-10-01,2024-06-30,,"Uniform increase for inpatient and outpatient services at private acute care hospitals for the rating period covering October 1, 2023 through June 30, 2024, incorporated in the capitation rates through a separate payment term of up to $2.333 billion.",form_only_no_letter,numbered,233300000000.0,2333000000.0,$2.333 Billion,165000000000.0,$1.65 Billion,68300000000.0,$683 Million,,,True,False,False,,Fee_IPH.OPH_Renewal_20231001-20240630,filename says 'VA_Fee_IPH.OPH_Renewal_20231001-20240630'; document says 'Fee_IPH.OPH_Renewal_20231001-20240630',,,https://www.medicaid.gov/medicaid/managed-care/downloads/VA_Fee_IPH.OPH_Renewal_20231001-20240630.pdf,b1eb2259772f68c1a4212b6714ef50ba34fbda9fc89ca3a6935d5f1e9e43ef7f,2026-09-30T17:02:05Z,,0.1.0
VA_Fee_IPH.OPH_Renewal_20240701-20250630,VA,Virginia,Fee,FEE,IPH.OPH,Renewal,Renewal,2024-07-01,2025-06-30,,"Uniform increase for inpatient and outpatient services at private acute care hospitals for the rating period covering July 1, 2024 through June 30, 2025, incorporated in the capitation rates through a separate payment term of up to $3.73 billion.",form_only_no_letter,numbered,373000000000.0,3730000000.0,$3.73 Billion,260000000000.0,$2.6 Billion,113000000000.0,$1.13 Billion,,,True,False,False,,VA_Fee_IPH.OPH_Renewal_20240701-20250630,,,,https://www.medicaid.gov/medicaid/managed-care/downloads/VA_Fee_IPH.OPH_Renewal_20240701-20250630.pdf,059fc39fd366e21f3adb8014644ed56574e9c5b842f521a9d5fa2836d0ac802b,2026-09-30T17:02:07Z,,0.1.0
VA_Fee_IPH.OPH_Renewal_20250701-20260630,VA,Virginia,Fee,FEE,IPH.OPH,Renewal,Renewal,2025-07-01,2026-06-30,,"Uniform increase for inpatient and outpatient services for the rating period covering July 1, 2025 through June 30, 2026, incorporated in the capitation rates through a separate payment term up to $4,987,975,478.",phase_down_determination,prose,,,,,,,,498797547800.0,separate_payment_term,False,False,False,not read,,,,,https://www.medicaid.gov/medicaid/managed-care/downloads/VA_Fee_IPH.OPH_Renewal_20250701-20260630.pdf,313045a148a5042d26af0dfd0cd5b5711c0c4c0f9e26b8639c455b07e18642b7,2026-09-30T17:02:08Z,,0.1.0
VA_Fee_IPH.OPH_Renewal_20260701-20270630,VA,Virginia,Fee,FEE,IPH.OPH,Renewal,Renewal,2026-07-01,2027-06-30,,"Uniform increase for inpatient and outpatient services for the rating period covering July 1, 2026 through June 30, 2027, incorporated in the capitation rates through a separate payment term up to $4,987,975,478.",phase_down_determination,prose,,,,,,,,498797547800.0,separate_payment_term,False,False,False,not read,,,,,https://www.medicaid.gov/medicaid/managed-care/downloads/VA_Fee_IPH.OPH_Renewal_20260701-20270630.pdf,ee0f1744f06723ddff74da3dab70ef613ffee0365a94afc092df969c3b278ae0,2026-09-30T17:02:09Z,,0.1.0
VA_Fee_Oth2_Amend_20250701-20260630,VA,Virginia,Fee,FEE,Oth2,Amend,Amendment,2025-07-01,2026-06-30,,"The amendment to the uniform percentage increase for services performed by physicians employed by or contracted with the non-state government owned general acute care hospital class for the rating period covering July 1, 2025 through June 30, 2026, incorporated in the capitation rates through a separate payment term amount up to $1,174,213.",form_only_no_letter,prose,,,,,,,,,,False,False,False,not read,,,,,https://www.medicaid.gov/medicaid/managed-care/downloads/VA_Fee_Oth2_Amend_20250701-20260630.pdf,e99228ecaef53c4ccfcdeba7385cd93930c63673b909a159fa265631fdd86556,2026-09-30T17:02:11Z,,0.1.0
VA_Fee_Oth2_Renewal_20230101-20240630,VA,Virginia,Fee,FEE,Oth2,Renewal,Renewal,2023-01-01,2024-06-30,,"Uniform increase established by the state for physicians employed by or contracted with the non-state government owned general acute care academic medical center for the rating period covering October 1, 2023 through June 30, 2024, incorporated in the capitation rates through a separate payment term of up to $1,297,500.",approval,numbered,129750000.0,1297500.0,"$1,297,500",93750000.0,"$ 937,500",36000000.0,"$ 360,000",129750000.0,separate_payment_term,True,False,False,,VA_Fee_AMC2_Renewal_20231001_20240630,filename says 'VA_Fee_Oth2_Renewal_20230101-20240630'; document says 'VA_Fee_AMC2_Renewal_20231001_20240630',,,https://www.medicaid.gov/medicaid/managed-care/downloads/va-fee-oth2-renewal-20230101-20240630.pdf,561933309ddc348b92c6ba5dacf87e4f56aa1d50dab520f2b29c4839ae5e95aa,2026-09-30T17:02:12Z,,0.1.0
VA_Fee_Oth2_Renewal_20230701-20230930,VA,Virginia,Fee,FEE,Oth2,Renewal,Renewal,2023-07-01,2023-09-30,,"Uniform increase established by the state for physicians employed by or contracted with the non-state government owned general acute care academic medical center, for the rating period covering July 1, 2023 through September 30, 2023, incorporated in the capitation rates through a separate payment term of up to $432,500.",approval,numbered,43250000.0,432500.0,"$432,500",31250000.0,"$312,500",12000000.0,"$120,000",43250000.0,separate_payment_term,True,False,False,,VA_Fee_AMC2_Renewal_20230701_20230930,filename says 'VA_Fee_Oth2_Renewal_20230701-20230930'; document says 'VA_Fee_AMC2_Renewal_20230701_20230930',,,https://www.medicaid.gov/medicaid/managed-care/downloads/va-fee-oth2-renewal-20230701-20230930.pdf,dd30ce79167488befd938d1dced5c9245ddd6f69439454f0a9a484cad2159c87,2026-09-30T17:02:13Z,,0.1.0
VA_Fee_Oth2_Renewal_20240701-20250630,VA,Virginia,Fee,FEE,Oth2,Renewal,Renewal,2024-07-01,2025-06-30,,"Uniform increase established by the state for physicians employed by or contracted with the non-state government owned general acute care hospital for the rating period covering July 1, 2024 through June 30, 2025, incorporated in the capitation rates through a separate payment term of up to $1,100,000.",form_only_no_letter,numbered,110000000.0,1100000.0,$1.1 Million,82000000.0,$0.82 Million,28000000.0,$0.28 Million,,,True,False,False,,VA_Fee_AMC2_Renewal_20231001_20240630,filename says 'VA_Fee_Oth2_Renewal_20240701-20250630'; document says 'VA_Fee_AMC2_Renewal_20231001_20240630',,,https://www.medicaid.gov/medicaid/managed-care/downloads/VA_Fee_Oth2_Renewal_20240701-20250630.pdf,10aa24cc47c6ac23d212612139700dcec1f5d5fcc31906bfe3950e0ef5dec66b,2026-09-30T17:02:14Z,,0.1.0
VA_Fee_Oth2_Renewal_20250701-20260630,VA,Virginia,Fee,FEE,Oth2,Renewal,Renewal,2025-07-01,2026-06-30,,"Uniform percentage increase for services performed by physicians employed by or contracted with NSGO hospitals for the rating period covering July 1, 2025 through June30,2026, incorporated in the capitation rates through a separate payment term amount of up to $950,000.",phase_down_determination,numbered,95000000.0,950000.0,$0.95 million,71000000.0,$0.71 million,24000000.0,$0.24 million,95000000.0,separate_payment_term,True,False,False,,,,,,https://www.medicaid.gov/medicaid/managed-care/downloads/VA_Fee_Oth2_Renewal_20250701-20260630.pdf,e355e6f91c7878eb47686c97429d53eed05962d36bb61bc4c35c18282f23df35,2026-09-30T17:02:16Z,,0.1.0
VA_Fee_Oth2_Renewal_20260701-20270630,VA,Virginia,Fee,FEE,Oth2,Renewal,Renewal,2026-07-01,2027-06-30,,"Uniform percentage increase for physicians employed by or contracted with the non-state government owned general acute care hospital class services for rating periods covering July 1, 2026 through June 30, 2027, incorporated in the capitation rates through a separate payment term amount up to $950,000.",form_only_no_letter,prose,,,,,,,,,,False,False,False,not read,,,,,https://www.medicaid.gov/medicaid/managed-care/downloads/VA_Fee_Oth2_Renewal_20260701-20270630.pdf,c0813f4bbe218e77b973be896c5ca86a2aaf568e4aa20a166abc5233ffd4e929,2026-09-30T17:02:17Z,,0.1.0
VA_Fee_Oth3_New_20250701-20260630,VA,Virginia,Fee,FEE,Oth3,New,New,2025-07-01,2026-06-30,,"Uniform percentage increase for nursing facility-like services for individuals under age 21 for the rating period July 1, 2025, through June 30, 2026, incorporated in the capitation rates through a separate payment term amount up to $3,589,920.",form_only_no_letter,prose,,,,,,,,,,False,False,False,not read,,,,,https://www.medicaid.gov/medicaid/managed-care/downloads/VA_Fee_Oth3_New_20250701-20260630.pdf,e7faf2ddfb7d7f3f045e49ad8fb483a1d09691ad5b4cc17d789c6f59c1eb0251,2026-09-30T17:02:19Z,,0.1.0
VA_Fee_Oth3_Renewal_20260701-20270630,VA,Virginia,Fee,FEE,Oth3,Renewal,Renewal,2026-07-01,2027-06-30,,"Uniform percentage increase for nursing facility like services provided to individuals under 21 for the rating period covering July 1, 2026 through June 30, 2027, incorporated in the capitation rates through a separate payment term amount up to $3,589,920.",form_only_no_letter,prose,,,,,,,,,,False,False,False,not read,,,,,https://www.medicaid.gov/medicaid/managed-care/downloads/VA_Fee_Oth3_Renewal_20260701-20270630.pdf,7003b574647c49fff9f930e33593e604e0f77b1bc6c9e21551df7e5fda154ddd,2026-09-30T17:02:20Z,,0.1.0
VA_Fee_Oth_Renewal_20230701-20230930,VA,Virginia,Fee,FEE,Oth,Renewal,Renewal,2023-07-01,2023-09-30,,"The minimum fee schedule established by the state for Durable Medical Equipment providers for the rating period covering July 1, 2023 through September 30, 2023, incorporated in the capitation rates through a risk-based rate adjustment.",approval,numbered,43800000.0,438000.0,"$438,000",26800000.0,"$268,000",17000000.0,"$170,000",,,True,False,False,,VA_Fee_Oth_Renewal_20230701-20230930,,,,https://www.medicaid.gov/medicaid/managed-care/downloads/VA_Fee_Oth_Renewal_20230701-20230930.pdf,5709d4966b5fc3366041e2b7197f9e95d947db83b5596b24afbe56b3a53306ce,2026-09-30T17:02:21Z,,0.1.0
VA_Fee_Oth_Renewal_20231001-20240630,VA,Virginia,Fee,FEE,Oth,Renewal,Renewal,2023-10-01,2024-06-30,,"The minimum fee schedule established by the state for Durable Medical Equipment providers for the rating period covering October 1, 2023 through June 30, 2024, incorporated in the capitation rates through a risk-based rate adjustment.",approval,numbered,130000000.0,1300000.0,$1.3 Million,80300000.0,"$803,000",51000000.0,"$510,000",,,True,False,False,,VA_Fee_Oth_Renewal_202301001-20240630,filename says 'VA_Fee_Oth_Renewal_20231001-20240630'; document says 'VA_Fee_Oth_Renewal_202301001-20240630',,,https://www.medicaid.gov/medicaid/managed-care/downloads/va-fee-oth-renewal-20231001-20240630.pdf,1fe89169372a8af119bb2ca5d884212f54a18df5d9deb44cbea9047fe3da4865,2026-09-30T17:02:23Z,,0.1.0
VA_Fee_Oth_Renewal_20240701-20250630,VA,Virginia,Fee,FEE,Oth,Renewal,Renewal,2024-07-01,2025-06-30,,"The minimum fee schedule established by the state for Durable Medical Equipment providers for the rating period covering July 1, 2024 through June 30, 2025, incorporated in the capitation rates through a risk-based rate adjustment.",form_only_no_letter,numbered,0.0,0.0,$0,0.0,$0,0.0,$0,,,True,False,False,,VA_Fee_Oth_Renewal_20220701-20230630,filename says 'VA_Fee_Oth_Renewal_20240701-20250630'; document says 'VA_Fee_Oth_Renewal_20220701-20230630',,,https://www.medicaid.gov/medicaid/managed-care/downloads/VA_Fee_Oth_Renewal_20240701-20250630.pdf,5bc0fced0b70f0d62a99eb6b946fd7fa615c4561225cfdc13d922e39ed52209d,2026-09-30T17:02:24Z,,0.1.0
VA_Fee_Oth_Renewal_20250701-20260630,VA,Virginia,Fee,FEE,Oth,Renewal,Renewal,2025-07-01,2026-06-30,,The minimum fee schedule established by the state for Durable Medical Equipment,form_only_no_letter,numbered,0.0,0.0,$0,0.0,$0,0.0,$0,,,True,False,False,,VA_Fee_Oth_Renewal_20250701-20260630,,,,https://www.medicaid.gov/medicaid/managed-care/downloads/VA_Fee_Oth_Renewal_20250701-20260630.pdf,8503f63f7bb7303b56f1a6a2ffa978c5a337aa8d6c4ae808d8cde69dfb507940,2026-09-30T17:02:26Z,,0.1.0
VA_Fee_Oth_Renewal_20260701-20270630,VA,Virginia,Fee,FEE,Oth,Renewal,Renewal,2026-07-01,2027-06-30,,"Minimum Fee Schedule for Durable Medical Equipment providers for the rating period covering July 1, 2026 through June 30, 2027, incorporated in the capitation rates through a risk-based rate adjustment up to $0.",form_only_no_letter,prose,,,,,,,,,,False,False,False,not read,,,,,https://www.medicaid.gov/medicaid/managed-care/downloads/VA_Fee_Oth_Renewal_20260701-20270630.pdf,a38d627dbc7b362735d5089e207397ab57600f213651338496ecbed8530179c1,2026-09-30T17:02:27Z,,0.1.0
VA_Fee_SP_New_20231001-20240630,VA,Virginia,Fee,FEE,SP,New,New,2023-10-01,2024-06-30,,"Uniform increase for physician services provided by physicians who participate in Children’s Specialty Group, affiliated with Children’s Hospital of the King’s Daughters, for the rating period, October 1, 2023 through June 30, 2024, incorporated into the capitation rates through a separate payment term up to $11,050,000.",form_only_no_letter,numbered,1105000000.0,11050000.0,"$11,050,000",566000000.0,"$5,660,000",539000000.0,"$5,390,000",,,True,False,False,,VA_Fee_SP_New_20231001-20240630,,,,https://www.medicaid.gov/medicaid/managed-care/downloads/VA_Fee_SP_New_20231001-20240630.pdf,86cd38553b21771c12f2eaac43be02084795ad06a4e280f00e5b3a4b3365af87,2026-09-30T17:02:28Z,,0.1.0
VA_Fee_SP_Renewal_20240701-20250630,VA,Virginia,Fee,FEE,SP,Renewal,Renewal,2024-07-01,2025-06-30,,"Uniform increase for physician services provided by physicians who participate in Children’s Specialty Group, affiliated with Children’s Hospital of the King’s Daughters, for the rating period, July 1, 2024 through June 30, 2025, incorporated into the capitation rates through a separate payment term up to $11,050,000.",form_only_no_letter,numbered,1105000000.0,11050000.0,$11.05 Million,573000000.0,$5.73 Million,532000000.0,$5.32 Million,,,True,False,False,,VA_Fee_SP_Renewal_20240701-20250630,,,,https://www.medicaid.gov/medicaid/managed-care/downloads/VA_Fee_SP_Renewal_20240701-20250630.pdf,f15abbabc6c8f7edabc08634aeaed3ced85727d659f165b39b8415de9b29085c,2026-09-30T17:02:29Z,,0.1.0
VA_Fee_SP_Renewal_20250701-20260630,VA,Virginia,Fee,FEE,SP,Renewal,Renewal,2025-07-01,2026-06-30,,"Uniform increase for physician services provided by physicians who participate in Children’s Specialty Group, affiliated with Children’s Hospital of the King’s Daughters, for the rating period, July 1, 2025 through June 30, 2026, incorporated into the capitation rates through a separate payment term up to $11,050,000.",form_only_no_letter,numbered,1105000000.0,11050000.0,"$11,050,000",558467000.0,"$5,584,670",546533000.0,"$5,465,330",,,True,False,False,,,,,,https://www.medicaid.gov/medicaid/managed-care/downloads/VA_Fee_SP_Renewal_20250701-20260630.pdf,b64c13ab295b576f34776ad4cbe76258119c6775eb43afe5f07f46b6a50e38ba,2026-09-30T17:02:31Z,,0.1.0
VA_Fee_SP_Renewal_20260701-20270630,VA,Virginia,Fee,FEE,SP,Renewal,Renewal,2026-07-01,2027-06-30,,"Uniform percentage increase for specialty physician services for rating periods covering July 1, 2026 through June 30, 2027, incorporated in the capitation rates through a separate payment term amount up to $11,050,000.",form_only_no_letter,prose,,,,,,,,,,False,False,False,not read,,,,,https://www.medicaid.gov/medicaid/managed-care/downloads/VA_Fee_SP_Renewal_20260701-20270630.pdf,7fc833dd028027183b9740f72bb62a4100dc0baa356500fafd56ca4b8ee2b0f3,2026-09-30T17:02:32Z,,0.1.0
VA_VBP_NF_Amend_20220701-20230630,VA,Virginia,VBP,VBP,NF,Amend,Amendment,2022-07-01,2023-06-30,,"The quality payment established by the state for nursing facility services for the rating period covering July 1, 2022 through June 30, 2023, incorporated in the capitation rates through a separate payment term of up to $59,311,250.",approval,numbered,5931125000.0,59311250.0,"$59,311,250",3101653700.0,"$31,016,537",2829471300.0,"$28,294,713",5931125000.0,separate_payment_term,True,False,False,,VA_VBP_NF_New_20220701-20230630,filename says 'VA_VBP_NF_Amend_20220701-20230630'; document says 'VA_VBP_NF_New_20220701-20230630',,,https://www.medicaid.gov/medicaid/managed-care/downloads/VA_VBP_NF_Amend_20220701-20230630.pdf,6bcff9716638ba4759af8d178309717b15dbc16b3261e217a49f03f420b802d8,2026-09-30T17:02:33Z,,0.1.0
VA_VBP_NF_Amend_20240701-20250630,VA,Virginia,VBP,VBP,NF,Amend,Amendment,2024-07-01,2025-06-30,,"The quality payment established by the state for nursing facility services for the rating period covering July 1, 2024 through June 30, 2025, incorporated in the capitation rates through a separate payment term of up to $184.9 million.",form_only_no_letter,numbered,18490000000.0,184900000.0,$184.9 M,10020000000.0,$100.2M,8470000000.0,$84.7 M,,,True,False,False,,VA_VBP_NF_New_20240701-20250630,filename says 'VA_VBP_NF_Amend_20240701-20250630'; document says 'VA_VBP_NF_New_20240701-20250630',,,https://www.medicaid.gov/medicaid/managed-care/downloads/VA_VBP_NF_Amend_20240701-20250630.pdf,24350fd73422987415c746fbfba7ad3465f30527214917861e326b5b99e7c3d8,2026-09-30T17:02:35Z,,0.1.0
VA_VBP_NF_Amend_20250701-20260630,VA,Virginia,VBP,VBP,NF,Amend,Amendment,2025-07-01,2026-06-30,,"Quality Payment/Pay for Performance for nursing facility services for rating periods covering July 1, 2025 through June 30, 2026, incorporated in the capitation rates through a separate payment term amount of up to $184,900,000.",phase_down_determination,minimal,,,,,,,,18490000000.0,separate_payment_term,False,False,False,not read,,,,,https://www.medicaid.gov/medicaid/managed-care/downloads/VA_VBP_NF_Amend_20250701-20260630.pdf,861684518271c2ce1f74600bfb4b6c640b6860f8d3c3ba133a68cc83e415f4b4,2026-09-30T17:02:36Z,,0.1.0
VA_VBP_NF_Renewal_20230701-20230930,VA,Virginia,VBP,VBP,NF,Renewal,Renewal,2023-07-01,2023-09-30,,"The quality payment established by the state for nursing facility services for the rating period covering July 1, 2023 through September 30, 2023, incorporated in the capitation rates through a separate payment term of up to $27 million.",approval,numbered,2700000000.0,27000000.0,$27.0 Million (see VA VBP NF Renewal Rd 1 Questions Doc),1480000000.0,$14.8 Million,1220000000.0,$12.2 Million,2700000000.0,separate_payment_term,True,False,False,,VA_VBP_NF_New_20220701-20230630,filename says 'VA_VBP_NF_Renewal_20230701-20230930'; document says 'VA_VBP_NF_New_20220701-20230630',,,https://www.medicaid.gov/medicaid/managed-care/downloads/va-vbp-nf-renewal-20230701-20230930.pdf,b859f4d155ad156aea85525f1e237208c9a44f7ada568a069d1469726a8615d8,2026-09-30T17:02:37Z,,0.1.0
VA_VBP_NF_Renewal_20231001-20240630,VA,Virginia,VBP,VBP,NF,Renewal,Renewal,2023-10-01,2024-06-30,,"The quality payment established by the state for nursing facility services for the rating period covering October 1, 2023 through June 30, 2024, incorporated in the capitation rates through a separate payment term of up to $81.1 million.",approval,numbered,8110000000.0,81100000.0,$81.1 Million,4450000000.0,$44.5 Million,3660000000.0,$36.6 Million,8110000000.0,separate_payment_term,True,False,False,,VA_VBP_NF_New_20220701-20230630,filename says 'VA_VBP_NF_Renewal_20231001-20240630'; document says 'VA_VBP_NF_New_20220701-20230630',,,https://www.medicaid.gov/medicaid/managed-care/downloads/va-vbp-nf-renewal-20231001-20240630.pdf,45b6f96444c38b1af9590578eb7af0f0906d7e15319451aa7ecf15e7ea656a40,2026-09-30T17:02:38Z,,0.1.0
VA_VBP_NF_Renewal_20240701-20250630,VA,Virginia,VBP,VBP,NF,Renewal,Renewal,2024-07-01,2025-06-30,,"The quality payment established by the state for nursing facility services for the rating period covering July 1, 2024 through June 30, 2025, incorporated in the capitation rates through a separate payment term of up to $144.1 million.",form_only_no_letter,numbered,14410000000.0,144100000.0,$144.10 M,7811000000.0,$78.11 M,6600000000.0,$66.00 M,,,True,False,False,,VA_VBP_NF_New_20240701-20250630,filename says 'VA_VBP_NF_Renewal_20240701-20250630'; document says 'VA_VBP_NF_New_20240701-20250630',,,https://www.medicaid.gov/medicaid/managed-care/downloads/VA_VBP_NF_Renewal_20240701-20250630.pdf,d5935cf20ebfe1f5ce28a3ada5791eb111ae5257961c875e0ca37b4cb478277f,2026-09-30T17:02:40Z,,0.1.0
VA_VBP_NF_Renewal_20250701-20260630,VA,Virginia,VBP,VBP,NF,Renewal,Renewal,2025-07-01,2026-06-30,,"Value-based payment arrangement for Nursing Facilities for rating periods covering July1, 2025, through June 30, 2026, incorporated in the capitation rates through a separate payment term amount of up to $184,900,000.",phase_down_determination,numbered,18490000000.0,184900000.0,$184.9 M,9950000000.0,$99.5M,8540000000.0,$85.4 M,18490000000.0,separate_payment_term,True,False,False,,VA_VBP_NF_New_20250701-20260630,filename says 'VA_VBP_NF_Renewal_20250701-20260630'; document says 'VA_VBP_NF_New_20250701-20260630',,,https://www.medicaid.gov/medicaid/managed-care/downloads/VA_VBP_NF_Renewal_20250701-20260630.pdf,6f42e27fe74b74e70e97cde80a137699f19aadfb0884ce3faedb9fa43aae0376,2026-09-30T17:02:41Z,,0.1.0
VA_VBP_NF_Renewal_20260701-20270630,VA,Virginia,VBP,VBP,NF,Renewal,Renewal,2026-07-01,2027-06-30,,"Quality Payment/Pay for Performance (Category 2 APM, or similar) for nursing facility services for rating periods covering July 1, 2026, through June 30, 2027, incorporated in the capitation rates through a separate payment term amount up to $184,900,000.",phase_down_determination,prose,,,,,,,,18490000000.0,separate_payment_term,False,False,False,not read,,,,,https://www.medicaid.gov/medicaid/managed-care/downloads/VA_VBP_NF_Renewal_20260701-20270630.pdf,6cf30b4595b3cfb0265445bf099a7815b193208f2735c7f2fb25b0f2c9797288,2026-09-30T17:02:42Z,,0.1.0
VT-VBP-Oth1-New-20230101-20231231,VT,Vermont,VBP,VBP,Oth1,New,New,2023-01-01,2023-12-31,,"The value-based payment arrangement for community-based residential substance use treatment facilities for the rating period covering January 1, 2023 through December 31,2023, incorporated in the capitation rates through a risk-based rate adjustment.",approval,numbered,202300.0,2023.0,"CY2023: $56,738",3286300.0,"$32,863",2387500.0,"$23,875",,,False,True,False,no currency symbol or scale word; unit assumed,VT_VBP_Oth1_New_20230101-20251231,filename says 'VT-VBP-Oth1-New-20230101-20231231'; document says 'VT_VBP_Oth1_New_20230101-20251231',fields were hyphen separated,,https://www.medicaid.gov/medicaid/managed-care/downloads/vt-vbp-oth1-new-20230101-20231231.pdf,b2be593afb5bba309468418e4f5053b32602aaf7bdfe3064b4854eb6492312f2,2026-09-30T17:02:44Z,,0.1.0
VT_VBP_BHO.Oth1_New_20240101-20241231,VT,Vermont,VBP,VBP,BHO.Oth1,New,New,2024-01-01,2024-12-31,,"Value based payment arrangement for Children’s Integrated Services (CIS) providers established by the state for the rating period January 1, 2024 through December 31, 2024, incorporated in the capitation rates through a risk-based rate adjustment.",form_only_no_letter,numbered,30376600.0,303766.0,"$303,766",17433100.0,"$174,331",12943500.0,"$129,435",,,True,False,False,,,,,,https://www.medicaid.gov/medicaid/managed-care/downloads/VT_VBP_BHO.Oth1_New_20240101-20241231.pdf,851ace089f530dfc66e19925664eb2c3c23aea2f0ae7aea2d7796a395ed7ebd7,2026-09-30T17:02:45Z,,0.1.0
VT_VBP_BHO.Oth1_Renewal_20250101-20251231,VT,Vermont,VBP,VBP,BHO.Oth1,Renewal,Renewal,2025-01-01,2025-12-31,,"Value based payment arrangement for Children’s Integrated Services (CIS) providers established by the state for the rating period January 1, 2025 through December 31, 2025, incorporated in the capitation rates through a risk-based rate adjustment.",form_only_no_letter,numbered,15865200.0,158652.0,"$158,652",9231960.0,"$92,319.60",6633240.0,"$66,332.40",,,True,False,False,,VT_VBP_BHO.Oth1_Renewal_20250101-20251231,,,,https://www.medicaid.gov/medicaid/managed-care/downloads/VT_VBP_BHO.Oth1_Renewal_20250101-20251231.pdf,3a6c5be4e97f21c9018e90a6a39f1628eb981f5dc332a3b2779b05f78ee86384,2026-09-30T17:02:46Z,,0.1.0
VT_VBP_BHO_New_20230101-20231231,VT,Vermont,VBP,VBP,BHO,New,New,2023-01-01,2023-12-31,,"Value-based payment arrangement for the Applied Behavior Analysis (ABA) Tiered Payment Model for the rating period covering January 1, 2023 through December 31, 2023, incorporated in the capitation rates through a risk-based rate adjustment.",approval,numbered,6000000.0,60000.0,"$60,000",3475200.0,"$34,752",2524800.0,"$25,248",,,True,False,False,,VT_VBP_BHO_New_20230101-20251231,filename says 'VT_VBP_BHO_New_20230101-20231231'; document says 'VT_VBP_BHO_New_20230101-20251231',,,https://www.medicaid.gov/medicaid/managed-care/downloads/vt-vbp-bho-new-20230101-20231231.pdf,d47ca4e58cf90dd6fa62bd4d4dbe8cb59adc95988834cc78814c19cc447e09d3,2026-09-30T17:02:48Z,,0.1.0
VT_VBP_BHO_Renewal_20240101-20241231,VT,Vermont,VBP,VBP,BHO,Renewal,Renewal,2024-01-01,2024-12-31,,"Value-based payment arrangement for Vermont’s Northeastern Family Institute for the rating period covering January 1, 2024 through December 31, 2024, incorporated in the capitation rates through a risk-based rate adjustment.",form_only_no_letter,numbered,26227300.0,262273.0,"$262,273",14926000.0,"$149,260",11301300.0,"$113,013",,,True,False,False,,,,,,https://www.medicaid.gov/medicaid/managed-care/downloads/VT_VBP_BHO_Renewal_20240101-20241231.pdf,234eb66e4db5c5956b0e3f0793486edc60a73f29d939e0841598b6c19b0b5b85,2026-09-30T17:02:49Z,,0.1.0
VT_VBP_BHO_Renewal_20240101-20261231,VT,Vermont,VBP,VBP,BHO,Renewal,Renewal,2024-01-01,2026-12-31,,"Value-based payment arrangement for the Applied Behavior Analysis (ABA) Tiered Payment Model for the rating periods covering January 1, 2024 through December 31, 2026, incorporated in the capitation rates through a risk-based rate adjustment.",form_only_no_letter,numbered,2400.0,24.0,"CY24: $82,815; CY25: $87,967; CY26: $92,345",4752800.0,"$47,528",3528700.0,"$35,287",,,False,True,False,no currency symbol or scale word; unit assumed,VT_VBP_BHO_Renewal_20240101-20261231,,,,https://www.medicaid.gov/medicaid/managed-care/downloads/VT_VBP_BHO_Renewal_20240101-20261231.pdf,8c871cb1baf2dfe3776a094fd884cd167f75e95ba86fbb5044b6c7086c34ca2b,2026-09-30T17:02:50Z,,0.1.0
VT_VBP_HCBS.BHO.Oth_Renewal_20230101-20231231,VT,Vermont,VBP,VBP,HCBS.BHO.Oth,Renewal,Renewal,2023-01-01,2023-12-31,,The Value Based Payment for community mental health centers to deliver a continuum,form_only_no_letter,numbered,227272900.0,2272729.0,"$2,272,729",130068300.0,"$1,300,683",97204600.0,"$972,046",,,True,False,False,,VT_VBP_HCBS.Oth_Renewal_20230101-20251231,filename says 'VT_VBP_HCBS.BHO.Oth_Renewal_20230101-20231231'; document says 'VT_VBP_HCBS.Oth_Renewal_20230101-20251231',,,https://www.medicaid.gov/medicaid/managed-care/downloads/VT_VBP_HCBS.BHO.Oth_Renewal_20230101-20231231.pdf,6389de165673769e97d1a8f63a1e091dc83c400734d15968d3b0e97effb63389,2026-09-30T17:02:52Z,,0.1.0
VT_VBP_HCBS.BHO.Oth_Renewal_20240101-20241231,VT,Vermont,VBP,VBP,HCBS.BHO.Oth,Renewal,Renewal,2024-01-01,2024-12-31,,"The Value Based Payment for community mental health centers to deliver a continuum of mental health services to adults and children via monthly case rates established by the state for the rating period, January 1, 2024 through December 31, 2024, incorporated into the capitation rates through a risk-based rate adjustment.",form_only_no_letter,numbered,253140100.0,2531401.0,"$2,531,401",145277100.0,"$1,452,771",107863000.0,"$1,078,630",,,True,False,False,,,,,,https://www.medicaid.gov/medicaid/managed-care/downloads/VT_VBP_HCBS.BHO.Oth_Renewal_20240101-20241231.pdf,2412dcf8d7191da79f30ed923312735f91ddb250cf0759778db2acd2cb159c09,2026-09-30T17:02:53Z,,0.1.0
VT_VBP_HCBS_New_20230101-20231231,VT,Vermont,VBP,VBP,HCBS,New,New,2023-01-01,2023-12-31,,"Value-based payment arrangement for developmental disabilities services for the rating period covering January 1, 2023 through December 31, 2023, incorporated in the capitation rates through a risk-based rate adjustment.",approval,numbered,750000000.0,7500000.0,"$7,500,000",434400000.0,"$4,344,000",315600000.0,"$3,156,000",,,True,False,False,,VT_VBP_HCBS_New_20230101-20251231,filename says 'VT_VBP_HCBS_New_20230101-20231231'; document says 'VT_VBP_HCBS_New_20230101-20251231',,,https://www.medicaid.gov/medicaid/managed-care/downloads/vt-vbp-hcbs-new-20230101-20231231.pdf,47ae1de1fbc443b2de1848cae22eb37c10df5a6a0130fb8198827939b79248e0,2026-09-30T17:02:54Z,,0.1.0
VT_VBP_HCBS_Renewal_20240101-20241231,VT,Vermont,VBP,VBP,HCBS,Renewal,Renewal,2024-01-01,2024-12-31,,"Value-based payment arrangement for developmental disabilities services for the rating period covering January 1, 2024 through December 31, 2024, incorporated in the capitation rates through a risk-based rate adjustment.",form_only_no_letter,numbered,590000000.0,5900000.0,"$5,900,000",338601000.0,"$3,386,010",251399000.0,"$2,513,990",,,True,False,False,,,,,,https://www.medicaid.gov/medicaid/managed-care/downloads/VT_VBP_HCBS_Renewal_20240101-20241231.pdf,a1e17466bc0146742af0213289bfc14f393c14c3bc7861d8c39e1f26f3342509,2026-09-30T17:02:55Z,,0.1.0
VT_VBP_IPH.OPH.AMC.PC.SP_Renewal_20230101-20231231,VT,Vermont,VBP,VBP,IPH.OPH.AMC.PC.SP,Renewal,Renewal,2023-01-01,2023-12-31,,"Value-based payment arrangement for the Vermont Medicaid Next Generation (VMNG) ACO program for the rating period covering January 1, 2023 through December 31, 2023, incorporated in the capitation rates through a risk-based rate adjustment.",approval,numbered,36198387598.0,361983875.98,"$361,983,875.98",20966106100.0,"$209,661,061",15232281500.0,"$152,322,815",,,True,False,False,,VT_VBP_IPH.OPH.AMC.PC.SP_Renewal_20220101-20251231,filename says 'VT_VBP_IPH.OPH.AMC.PC.SP_Renewal_20230101-20231231'; document says 'VT_VBP_IPH.OPH.AMC.PC.SP_Renewal_20220101-20251231',,,https://www.medicaid.gov/medicaid/managed-care/downloads/vt-vbp-iph.oph.amc.pc.sp-renewal-20230101-20231231.pdf,4e5267a76dc22f8fb9b807ccc6e9a8ff57434e39d3b9786aebabdf40b255ec0a,2026-09-30T17:02:57Z,,0.1.0
VT_VBP_IPH.OPH.AMC.PC.SP_Renewal_20240101-20241231,VT,Vermont,VBP,VBP,IPH.OPH.AMC.PC.SP,Renewal,Renewal,2024-01-01,2024-12-31,,"Value-based payment arrangement for the Vermont Medicaid Next Generation (VMNG) ACO program for the rating period covering January 1, 2024 through December 31, 2024, incorporated in the capitation rates through a risk-based rate adjustment.",form_only_no_letter,numbered,29632121300.0,296321213.0,"$296,321,213",17005874400.0,"$170,058,744",12626246900.0,"$126,262,469",,,True,False,False,,VT_VBP_IPH.OPH.AMC.PC.SP_Renewal_20240101-20241231,,,,https://www.medicaid.gov/medicaid/managed-care/downloads/VT_VBP_IPH.OPH.AMC.PC.SP_Renewal_20240101-20241231.pdf,0afed6d4d646cd3be213d410c47cc3107d4ea0b7fd848448a3c39e6c2f4575c2,2026-09-30T17:02:58Z,,0.1.0
VT_VBP_Oth1_Renewal_20250101-20251231,VT,Vermont,VBP,VBP,Oth1,Renewal,Renewal,2025-01-01,2025-12-31,,"The value-based payment arrangement for community-based residential substance use treatment facilities for the rating period covering January 1, 2025 through December 31, 2025, incorporated into the capitation rates through a risk-based rate adjustment.",form_only_no_letter,numbered,7500000.0,75000.0,"$75,000",4364250.0,"$43,642.50",3135750.0,"$31,357.50",,,True,False,False,,VT_VBP_Oth1_Renewal_20250101-20251231,,,,https://www.medicaid.gov/medicaid/managed-care/downloads/VT_VBP_Oth1_Renewal_20250101-20251231.pdf,60e465082aad7f584249bef330f7f1563873d76b295ac237d46b98d2e7365fd3,2026-09-30T17:02:59Z,,0.1.0
VT_VBP_Oth_Renewal_20230101-20231231,VT,Vermont,VBP,VBP,Oth,Renewal,Renewal,2023-01-01,2023-12-31,,"Value-based payment arrangement for the High-Technology Nursing Program for the rating period covering January 1, 2023 through December 31, 2023, incorporated in the capitation rates through a risk-based rate adjustment.",approval,numbered,190296000.0,1902960.0,"$1,902,960",112431600.0,"$1,124,316",77864400.0,"$778,644",,,True,False,False,,VT_VBP_Oth_Renewal_20230101-20251231,filename says 'VT_VBP_Oth_Renewal_20230101-20231231'; document says 'VT_VBP_Oth_Renewal_20230101-20251231',,,https://www.medicaid.gov/medicaid/managed-care/downloads/vt-vbp-oth-renewal-20230101-20231231.pdf,a69a8e4ecbe84a68a6346d610c5fda6ea4c764d8630a7ccfab2d60bc5252e420,2026-09-30T17:03:01Z,,0.1.0
VT_VBP_Oth_Renewal_20240101-20241231,VT,Vermont,VBP,VBP,Oth,Renewal,Renewal,2024-01-01,2024-12-31,,"Value-based payment arrangement for the High-Technology Nursing Program for the rating period covering January 1, 2024 through December 31, 2024, incorporated in the capitation rates through a risk-based rate adjustment.",form_only_no_letter,numbered,202083463.0,2020834.63,"$2,020,834.63",115975700.0,"$1,159,757",86107800.0,"$861,078",,,True,False,False,,,,,,https://www.medicaid.gov/medicaid/managed-care/downloads/VT_VBP_Oth_Renewal_20240101-20241231.pdf,24a747f44aa9cc6256702a888dd93388aff0e449314ed49d0f01efca5899bff8,2026-09-30T17:03:02Z,,0.1.0
VT_VBP_Oth_Renewal_20250101-20251231 (formerly VT_VBP_IPH.OPH.AMC.PC.SP_Renewal_20250101-20251231),VT,Vermont,VBP,VBP,Oth,Renewal,Renewal,2025-01-01,2025-12-31,(formerly VT_VBP_IPH.OPH.AMC.PC.SP_Renewal_20250101-20251231),"Value-based payment arrangement for the Vermont Medicaid Next Generation (VMNG) ACO program for the rating period covering January 1, 2025 through December 31,2025, incorporated into the capitation rates through a risk-based adjustment.",form_only_no_letter,prose,,,,,,,,,,False,False,False,not read,,,,,https://www.medicaid.gov/medicaid/managed-care/downloads/VT_VBP_Oth_Renewal_20250101-20251231.pdf,e948f49b580c80c7205413ec6dceb175dbbd43293753ca58caf6f279dcd0f017,2026-09-30T17:03:03Z,,0.1.0
VT_VBP_PC_Renewal_20250101-20271231,VT,Vermont,VBP,VBP,PC,Renewal,Renewal,2025-01-01,2027-12-31,,"Value-based payment arrangement for the Patient-Centered Medical Home (PCMH) PPPM (Per Patient Per Month) Blueprint payment program for the rating periods covering January 1, 2025 through December 31, 2027, incorporated into the capitation rates through a risk-based rate adjustment.",form_only_no_letter,numbered,2500.0,25.0,"CY25:$5,705,721.51; CY26: $5,736,218.15; CY27:$5,766,877.80",332015900.0,"$3,320,159",238556200.0,"$2,385,562",,,False,True,False,no currency symbol or scale word; unit assumed,VT_VBP_PC_Renewal_20250101-20271231,,,,https://www.medicaid.gov/medicaid/managed-care/downloads/VT_VBP_PC_Renewal_20250101-20271231.pdf,be7c3dd8ad787ed316d17931dd24b06d0d601b5bb4e5fa25e748cf0e4a7fb1a6,2026-09-30T17:03:05Z,,0.1.0
WA_Fee_AMC.PC.SP.D.Oth_Renewal_20250101-20251231,WA,Washington,Fee,FEE,AMC.PC.SP.D.Oth,Renewal,Renewal,2025-01-01,2025-12-31,,"Uniform increase established by the state for qualified licensed professionals employed by a state university owned or operated hospital or affiliated practice, state owned and operated school of dentistry, or public hospital district for the rating period covering January 1, 2025 through December 31, 2025, incorporated in the capitation rates through a separate payment term of up to $132,480,000.",phase_down_determination,numbered,13248000000.0,132480000.0,"$132,480,000",9132325500.0,"$91,323,255",4115674500.0,"41,156,745",13248000000.0,separate_payment_term,True,False,False,,,,,,https://www.medicaid.gov/medicaid/managed-care/downloads/WA_Fee_AMC.PC.SP.D.Oth_Renewal_20250101-20251231.pdf,9c482b1b98ff3285adf80a2f78594f48ca508053720d9daa8f3dc87be471b18f,2026-09-30T17:03:06Z,,0.1.0
WA_Fee_AMC.PC.SP.D.Oth_Renewal_20260101-20261231,WA,Washington,Fee,FEE,AMC.PC.SP.D.Oth,Renewal,Renewal,2026-01-01,2026-12-31,,"Uniform increase established by the state for qualified licensed professionals employed by a state university owned or operated hospital or affiliated practice, state owned and operated school of dentistry, or public hospital district for the rating period covering January 1, 2026 through December 31, 2026, incorporated in the capitation rates through a separate payment term up to $132,480,000.",phase_down_determination,prose,,,,,,,,13248000000.0,separate_payment_term,False,False,False,not read,,,,,https://www.medicaid.gov/medicaid/managed-care/downloads/WA_Fee_AMC.PC.SP.D.Oth_Renewal_20260101-20261231.pdf,324f8a7f7439d14b918fd60c78616d02d0756dbec06a6ce95acf09b7e520f1d3,2026-09-30T17:03:07Z,,0.1.0
WA_Fee_AMC_Amend_20230101-20231231,WA,Washington,Fee,FEE,AMC,Amend,Amendment,2023-01-01,2023-12-31,,"A uniform increase established by the state for qualified licensed professionals employed by the University of Washington and/or a member of its affiliated physician practice plans or employed by a public hospital or other public entity for the rating period covering January 1, 2023 through December 31, 2023, incorporated in the capitation rates through a separate payment term of up to $120,526,551.76.",form_only_no_letter,numbered,12052655176.0,120526551.76,"120,526,551.76",8437603720.0,"84,376,037.20",3615051456.0,"36,150,514.56",,,False,True,False,no currency symbol or scale word; unit assumed,WA_Fee_AMC_Amend_20230101-20231231,,,,https://www.medicaid.gov/medicaid/managed-care/downloads/WA_Fee_AMC_Amend_20230101-20231231.pdf,f82e0e0b0aa1c29d03a8090027c7cd5551b314336d0daf94648f3736580fb5d3,2026-09-30T17:03:08Z,,0.1.0
WA_Fee_AMC_Renewal_20230101-20231231,WA,Washington,Fee,FEE,AMC,Renewal,Renewal,2023-01-01,2023-12-31,,"Uniform increase established by the state for qualified licensed professionals employed by the University of Washington and/or a member of its affiliated physician practice plans or employed by a public hospital or other public entity for the rating period covering January 1, 2023 through December 31, 2023, incorporated in the capitation rates through a separate payment term of up to $90 million.",approval,numbered,9000000000.0,90000000.0,"90,000,000",6500000000.0,"65,000,000",2500000000.0,"25,000,000",9000000000.0,separate_payment_term,False,True,False,no currency symbol or scale word; unit assumed,,,,,https://www.medicaid.gov/medicaid/managed-care/downloads/wa-fee-amc-renewal-20230101-20231231.pdf,032e4ef60ac42a5743195f1f674e85e6ab0c79bc00036624a5ecafbabcf4de26,2026-09-30T17:03:10Z,,0.1.0
WA_Fee_AMC_Renewal_20240101-20241231,WA,Washington,Fee,FEE,AMC,Renewal,Renewal,2024-01-01,2024-12-31,,"Renewal of a uniform increase established by the state for qualified licensed professionals employed by the University of Washington and/or a member of its affiliated physician practice plans or employed by a public hospital or other public entity for the rating period covering January 1, 2024 through December 31, 2024, incorporated in the capitation rates through a separate payment term of up to $109 million.",form_only_no_letter,numbered,10900000000.0,109000000.0,"109,000,000.00",7818000000.0,78180000.00,3082000000.0,30820000.00,,,False,True,False,no currency symbol or scale word; unit assumed,,,,,https://www.medicaid.gov/medicaid/managed-care/downloads/WA_Fee_AMC_Renewal_20240101-20241231.pdf,0dedf9bf819fc04c667ed2498b7c3829b0d9ad2aec32e75e95ff1d36d925fad9,2026-09-30T17:03:11Z,,0.1.0
WA_Fee_BHI.BHO3_Amend_20240101-20241231,WA,Washington,Fee,FEE,BHI.BHO3,Amend,Amendment,2024-01-01,2024-12-31,,"Uniform increase established by the state for behavioral health inpatient and outpatient services delivered by eligible providers for the rating period covering January 1, 2024 through December 31, 2024, incorporated in the capitation rates through a through a risk-based adjustment.",form_only_no_letter,numbered,13400000000.0,134000000.0,"$ 134,000,000",9000000000.0,"$   90,000,000",4400000000.0,"$ 44,000,000",,,True,False,False,,,,,,https://www.medicaid.gov/medicaid/managed-care/downloads/WA_Fee_BHI.BHO3_Amend_20240101-20241231.pdf,6344865ec7d298c5abb820d9658982d314aed087e38c1e54ebb59c3a99421cf4,2026-09-30T17:03:12Z,,0.1.0
WA_Fee_BHI.BHO3_New_20240101-20241231,WA,Washington,Fee,FEE,BHI.BHO3,New,New,2024-01-01,2024-12-31,,"The uniform increase established by the state for behavioral health inpatient and outpatient services delivered by eligible providers for the rating period covering January 1, 2024 through December 31, 2024, incorporated in the capitation rates through a through a risk-based adjustment.",form_only_no_letter,numbered,13400000000.0,134000000.0,"$ 134,000,000",9000000000.0,"$   90,000,000",4400000000.0,"$ 44,000,000",,,True,False,False,,,,,,https://www.medicaid.gov/medicaid/managed-care/downloads/WA_Fee_BHI.BHO3_New_20240101-20241231.pdf,0b698e78694f752813ef13202c90cbb198d9be6a3806de5c8261bac4c6bf810a,2026-09-30T17:03:14Z,,0.1.0
WA_Fee_BHI.BHO3_Renewal_20250101-20251231,WA,Washington,Fee,FEE,BHI.BHO3,Renewal,Renewal,2025-01-01,2025-12-31,,"Uniform increase established by the state for behavioral health inpatient and outpatient services delivered by eligible providers for the rating period covering January 1, 2025 through December 31, 2025, incorporated in the capitation rates through a through a risk-based adjustment.",form_only_no_letter,numbered,14700000000.0,147000000.0,"$147,000,000",9900000000.0,"$   99,000,000",4800000000.0,"$ 48,000,000",,,True,False,False,,,,,,https://www.medicaid.gov/medicaid/managed-care/downloads/WA_Fee_BHI.BHO3_Renewal_20250101-20251231.pdf,b15b574398ce126246eecd76e989c7ede926dfb8f23716407fa3c86d970b3a1a,2026-09-30T17:03:15Z,,0.1.0
WA_Fee_BHI2.BHO2_Amend_20240101-20241231,WA,Washington,Fee,FEE,BHI2.BHO2,Amend,Amendment,2024-01-01,2024-12-31,,"Uniform increase established by the state for behavioral health inpatient and behavioral health outpatient services for the rating period covering January 1, 2024 through December 31, 2024, incorporated in the capitation rates through a risk-based rate adjustment.",form_only_no_letter,numbered,5300000000.0,53000000.0,"$ 53,000,000",3500000000.0,"$  35,000,000",1800000000.0,"$ 18,000,000",,,True,False,False,,,,,,https://www.medicaid.gov/medicaid/managed-care/downloads/WA_Fee_BHI2.BHO2_Amend_20240101-20241231.pdf,42e71ed62b11c399c255606e88900748dde272fd57231d7000776c665379bdb4,2026-09-30T17:03:16Z,,0.1.0
WA_Fee_BHI2.BHO2_New_20230101-20231231,WA,Washington,Fee,FEE,BHI2.BHO2,New,New,2023-01-01,2023-12-31,,"Uniform increase established by the state for behavioral health inpatient and behavioral health outpatient services for the rating period covering January 1, 2023 through December 31, 2023, incorporated in the capitation rates through a risk-based rate adjustment.",approval,numbered,7663109200.0,76631092.0,"$ 76,631,092",5372386700.0,"$ 53,723,867",2290722500.0,"$ 22,907,225",,,True,False,False,,,,,,https://www.medicaid.gov/medicaid/managed-care/downloads/wa-fee-bhi2.bho2-new-20230101-20231231.pdf,b92a3bb8019e40c6c8a9fa02d785e6630d04de513b81d5ec7e8db69509962e0c,2026-09-30T17:03:17Z,,0.1.0
WA_Fee_BHI2.BHO2_Renewal_20240101-20241231,WA,Washington,Fee,FEE,BHI2.BHO2,Renewal,Renewal,2024-01-01,2024-12-31,,"Renewal of the uniform increase established by the state for behavioral health inpatient and behavioral health outpatient services for the rating period covering January 1, 2024 through December 31, 2024, incorporated in the capitation rates through a risk-based rate adjustment.",form_only_no_letter,numbered,5300000000.0,53000000.0,"$ 53,000,000",3500000000.0,"$  35,000,000",1800000000.0,"$ 18,000,000",,,True,False,False,,,,,,https://www.medicaid.gov/medicaid/managed-care/downloads/WA_Fee_BHI2.BHO2_Renewal_20240101-20241231.pdf,4f2a386557ba7496b613aed0ad05c6abc7e0c5947cb521793fcc543d3c03d3b6,2026-09-30T17:03:19Z,,0.1.0
WA_Fee_BHO3_New_20230101-20231231,WA,Washington,Fee,FEE,BHO3,New,New,2023-01-01,2023-12-31,,"The uniform increase established by the state for eligible providers delivering opioid treatment services for the rating period covering January 1, 2023 through December 31, 2023, incorporated in the capitation rates through a risk-based rate adjustment.",approval,numbered,1763346500.0,17633465.0,"$ 17,633,465",1337603800.0,"$ 13,376,038",425742700.0,"$ 4,257,427",,,True,False,False,,,,,,https://www.medicaid.gov/medicaid/managed-care/downloads/wa-fee-bho3-new-20230101-20231231.pdf,27d2062fbd08cae7b04f86ca98bb3777726088225ca50805344627187311e3ed,2026-09-30T17:03:20Z,,0.1.0
WA_Fee_BHO3_Renewal_20240101-20241231,WA,Washington,Fee,FEE,BHO3,Renewal,Renewal,2024-01-01,2024-12-31,,"Renewal of the uniform increase established by the state for eligible providers delivering opioid treatment services for the rating period covering January 1, 2024 through December 31, 2024, incorporated in the capitation rates through a risk-based rate adjustment.",form_only_no_letter,numbered,2100000000.0,21000000.0,"$   21,000,000",1600000000.0,"$   16,000,000",500000000.0,"$ 5,000,000",,,True,False,False,,,,,,https://www.medicaid.gov/medicaid/managed-care/downloads/WA_Fee_BHO3_Renewal_20240101-20241231.pdf,5f3e394b10724120efdf20f6a2ebee3412f0fc9e8d95242231499746289860eb,2026-09-30T17:03:21Z,,0.1.0
WA_Fee_BHO4_New_20250101-20251231,WA,Washington,Fee,FEE,BHO4,New,New,2025-01-01,2025-12-31,,"Uniform percentage increase established by the state for behavioral health outpatient services for Medicaid-enrolled managed care enrollees delivered by PACT teams (Program of Assertive Community Treatment) for the rating period covering January 1, 2025, through December 31, 2025, incorporated in the capitation rates through a risk-based rate adjustment.",form_only_no_letter,numbered,400000000.0,4000000.0,"$4,000,000",300000000.0,"$   3,000,000",100000000.0,"$ 1,000,000",,,True,False,False,,,,,,https://www.medicaid.gov/medicaid/managed-care/downloads/WA_Fee_BHO4_New_20250101-20251231.pdf,01224afe2b0cdf155d3612b1f67b6bfd359652ae0212d196bc2d4bfcfd7ea963,2026-09-30T17:03:23Z,,0.1.0
WA_Fee_BHO4_Renewal_20260101-20260331,WA,Washington,Fee,FEE,BHO4,Renewal,Renewal,2026-01-01,2026-03-31,,"Uniform percentage increase established by the state for behavioral health outpatient services for Medicaid-enrolled managed care enrollees delivered by PACT teams(Program of Assertive Community Treatment) for the rating period covering January 1, 2026, through December 31, 2026, incorporated in the capitation rates through a risk-based rate adjustment up to $3,000,000.",form_only_no_letter,minimal,,,,,,,,,,False,False,False,not read,,,,,https://www.medicaid.gov/medicaid/managed-care/downloads/WA_Fee_BHO4_Renewal_20260101-20260331.pdf,0ce32528d7c2430c534d4e73a740b3b9b45b233bf6d05bb2d90bd0a2cf3ce4e9,2026-09-30T17:03:24Z,,0.1.0
WA_Fee_IPH.OPH1_New_20240101-20241231,WA,Washington,Fee,FEE,IPH.OPH1,New,New,2024-01-01,2024-12-31,,"Uniform percentage increase for inpatient and outpatient services with designated public hospitals established by the state for the rating period, January 1, 2024 through December 31, 2024, incorporated into the capitation rates through a separate payment term up to $224.1 million.",form_only_no_letter,numbered,22410000000.0,224100000.0,Estimated $224.1 million net of the 2% managed care plan premium tax. Actual total directed payments will be based on actual contract utilization.,16510000000.0,Estimated $165.1 million,5900000000.0,Estimated $59.0 million,,,True,False,False,,IPH.OPH1,filename says 'WA_Fee_IPH.OPH1_New_20240101-20241231'; document says 'IPH.OPH1',,,https://www.medicaid.gov/medicaid/managed-care/downloads/WA_Fee_IPH.OPH1_New_20240101-20241231.pdf,c290772fd1361ae426058debadff5a6f5ea5c0d16c8342785b583f3b6ab71200,2026-09-30T17:03:25Z,,0.1.0
WA_Fee_IPH.OPH1_Renewal_20250101-20251231,WA,Washington,Fee,FEE,IPH.OPH1,Renewal,Renewal,2025-01-01,2025-12-31,,"Uniform percentage increase for inpatient and outpatient services with designated public hospitals operated by a public hospital district established by the state, excluding critical access hospitals, for the rating period, January 1, 2025 through December 31, 2025, incorporated into the capitation rates through a separate payment term up to $255.2 million.",form_only_no_letter,numbered,25520000000.0,255200000.0,$255.2 million net of the 2% managed care plan premium tax. Actual total directed payments will be based on actual contract utilization.,17510000000.0,$175.1 million,8010000000.0,$80.1 million,,,True,False,False,,,,,,https://www.medicaid.gov/medicaid/managed-care/downloads/WA_Fee_IPH.OPH1_Renewal_20250101-20251231.pdf,813b9c80e4f1d70caf65e3eb7f3de4dae4a909b4c066359c388a38c9502788eb,2026-09-30T17:03:26Z,,0.1.0
WA_Fee_IPH.OPH1_Renewal_20260101-20261231,WA,Washington,Fee,FEE,IPH.OPH1,Renewal,Renewal,2026-01-01,2026-12-31,,"Uniform percentage increase for inpatient and outpatient hospital services with designated public hospitals operated by a public hospital district established by the state, excluding critical access hospitals, for the rating period, January 1, 2026 through December 31, 2026, incorporated into the capitation rates through a separate payment term up to $255.2 million.",phase_down_determination,prose,,,,,,,,25520000000.0,separate_payment_term,False,False,False,not read,,,,,https://www.medicaid.gov/medicaid/managed-care/downloads/WA_Fee_IPH.OPH1_Renewal_20260101-20261231.pdf,921c8bd686f75943f3bf6b5fe874d7cbfe4dbd9d3fe8ae9c38c8020a27c9ce34,2026-09-30T17:03:28Z,,0.1.0
WA_Fee_IPH.OPH2_New_20240101-20241231,WA,Washington,Fee,FEE,IPH.OPH2,New,New,2024-01-01,2024-12-31,,"The uniform percentage increase established by the state for inpatient and outpatient hospital services provided by eligible Critical Access Hospitals and Prospective Payment System Hospitals for the rating period January 1, 2024 through December 31, 2024, incorporated in the capitation rates through a separate payment term up to $1.818 billion.",form_only_no_letter,numbered,181800000000.0,1818000000.0,Approximately $1.818 billion net of the 2% managed care plan premium tax,125700000000.0,Approximately $1.257 billion,56100000000.0,Approximately $561 million,,,True,False,False,,,,,,https://www.medicaid.gov/medicaid/managed-care/downloads/WA_Fee_IPH.OPH2_New_20240101-20241231.pdf,b3e14c886e49d90c58ffa151c863451fb8b1ad35f6473eaa6add67fe83b3870e,2026-09-30T17:03:29Z,,0.1.0
WA_Fee_IPH.OPH2_Renewal_20250101-20251231,WA,Washington,Fee,FEE,IPH.OPH2,Renewal,Renewal,2025-01-01,2025-12-31,,"The uniform dollar increases established by the state for inpatient hospital services provided by eligible Critical Access Hospitals and Prospective Payment System Hospitals and the uniform percentage increases established by the state for outpatient hospital services provided by eligible Critical Access Hospitals and Prospective Payment System Hospitals for the rating period January 1, 2025 through December 31, 2025, incorporated in the capitation rates through a separate payment term up to $2.003 billion.",form_only_no_letter,numbered,200300000000.0,2003000000.0,Approximately $2.003 billion net of the 2% managed care plan premium tax,137400000000.0,$1.374 billion,62900000000.0,$629 million,,,True,False,False,,,,,,https://www.medicaid.gov/medicaid/managed-care/downloads/WA_Fee_IPH.OPH2_Renewal_20250101-20251231.pdf,6c9128b4a041a164652d0c8b95e03ed865d3941d65581727011b5555c0f27b07,2026-09-30T17:03:30Z,,0.1.0
WA_Fee_IPH.OPH2_Renewal_20260101-20261231,WA,Washington,Fee,FEE,IPH.OPH2,Renewal,Renewal,2026-01-01,2026-12-31,,"The uniform dollar increases established by the state for inpatient hospital services provided by eligible Critical Access Hospitals and Prospective Payment System Hospitals and the uniform percentage increases established by the state for outpatient hospital services provided by eligible Critical Access Hospitals and Prospective Payment System Hospitals for the rating period January 1, 2026 through December 31, 2026, incorporated in the capitation rates through a separate payment term up to $2.003 billion.",phase_down_determination,prose,,,,,,,,200300000000.0,separate_payment_term,False,False,False,not read,,,,,https://www.medicaid.gov/medicaid/managed-care/downloads/WA_Fee_IPH.OPH2_Renewal_20260101-20261231.pdf,71b1f7c943907db3d6848c5e43ae078cc92c7ca0a1048fe938f4bfc675abcfe2,2026-09-30T17:03:32Z,,0.1.0
WA_Fee_IPH.OPH3_Renewal_20240101-20241231,WA,Washington,Fee,FEE,IPH.OPH3,Renewal,Renewal,2024-01-01,2024-12-31,,"Uniform increase for hospitals owned or operated by a state university established by the state for inpatient and outpatient hospital services for the rating period, January 1, 2024through December 31, 2024, incorporated into the capitation rates through a separate payment term up to $433 million.",form_only_no_letter,numbered,43300000000.0,433000000.0,"$433,000,000.00",34650000000.0,"$346,500,000.00",8650000000.0,"$86,500,000.00",,,True,False,False,,20240101,filename says 'WA_Fee_IPH.OPH3_Renewal_20240101-20241231'; document says '20240101',,,https://www.medicaid.gov/medicaid/managed-care/downloads/WA_Fee_IPH.OPH3_Renewal_20240101-20241231.pdf,0752ed421c59a2442b826f396ea01a5ad98d195bc9321c106001fd66165016eb,2026-09-30T17:03:33Z,,0.1.0
WA_Fee_IPH.OPH3_Renewal_20250101-20251231,WA,Washington,Fee,FEE,IPH.OPH3,Renewal,Renewal,2025-01-01,2025-12-31,,"Uniform percentage increase for hospitals owned and operated by or operated by a state university established by the state for inpatient and outpatient hospital services for the rating period, January 1, 2025 through December 31, 2025, incorporated into the capitation rates through a separate payment term up to $480,400,000.",form_only_no_letter,numbered,48040000000.0,480400000.0,"$480,400,000.00",38160000000.0,"$381,600,000.00",9880000000.0,"$98,800,000.00",,,True,False,False,,20250101,filename says 'WA_Fee_IPH.OPH3_Renewal_20250101-20251231'; document says '20250101',,,https://www.medicaid.gov/medicaid/managed-care/downloads/WA_Fee_IPH.OPH3_Renewal_20250101-20251231.pdf,a4ee9ceca52d00cea02408668bc86f52e514ccbf985915a5be13e3dbca21a78e,2026-09-30T17:03:34Z,,0.1.0
WA_Fee_IPH.OPH3_Renewal_20260101-20261231,WA,Washington,Fee,FEE,IPH.OPH3,Renewal,Renewal,2026-01-01,2026-12-31,,"Uniform percentage increase for hospitals owned and operated by or operated by a state university established by the state for inpatient and outpatient hospital services for the rating period, January 1, 2026 through December 31, 2026, incorporated into the capitation rates through a separate payment term up to $480,400,000.",phase_down_determination,prose,,,,,,,,48040000000.0,separate_payment_term,False,False,False,not read,,,,,https://www.medicaid.gov/medicaid/managed-care/downloads/WA_Fee_IPH.OPH3_Renewal_20260101-20261231.pdf,fe80ddb49ac8d66e1c28b823cc3a4c179bf35a88e83efc520f20420b2aacc3c0,2026-09-30T17:03:35Z,,0.1.0
WA_Fee_OTH2_Renewal_20230101-20231231,WA,Washington,Fee,FEE,OTH2,Renewal,Renewal,2023-01-01,2023-12-31,,"Minimum fee schedule established by the state for trauma center physician services for the rating period covering January 1, 2023 through December 31, 2023, incorporated in the capitation rates through a risk-based rate adjustment.",approval,numbered,594602600.0,5946026.0,"$5,946,026.00",469736100.0,"$4,697,361.00",124866500.0,"$1,248,665.00",,,True,False,False,,,,,,https://www.medicaid.gov/medicaid/managed-care/downloads/wa-fee-oth2-renewal-20230101-20231231.pdf,014cee37027d0550cad479f8b69f9add3107f04406be11b22e5c120cda21e0cb,2026-09-30T17:03:37Z,,0.1.0
WA_Fee_OTH_Renewal_20230101-20231231,WA,Washington,Fee,FEE,OTH,Renewal,Renewal,2023-01-01,2023-12-31,,"Uniform increase established by the state for publicly funded sexual and reproductive health family planning providers as designated by the Department of Health for the rating period covering January 1, 2023 through December 31, 2023, incorporated in the capitation rates through a risk-based rate adjustment.",approval,numbered,415619500.0,4156195.0,"$4,156,195",315442200.0,"$3,154,422",100177300.0,"$1,001,773",,,True,False,False,,,,,,https://www.medicaid.gov/medicaid/managed-care/downloads/wa-fee-oth-renewal-20230101-20231231.pdf,eb1b2265fd0ca13d2488c91a1b9822b360fbc785022edd4878623969b4045447,2026-09-30T17:03:38Z,,0.1.0
WA_Fee_OTH_Renewal_20240101-20241231,WA,Washington,Fee,FEE,OTH,Renewal,Renewal,2024-01-01,2024-12-31,,"Renewal of the uniform increase established by the state for publicly funded sexual and reproductive health family planning providers as designated by the Department of Health for the rating period covering January 1, 2024 through December 31, 2024, incorporated in the capitation rates through a risk-based rate adjustment.",form_only_no_letter,numbered,300000000.0,3000000.0,"$3,000,000",200000000.0,"$  2,000,000",100000000.0,"$ 1,000,000",,,True,False,False,,,,,,https://www.medicaid.gov/medicaid/managed-care/downloads/WA_Fee_OTH_Renewal_20240101-20241231.pdf,f3e9755cb2e9da7312bdf959aca1c5f9f045e65d4b39da387defe7eedcc22b74,2026-09-30T17:03:39Z,,0.1.0
WA_Fee_Oth_Amend_20260101-20261231,WA,Washington,Fee,FEE,Oth,Amend,Amendment,2026-01-01,2026-12-31,,"Uniform increase established by the state for publicly funded sexual and reproductive health family planning providers as designated by the Department of Health for the rating period covering January 1, 2026, through December 31, 2026, incorporated in the capitation rates through a risk-based rate adjustment up to $2,100,000.",approval,prose,,,,,,,,210000000.0,risk_based_adjustment,False,False,False,not read,,,,,https://www.medicaid.gov/medicaid/managed-care/downloads/WA_Fee_Oth_Amend_20260101-20261231.pdf,62378588c35c84e1eae310e100fb347911bba00d2e5d4b1d79a6609da8f86d4c,2026-09-30T17:03:41Z,,0.1.0
WA_Fee_Oth_Renewal_20250101-20251231,WA,Washington,Fee,FEE,Oth,Renewal,Renewal,2025-01-01,2025-12-31,,"Uniform increase established by the state for publicly funded sexual and reproductive health family planning providers as designated by the Department of Health for the rating period covering January 1, 2025 through December 31, 2025, incorporated in the capitation rates through a risk-based rate adjustment.",form_only_no_letter,numbered,300000000.0,3000000.0,"$3,000,000",200000000.0,"$  2,000,000",100000000.0,"$ 1,000,000",,,True,False,False,,,,,,https://www.medicaid.gov/medicaid/managed-care/downloads/WA_Fee_Oth_Renewal_20250101-20251231.pdf,1b0a8f7df0e1b399870dcfd3856e2f475d18e3ff7e7804083b33fc39765c501c,2026-09-30T17:03:42Z,,0.1.0
WA_Fee_Oth_Renewal_20260101-20261231,WA,Washington,Fee,FEE,Oth,Renewal,Renewal,2026-01-01,2026-12-31,,"Uniform increase established by the state for publicly funded sexual and reproductive health family planning providers as designated by the Department of Health for the rating period covering January 1, 2026, through December 31, 2026, incorporated in the capitation rates through a risk-based rate adjustment up to $100,000.",form_only_no_letter,minimal,,,,,,,,,,False,False,False,not read,,,,,https://www.medicaid.gov/medicaid/managed-care/downloads/WA_Fee_Oth_Renewal_20260101-20261231.pdf,f6fbade14b141864399baf887782b436aef500fb9717b7d036fb32d862389827,2026-09-30T17:03:43Z,,0.1.0
WA_Fee_PC_Renewal_20230101-20231231,WA,Washington,Fee,FEE,PC,Renewal,Renewal,2023-01-01,2023-12-31,,"Uniform increase established by the state for primary care services for all eligible providers for the rating period covering January 1, 2023 through December 31, 2023, incorporated in the capitation rates through a risk-based rate adjustment.",approval,numbered,8207972000.0,82079720.0,"$82,079,720",5347542400.0,"$53,475,424",2860429700.0,"$28,604,297",,,True,False,False,,,,,,https://www.medicaid.gov/medicaid/managed-care/downloads/wa-fee-pc-renewal-20230101-20231231.pdf,4f614638122270052fa5c356251eaafc8a91d04fddcd1f11f38b242b779b791d,2026-09-30T17:03:45Z,,0.1.0
WA_Fee_PC_Renewal_20240101-20241231,WA,Washington,Fee,FEE,PC,Renewal,Renewal,2024-01-01,2024-12-31,,"Renewal of the uniform increase established by the state for primary care services for all eligible providers for the rating period covering January 1, 2024 through December 31, 2024, incorporated in the capitation rates through a risk-based rate adjustment.",form_only_no_letter,numbered,7200000000.0,72000000.0,"$72,000,000",4700000000.0,"$  47,000,000",2500000000.0,"$25,000,000",,,True,False,False,,,,,,https://www.medicaid.gov/medicaid/managed-care/downloads/WA_Fee_PC_Renewal_20240101-20241231.pdf,41e0bcdde12f695cd73572c0111d76b6a3e839e538998410f36c5742ff6a8868,2026-09-30T17:03:46Z,,0.1.0
WA_VBP_BHO_New_20250101-20251231,WA,Washington,VBP,VBP,BHO,New,New,2025-01-01,2025-12-31,,"Value based pay for performance and population-based payment for behavioral health outpatient services provided by eligible mobile crisis response providers established by the state for the rating period covering January 1, 2025 through December 31, 2025, incorporated in the capitation rates through a separate payment term amount of up to $4,307,393.",form_only_no_letter,numbered,430739300.0,4307393.0,"$4,307,393",371715000.0,"$3,717,150",59024300.0,"$590,243",,,True,False,False,,,,,,https://www.medicaid.gov/medicaid/managed-care/downloads/WA_VBP_BHO_New_20250101-20251231.pdf,98902ba4aa039afa8f4d725537d30e7423b44707479a7787ad8eb70476e54759,2026-09-30T17:03:47Z,,0.1.0
WA_VBP_BHO_Renewal_20260101-20261231,WA,Washington,VBP,VBP,BHO,Renewal,Renewal,2026-01-01,2026-12-31,,Approval Date:,form_only_no_letter,minimal,,,,,,,,,,False,False,False,not read,,,,,https://www.medicaid.gov/medicaid/managed-care/downloads/WA_VBP_BHO_Renewal_20260101-20261231.pdf,e52f7853ace8cf71aaab7beec2a4fd1da83211a340b32f3aa604cc7d13c6f091,2026-09-30T17:03:49Z,,0.1.0
WI_Fee_AMC_New_20250101-20251231,WI,Wisconsin,Fee,FEE,AMC,New,New,2025-01-01,2025-12-31,,"Uniform percentage increase for professional services at an academic medical center for rating periods covering January 1, 2025 through December 31, 2025,incorporated in the capitation rates through a separate payment term amount of up to $91,101,951.",phase_down_determination,numbered,9110195100.0,91101951.0,"$91,101,951",5510757000.0,"$55,107,570",3599438100.0,"$35,994,381",9110195100.0,separate_payment_term,True,False,False,,,,,,https://www.medicaid.gov/medicaid/managed-care/downloads/WI_Fee_AMC_New_20250101-20251231.pdf,2df8350ea2ba74331126bcd561720ec43ca7f3749d1eb072d9a4e2f419692f96,2026-09-30T17:03:50Z,,0.1.0
WI_Fee_AMC_Renewal_20260101-20261231,WI,Wisconsin,Fee,FEE,AMC,Renewal,Renewal,2026-01-01,2026-12-31,,"Uniform percentage increase for professional services at an academic medical center for the rating period covering January 1, 2026 through December 31, 2026, incorporated in the capitation rates through a separate payment term amount up to $91,098,330.",phase_down_determination,prose,,,,,,,,9109833000.0,separate_payment_term,False,False,False,not read,,,,,https://www.medicaid.gov/medicaid/managed-care/downloads/WI_Fee_AMC_Renewal_20260101-20261231.pdf,82b7d21c62dcc1983868dd4adcb51e408e8eef0be2f2787dc25284fb6c025f57,2026-09-30T17:03:51Z,,0.1.0
WI_Fee_BHO_Renewal_20230101-20231231,WI,Wisconsin,Fee,FEE,BHO,Renewal,Renewal,2023-01-01,2023-12-31,,"Minimum and maximum fee schedule for Sub-Acute Psychiatric Community-Based Psychiatric and Recovery Center Services for the rating period covering January 1, 2023 through December 31, 2023, incorporated in the capitation rates through a risk-based adjustment.",approval,numbered,140000000.0,1400000.0,"$1,400,000",86310000.0,863100,53690000.0,536900,,,True,False,False,,,,,,https://www.medicaid.gov/medicaid/managed-care/downloads/wi-fee-bho-renewal-20230101-20231231.pdf,0239ee3351827db920c4f6017d25e6b20002b228fe36b3b4e79f3d8c97817f32,2026-09-30T17:03:53Z,,0.1.0
WI_Fee_BHO_Renewal_20240101-20241231,WI,Wisconsin,Fee,FEE,BHO,Renewal,Renewal,2024-01-01,2024-12-31,,"Minimum and maximum fee schedule for Sub-Acute Psychiatric Community-Based Psychiatric and Recovery Center Services for the rating period covering January 1, 2024 through December 31, 2024, incorporated in the capitation rates through a risk-based adjustment.",form_only_no_letter,numbered,160000000.0,1600000.0,"$1,600,000",96960000.0,969600,63040000.0,630400,,,True,False,False,,,,,,https://www.medicaid.gov/medicaid/managed-care/downloads/WI_Fee_BHO_Renewal_20240101-20241231.pdf,5ab913bc11f31c6ae57df64336c1489c6f85abc77a400cd6c8ca3e803a87396f,2026-09-30T17:03:54Z,,0.1.0
WI_Fee_BHO_Renewal_20250101-20251231,WI,Wisconsin,Fee,FEE,BHO,Renewal,Renewal,2025-01-01,2025-12-31,,"Minimum and maximum fee schedules established by the state for Sub-Acute Psychiatric Community-Based Psychiatric and Recovery Center services for the rating period, January 1, 2025 through December 31, 2025, incorporated into the capitation rates through a risk-based rate adjustment.",form_only_no_letter,numbered,110000000.0,1100000.0,"$1,100,000",66539000.0,665390,43461100.0,434611,,,True,False,False,,WI_Fee_BHO_Renewal_20250101-20251231,,,,https://www.medicaid.gov/medicaid/managed-care/downloads/WI_Fee_BHO_Renewal_20250101-20251231.pdf,b260d77524b201c37bbf26dad973f589c3fae2b4fe3257e8eae0458f379b1069,2026-09-30T17:03:55Z,,0.1.0
WI_Fee_HCBS2_Renewal_20240101-20241231,WI,Wisconsin,Fee,FEE,HCBS2,Renewal,Renewal,2024-01-01,2024-12-31,,"Uniform percentage increase established by the state for eligible home and community-based service (HCBS) providers for the rating period, January 1, 2024 through December 31, 2024, incorporated into the capitation rates through a risk-based rate adjustment.",form_only_no_letter,numbered,870000000.0,8700000.0,"$8,700,000",527220000.0,"$5,272,200",342780000.0,"$3,427,800",,,True,False,False,,,,,,https://www.medicaid.gov/medicaid/managed-care/downloads/WI_Fee_HCBS2_Renewal_20240101-20241231.pdf,6f4369df2fa38eecb1691a7fa522005a5bd25606fbe50bf44a808d94011e7c94,2026-09-30T17:03:56Z,,0.1.0
WI_Fee_HCBS2_Renewal_20250101-20251231,WI,Wisconsin,Fee,FEE,HCBS2,Renewal,Renewal,2025-01-01,2025-12-31,,"Uniform percentage increase established by the state for eligible home and community-based services for the rating period, January 1, 2025 through December 31, 2025,incorporated into the capitation rates through a risk-based rate adjustment.",form_only_no_letter,numbered,860000000.0,8600000.0,"$8,600,000",520214000.0,5202140,339786000.0,3397860,,,True,False,False,,WI_Fee_HCBS2_Renewal_20250101-20251231,,,,https://www.medicaid.gov/medicaid/managed-care/downloads/WI_Fee_HCBS2_Renewal_20250101-20251231.pdf,dbd71e393c2081f621c951cb2d00370b9f1fa91447d2f9804ad09520462c986b,2026-09-30T17:03:58Z,,0.1.0
WI_Fee_HCBS3_Renewal_20240101-20241231,WI,Wisconsin,Fee,FEE,HCBS3,Renewal,Renewal,2024-01-01,2024-12-31,,"Uniform percentage increase established by the state for eligible home and community-based service (HCBS) providers for the rating period, January 1, 2024 through December 31, 2024, incorporated into the capitation rates through a risk-based rate adjustment.",form_only_no_letter,numbered,9900000000.0,99000000.0,"$99,000,000",6000000000.0,"$60,000,000",3900000000.0,"$39,000,000",,,True,False,False,,,,,,https://www.medicaid.gov/medicaid/managed-care/downloads/WI_Fee_HCBS3_Renewal_20230701-20240630.pdf,afcd0be0a9ccb52b675da6dd18c253776430959b30381022743f9b977482e63c,2026-09-30T17:03:59Z,,0.1.0
WI_Fee_HCBS3_Renewal_20250101-20251231,WI,Wisconsin,Fee,FEE,HCBS3,Renewal,Renewal,2025-01-01,2025-12-31,,"Uniform percentage increase established by the state for eligible home and community-based services for the rating period, January 1, 2025 through December 31, 2025,incorporated into the capitation rates through a risk-based rate adjustment.",form_only_no_letter,numbered,10400000000.0,104000000.0,"$104,000,000",6300000000.0,"$63,000,000",4100000000.0,"$41,000,000",,,True,False,False,,WI_Fee_HCBS3_Renewal_20250101-20251231,,,,https://www.medicaid.gov/medicaid/managed-care/downloads/WI_Fee_HCBS3_Renewal_20250101-20251231.pdf,a7ac9a6e124a165257e98f070b68a201856a6a515118f254e7cf9c6d5dc95c64,2026-09-30T17:04:00Z,,0.1.0
WI_Fee_HCBS3_Renewal_20260101-20261231,WI,Wisconsin,Fee,FEE,HCBS3,Renewal,Renewal,2026-01-01,2026-12-31,,"Uniform percentage increase established by the state for eligible home and community-based services for the rating period covering January 1, 2026 through December 31, 2026, incorporated in the capitation rates through a risk-based rate adjustment up to$115,000,000.",form_only_no_letter,minimal,,,,,,,,,,False,False,False,not read,,,,,https://www.medicaid.gov/medicaid/managed-care/downloads/WI_Fee_HCBS3_Renewal_20260101-20261231.pdf,52db105614e1098fccee1b57c189865063d7f1c12efcb0f77d552c0f49621070,2026-09-30T17:04:02Z,,0.1.0
WI_Fee_HCBS4_Renewal_20230101-20231231,WI,Wisconsin,Fee,FEE,HCBS4,Renewal,Renewal,2023-01-01,2023-12-31,,"Uniform increase for Family Care and Family Care Partnership which is established by the state for eligible home and community-based service (HCBS) providers for the rating period covering January 1, 2023 through December 31, 2023, incorporated in the capitation rates through a risk-based rate adjustment.",approval,numbered,6100000000.0,61000000.0,"$61,000,000",3700000000.0,"$37,000,000",2400000000.0,"$24,000,000",,,True,False,False,,XXXXX,filename says 'WI_Fee_HCBS4_Renewal_20230101-20231231'; document says 'XXXXX',,,https://www.medicaid.gov/medicaid/managed-care/downloads/wi-fee-hcbs4-renewal-20230101-20231231.pdf,1f0993f5a377db3e45ea88f23e20b6756c10f1e2267c80318b25e4e7d520652a,2026-09-30T17:04:03Z,,0.1.0
WI_Fee_HCBS4_Renewal_20240101-20241231,WI,Wisconsin,Fee,FEE,HCBS4,Renewal,Renewal,2024-01-01,2024-12-31,,"Uniform percentage increase for Family Care and Family Care Partnership which is established by the state for eligible home and community-based service (HCBS) providers for the rating period covering January 1, 2024 through December 31, 2024, incorporated in the capitation rates through a risk-based rate adjustment.",form_only_no_letter,numbered,6300000000.0,63000000.0,"$63,000,000",3800000000.0,"$38,000,000",2500000000.0,"$25,000,000",,,True,False,False,,,,,,https://www.medicaid.gov/medicaid/managed-care/downloads/WI_Fee_HCBS4_Renewal_20240101-20241231.pdf,8f00aedc36ed14fd49ff1cfcb53fa9d394454a9374ea993ac29edbb19d8b7bab,2026-09-30T17:04:04Z,,0.1.0
WI_Fee_HCBS4_Renewal_20250101-20251231,WI,Wisconsin,Fee,FEE,HCBS4,Renewal,Renewal,2025-01-01,2025-12-31,,"Uniform percentage increase established by the state for eligible home and community-based services for the rating period, January 1, 2025 through December 31, 2025,incorporated into the capitation rates through a risk-based rate adjustment.",form_only_no_letter,numbered,6600000000.0,66000000.0,"$66,000,000",4000000000.0,"$40,000,000",2600000000.0,"$26,000,000",,,True,False,False,,WI_Fee_HCBS4_Renewal_20250101-202512312025,filename says 'WI_Fee_HCBS4_Renewal_20250101-20251231'; document says 'WI_Fee_HCBS4_Renewal_20250101-202512312025',,,https://www.medicaid.gov/medicaid/managed-care/downloads/WI_Fee_HCBS4_Renewal_20250101-20251231.pdf,681d8f668612e6686dc84cde2bb57a40fb2f42ea9ecae89a1dca26bfc336bd47,2026-09-30T17:04:06Z,,0.1.0
WI_Fee_HCBS4_Renewal_20260101-20261231,WI,Wisconsin,Fee,FEE,HCBS4,Renewal,Renewal,2026-01-01,2026-12-31,,"Uniform percentage increase established by the state for eligible home and community-based services for the rating period covering January 1, 2026 through December 31, 2026, incorporated in the capitation rates through a risk-based rate adjustment up to$91,000,000.",form_only_no_letter,minimal,,,,,,,,,,False,False,False,not read,,,,,https://www.medicaid.gov/medicaid/managed-care/downloads/WI_Fee_HCBS4_Renewal_20260101-20261231.pdf,f672d7329c0fdb27fc4dadacc0e95fa5b5e32946df899b1df2bc9e1968c413ce,2026-09-30T17:04:07Z,,0.1.0
WI_Fee_HCBS5_Amend1_20240101-20241231,WI,Wisconsin,Fee,FEE,HCBS5,Amend1,Amendment,2024-01-01,2024-12-31,,"Uniform percentage increase established by the state for eligible home and community-based services for the rating period, January 1, 2024 through December 31, 2024,incorporated into the capitation rates through a separate payment term of up to$151,500,000.",form_only_no_letter,numbered,15150000000.0,151500000.0,"$151,500,000",9190000000.0,"$91,900,000",5960000000.0,"$59,600,000",,,True,False,False,,XXXXXX,filename says 'WI_Fee_HCBS5_Amend1_20240101-20241231'; document says 'XXXXXX',,,https://www.medicaid.gov/medicaid/managed-care/downloads/WI_Fee_HCBS5_Amend1_20240101-20241231.pdf,2e2c04e42b7da7156d054937099606a893991ce4f0e33e7ef3d1cc9f15559662,2026-09-30T17:04:08Z,,0.1.0
WI_Fee_HCBS5_Amend_20240101-20241231,WI,Wisconsin,Fee,FEE,HCBS5,Amend,Amendment,2024-01-01,2024-12-31,,"Uniform percentage increase established by the state for eligible home and community-based services for the rating period, January 1, 2024 through December 31, 2024, incorporated into the capitation rates through a separate payment term of up to $151,000,000.",form_only_no_letter,numbered,15100000000.0,151000000.0,"$151,000,000",9150000000.0,"$91,500,000",5950000000.0,"$59,500,000",,,True,False,False,,WI_Fee_HCBS5_Amend_20240101-20241231,,,,https://www.medicaid.gov/medicaid/managed-care/downloads/WI_Fee_HCBS5_Amend_20240101-20241231.pdf,e2f17c9992d22141050bf385234c992185f27ca6ccd490efbe0e74418e815c5a,2026-09-30T17:04:10Z,,0.1.0
WI_Fee_HCBS5_Renewal_20230101-20231231,WI,Wisconsin,Fee,FEE,HCBS5,Renewal,Renewal,2023-01-01,2023-12-31,,"Uniform increase for Family Care and Family Care Partnership which is established by the State for eligible home and community-based service (HCBS) providers for the rating period covering January 1, 2023 through December 31, 2023, incorporated in the capitation rates through a separate payment term of up to $125 million.",approval,numbered,12500000000.0,125000000.0,"$125,000,000",7512500000.0,"$75,125,000",4987500000.0,"$49,875,000",12500000000.0,separate_payment_term,True,False,False,,XXXXXX,filename says 'WI_Fee_HCBS5_Renewal_20230101-20231231'; document says 'XXXXXX',,,https://www.medicaid.gov/medicaid/managed-care/downloads/wi-fee-hcbs5-renewal-20230101-20231231.pdf,34568388d836904b641c3a54c2ad40f05869398c9dfbc8bdccdf176df55a70c2,2026-09-30T17:04:11Z,,0.1.0
WI_Fee_HCBS5_Renewal_20240101-20241231,WI,Wisconsin,Fee,FEE,HCBS5,Renewal,Renewal,2024-01-01,2024-12-31,,"Uniform increase established by the State for eligible home and community-based service (HCBS) services for the rating period covering January 1, 2024 through December 31, 2024, incorporated in the capitation rates through a separate payment term of up to $146 million.",form_only_no_letter,numbered,14600000000.0,146000000.0,"$146,000,000",8850000000.0,"$88,500,000",5750000000.0,"$57,500,000",,,True,False,False,,XXXXXX,filename says 'WI_Fee_HCBS5_Renewal_20240101-20241231'; document says 'XXXXXX',,,https://www.medicaid.gov/medicaid/managed-care/downloads/WI_Fee_HCBS5_Renewal_20240101-20241231.pdf,8a7e5fe0bf758963e8e64fa2103c66cfb96097d42f949d5c508e560e4109b334,2026-09-30T17:04:12Z,,0.1.0
WI_Fee_HCBS5_Renewal_20250101-20251231,WI,Wisconsin,Fee,FEE,HCBS5,Renewal,Renewal,2025-01-01,2025-12-31,,"Uniform percentage increase established by the State for eligible home and community-based service (HCBS) services for rating periods covering January 1, 2025 through December 31, 2025, incorporated in the capitation rates through a separate payment term amount of up to $147,000,000.",form_only_no_letter,numbered,14700000000.0,147000000.0,"$147,000,000",8920000000.0,"$89,200,000",5780000000.0,"$57,800,000",,,True,False,False,,,,,,https://www.medicaid.gov/medicaid/managed-care/downloads/WI_Fee_HCBS5_Renewal_20250101-20251231.pdf,e0b04d9b4f0effaef9a6d4f2906e6624cc56d22754d0270304e0d2d87e219bb0,2026-09-30T17:04:14Z,,0.1.0
WI_Fee_HCBS5_Renewal_20260101-20261231,WI,Wisconsin,Fee,FEE,HCBS5,Renewal,Renewal,2026-01-01,2026-12-31,,"Uniform percentage increase established by the state for eligible home and community-based services for the rating period covering January 1, 2026 through December 31, 2026, incorporated in the capitation rates through a separate payment term amount up to $147,000,000.",form_only_no_letter,minimal,,,,,,,,,,False,False,False,not read,,,,,https://www.medicaid.gov/medicaid/managed-care/downloads/WI_Fee_HCBS5_Renewal_20260101-20261231.pdf,8fbc82584951c295a66713c3f7502fc44688afe4ae384a7a6ea8e3da2400d718,2026-09-30T17:04:15Z,,0.1.0
WI_Fee_HCBS7_Renewal_20230101-20231231,WI,Wisconsin,Fee,FEE,HCBS7,Renewal,Renewal,2023-01-01,2023-12-31,,"Uniform increase established by the state for eligible home and community-based service (HCBS) providers for the rating period covering January 1, 2023 through December 31, 2023, incorporated in the capitation rates through a risk-based rate adjustment.",approval,numbered,31700000.0,317000.0,"$317,000",19543000.0,"$195,430",12157000.0,"$121,570",,,True,False,False,,,,,,https://www.medicaid.gov/medicaid/managed-care/downloads/wi-fee-hcbs7-renewal-20230101-20231231.pdf,85f35940b399610dd09f42dd242c52b027988bdf1afd16a0bec79cbbc7391ff2,2026-09-30T17:04:16Z,,0.1.0
WI_Fee_HCBS8_Renewal_20230701-20241231,WI,Wisconsin,Fee,FEE,HCBS8,Renewal,Renewal,2023-07-01,2024-12-31,,"Uniform increase established by the state for eligible home and community-based service (HCBS) providers for the rating period covering July 1, 2023 through December 31, 2024, incorporated into the capitation rates through a risk-based rate adjustment.",form_only_no_letter,numbered,58071600.0,580716.0,"$580,716 (ARPA PMPM of $53.77 multiplied by a projected membership of 600 members for 18 months)",35191400.0,"$351,914",22880200.0,"$228,802",,,True,False,False,,,,,,https://www.medicaid.gov/medicaid/managed-care/downloads/WI_Fee_HCBS8_Renewal_20230701-20241231.pdf,3542ff39201957cf7ae085c1cd21d33b289f2828ae60840a313cae6f80038473,2026-09-30T17:04:17Z,,0.1.0
WI_Fee_HCBS9_20250101-20251231,WI,Wisconsin,Fee,FEE,HCBS9,,,2025-01-01,2025-12-31,,"Minimum Fee Schedule for home and community-based services for the rating period covering January 1, 2025 through December 31, 2025, incorporated in the capitation rates through a risk-based rate adjustment of up to $259,400,000.",form_only_no_letter,numbered,25940000000.0,259400000.0,"$259,400,000",15720000000.0,"$157,200,000",10220000000.0,"$102,200,000",,,True,False,False,,,,no review type in the identifier,,https://www.medicaid.gov/medicaid/managed-care/downloads/WI_Fee_HCBS9_20250101-20251231.pdf,6b614515bad1429215f54e7e4435f332195b0767aafd1c9f9e6c7abb942cc4e6,2026-09-30T17:04:19Z,,0.1.0
WI_Fee_HCBS9_New_20240101-20241231,WI,Wisconsin,Fee,FEE,HCBS9,New,New,2024-01-01,2024-12-31,,"Value based payment arrangement for Children’s Integrated Services (CIS) providers established by the state for the rating period January 1, 2025 through December 31, 2025, incorporated in the capitation rates through a risk-based rate adjustment.",form_only_no_letter,numbered,7020000000.0,70200000.0,"$70,200,000",4212000000.0,"$42,120,000",2808000000.0,"$28,080,000",,,True,False,False,,,,,,https://www.medicaid.gov/medicaid/managed-care/downloads/WI_Fee_HCBS9_New_20240101-20241231.pdf,3f3ec7ba8dd36fb24e04053034a43e2b59c54cd65ef9bbebc9632d7573525623,2026-09-30T17:04:20Z,,0.1.0
WI_Fee_HCBS9_Renewal_20260101-20261231,WI,Wisconsin,Fee,FEE,HCBS9,Renewal,Renewal,2026-01-01,2026-12-31,,"Minimum Fee Schedule for home and community-based services for the rating period covering January 1, 2026 through December 31, 2026, incorporated in the capitation rates through a risk-based rate adjustment up to $231,000,000.",form_only_no_letter,minimal,,,,,,,,,,False,False,False,not read,,,,,https://www.medicaid.gov/medicaid/managed-care/downloads/WI_Fee_HCBS9_Renewal_20260101-20261231.pdf,18a59e1d0fcc1b2d46d3b95adba49117bf6b756f3dd7c0f6d95903fb0f082914,2026-09-30T17:04:21Z,,0.1.0
WI_Fee_IPH.OPH_Renewal_20230101-20231231,WI,Wisconsin,Fee,FEE,IPH.OPH,Renewal,Renewal,2023-01-01,2023-12-31,,"The uniform increase for hospital access payments for the rating period covering January 1, 2023 through December 31, 2023, incorporated in the capitation rates through a separate payment term of up to $450,413,343.00.",approval,numbered,45041334300.0,450413343.0,"$450,413,343",27767982600.0,277679826,17273351700.0,172733517,45041334300.0,separate_payment_term,True,False,False,,,,,,https://www.medicaid.gov/medicaid/managed-care/downloads/WI_Fee_IPH.OPH_Renewal_20230101-20231231.pdf,2a771b102205eeb6e2fa1058e2d5e05f3b523da93cc4b5950ccae308acaabe85,2026-09-30T17:04:22Z,,0.1.0
WI_Fee_IPH.OPH_Renewal_20240101-20241231,WI,Wisconsin,Fee,FEE,IPH.OPH,Renewal,Renewal,2024-01-01,2024-12-31,,"Uniform increase established by the state for inpatient and outpatient hospital service sand long-term acute care (LTAC) services at eligible critical access hospitals, acute, and rehabilitation hospitals for the rating period, January 1, 2024 through December 31,2024, incorporated into the capitation rates through a separate payment term of up to$510,504,611.",form_only_no_letter,numbered,51050461100.0,510504611.0,"$510,504,611",30936579400.0,309365794,20113881700.0,201138817,,,True,False,False,,,,,,https://www.medicaid.gov/medicaid/managed-care/downloads/WI_Fee_IPH.OPH_Renewal_20240101-20241231.pdf,6bb1331efb3ef0fddf672102388a8ef4e6f0750d4a1a8a8c2100a9aef81162a9,2026-09-30T17:04:24Z,,0.1.0
WI_Fee_IPH.OPH_Renewal_20250101-20251231,WI,Wisconsin,Fee,FEE,IPH.OPH,Renewal,Renewal,2025-01-01,2025-12-31,,"Uniform dollar increase established by the state for inpatient and outpatient hospital services at eligible critical access, acute, and rehabilitation hospitals for the rating period covering January 1, 2025 through December 31, 2025, incorporated in the capitation rates through a separate payment term amount up to $2,269,269,993.",phase_down_determination,prose,,,,,,,,226926999300.0,separate_payment_term,False,False,False,not read,,,,,https://www.medicaid.gov/medicaid/managed-care/downloads/WI_Fee_IPH.OPH_Renewal_20250101-20251231.pdf,51691375e2a4d9849f96a6002a095da25e8dab0e2c812b50f872ebaa5c55092d,2026-09-30T17:04:25Z,,0.1.0
WI_Fee_IPH.OPH_Renewal_20260101-20261231,WI,Wisconsin,Fee,FEE,IPH.OPH,Renewal,Renewal,2026-01-01,2026-12-31,,"Uniform dollar increase for inpatient and outpatient hospital services established by the state for the rating period covering January 1, 2026 through December 31, 2026, incorporated in the capitation rates through a separate payment term amount up to $2,269,269,993.",phase_down_determination,prose,,,,,,,,226926999300.0,separate_payment_term,False,False,False,not read,,,,,https://www.medicaid.gov/medicaid/managed-care/downloads/WI_Fee_IPH.OPH_Renewal_20260101-20261231.pdf,971aa9d7b868e96d793514d92eaae52fe92ba296a3f136715f16640947986149,2026-09-30T17:04:26Z,,0.1.0
WI_Fee_Oth2_New_20240101-20241231,WI,Wisconsin,Fee,FEE,Oth2,New,New,2024-01-01,2024-12-31,,"Uniform dollar increase for ground emergency ambulance services for the rating period covering January 1, 2024 through December 31, 2024, incorporated in the capitation rates through a risk-based rate adjustment.",form_only_no_letter,numbered,1011075969.0,10110759.69,"$10,110,759.69",612737314.0,"$6,127,373.14",398338655.0,"$3,983,386.55",,,True,False,False,,,,,,https://www.medicaid.gov/medicaid/managed-care/downloads/WI_Fee_Oth2_New_20240101-20241231.pdf,a670540eb359b569a36377edc28533a6cdfe1435495af03b8c22db4fbcb33068,2026-09-30T17:04:29Z,,0.1.0
WI_Fee_Oth2_Renewal_20250101-20251231,WI,Wisconsin,Fee,FEE,Oth2,Renewal,Renewal,2025-01-01,2025-12-31,,"Uniform dollar increase for eligible ground emergency ambulance services for the rating period covering January 1, 2025 through December 31, 2025, incorporated in the capitation rates through a risk-based rate adjustment of up to $10,904,534.33.",form_only_no_letter,numbered,1090453433.0,10904534.33,"$10,904,534.33",659615282.0,"$6,596,152.82",430838151.0,"$4,308,381.51",,,True,False,False,,,,,,https://www.medicaid.gov/medicaid/managed-care/downloads/WI_Fee_Oth2_Renewal_20250101-20251231.pdf,6c0471e74f40316f84bc751011e84614db4aaa593ed5b5e1634928a4194a3f2d,2026-09-30T17:04:30Z,,0.1.0
WI_Fee_Oth2_Renewal_20260101-20261231,WI,Wisconsin,Fee,FEE,Oth2,Renewal,Renewal,2026-01-01,2026-12-31,,"Uniform dollar increase for eligible ground emergency ambulance services for the rating period covering January 1, 2026 through December 31, 2026, incorporated in the capitation rates through a risk-based rate adjustment up to $11,679,734.18.",form_only_no_letter,minimal,,,,,,,,,,False,False,False,not read,,,,,https://www.medicaid.gov/medicaid/managed-care/downloads/WI_Fee_Oth2_Renewal_20260101-20261231.pdf,879cbf28dc1b3a3d53bae4240f63e4ef647b805b141a551b37f75dbcbc00f945,2026-09-30T17:04:32Z,,0.1.0
WI_Fee_Oth_Renewal_20230101-20231231,WI,Wisconsin,Fee,FEE,Oth,Renewal,Renewal,2023-01-01,2023-12-31,,"The minimum and maximum fee schedules established by the state for the rating period covering January 1, 2023 through December 31, 2023, incorporated in the capitation rates through a risk-based adjustment.",approval,numbered,0.0,0.0,$0,0.0,$0,0.0,$0,,,True,False,False,,,,,,https://www.medicaid.gov/medicaid/managed-care/downloads/wi-fee-oth-renewal-20230101-20231231.pdf,d953accf68b8999816552e859cbe1a9e2bac9dac775a540ef110207f61bddb1f,2026-09-30T17:04:33Z,,0.1.0
WI_Fee_Oth_Renewal_20240101-20241231,WI,Wisconsin,Fee,FEE,Oth,Renewal,Renewal,2024-01-01,2024-12-31,,"The minimum and maximum fee schedules established by the state for the rating period covering January 1, 2024 through December 31, 2024, incorporated in the capitation rates through a risk-based adjustment.",form_only_no_letter,numbered,0.0,0.0,$0,0.0,$0,0.0,$0,,,True,False,False,,,,,,https://www.medicaid.gov/medicaid/managed-care/downloads/WI_Fee_Oth_Renewal_20240101-20241231.pdf,2f144f2a82ef71fd0c6bc504bab5c0c2c578a064093e6c123fc14e9388588fba,2026-09-30T17:04:34Z,,0.1.0
WI_Fee_Oth_Renewal_20250101-20251231,WI,Wisconsin,Fee,FEE,Oth,Renewal,Renewal,2025-01-01,2025-12-31,,"Minimum and maximum fee schedules established by the state for the rating period, January 1, 2025 through December 31, 2025, incorporated into the capitation rates through a risk-based rate adjustment.",form_only_no_letter,numbered,0.0,0.0,$0,0.0,$0,0.0,$0,,,True,False,False,,WI_Fee_Oth_Renewal_20250101-20251231,,,,https://www.medicaid.gov/medicaid/managed-care/downloads/WI_Fee_Oth_Renewal_20250101-20251231.pdf,b4ed60b46f04b0cba85890194a984d683485339205e70327d8b23db4b8007f80,2026-09-30T17:04:36Z,,0.1.0
WV-Fee-IPH-OPH-AMC-PC-Amend-20220701-20230630,WV,West Virginia,Fee,FEE,IPH_OPH_AMC_PC,Amend,Amendment,2022-07-01,2023-06-30,,"The Uniform Increase for eligible Acute Care Hospitals established by the state for Inpatient, Outpatient, and Physician Services for the rating period covering July 1, 2022 through June 30, 2023, incorporated in the capitation rates through a separate payment term of up to $343,997,344.",approval,numbered,34399734400.0,343997344.0,"$343,997,344",28327991000.0,"$283,279,910",6071743400.0,"$60,717,434",34399734400.0,separate_payment_term,True,False,False,,,,fields were hyphen separated,,https://www.medicaid.gov/medicaid/managed-care/downloads/wv-fee-iph-oph-amc-pc-amend-20220701-20230630.pdf,59b5494aed4734050b972b5c78bbde1c22ca846bf3ad7524f501e8001c01345e,2026-09-30T17:04:37Z,,0.1.0
WV_Fee_IPH.OPH.AMC.PC_Amendment_20230701-20240630,WV,West Virginia,Fee,FEE,IPH.OPH.AMC.PC,Amendment,Amendment,2023-07-01,2024-06-30,,"The Uniform Increase for eligible Acute Care Hospitals established by the state for Inpatient, Outpatient, and Physician Services for the rating period covering July 1, 2023through June 30, 2024, incorporated in the capitation rates through a separate payment term of up to $343,997,344.",form_only_no_letter,numbered,34399734400.0,343997344.0,"$343,997,344",27689057200.0,"$276,890,572",6710677200.0,"$67,106,772",,,True,False,False,,,,,,https://www.medicaid.gov/medicaid/managed-care/downloads/WV_Fee_IPH.OPH.AMC.PC_Amendment_20230701-20240630.pdf,7fd68dd3279c54c28e86438ff36d9ff5c800d199fbb8b93b81c692eaa27c86bc,2026-09-30T17:04:39Z,,0.1.0
WV_Fee_IPH.OPH.AMC.PC_Renewal_20230701-20240630,WV,West Virginia,Fee,FEE,IPH.OPH.AMC.PC,Renewal,Renewal,2023-07-01,2024-06-30,,"The Uniform Increase for eligible Acute Care Hospitals established by the state for Inpatient, Outpatient, and Physician Services for the rating period covering July 1, 2023 through June 30, 2024, incorporated in the capitation rates through a separate payment term of up to $270,573,649.",form_only_no_letter,numbered,27057364900.0,270573649.0,"$270,573,649",21796168500.0,"$217,961,685",5261196400.0,"$52,611,964",,,True,False,False,,,,,,https://www.medicaid.gov/medicaid/managed-care/downloads/WV_Fee_IPH.OPH.AMC.PC_Renewal_20230701-20240630.pdf,f1b292411c7425162fef4f801afe04050f268c9f27b5fea19b14dbed1db3309a,2026-09-30T17:04:41Z,,0.1.0
WV_Fee_IPH.OPH.AMC.PC_Renewal_20240701-20250630,WV,West Virginia,Fee,FEE,IPH.OPH.AMC.PC,Renewal,Renewal,2024-07-01,2025-06-30,,"The Uniform Increase for eligible Acute Care Hospitals established by the state for Inpatient, Outpatient, and Physician Services for the rating period covering July 1, 2024through June 30, 2025, incorporated in the capitation rates through a separate payment term of up to $1,336,557,110.",form_only_no_letter,numbered,133655711000.0,1336557110.0,"$1,336,557,110",108628946400.0,"$1,086,289,464",25026764600.0,"$250,267,646",,,True,False,False,,,,,,https://www.medicaid.gov/medicaid/managed-care/downloads/WV_Fee_IPH.OPH.AMC.PC_Renewal_20240701_20250630.pdf,620861630836b80bf0ee39435552ce76bd476dc1c43d19b1ca03f8ea14c7890c,2026-09-30T17:04:43Z,,0.1.0
WV_Fee_IPH.OPH.AMC_Renewal_20220701-20230630,WV,West Virginia,Fee,FEE,IPH.OPH.AMC,Renewal,Renewal,2022-07-01,2023-06-30,,"Uniform Increase for eligible Acute Care Hospitals established by the state for Inpatient, Outpatient, and Physician Services for the rating period covering July 1, 2022 through June 30, 2023, incorporated in the capitation rates through a separate payment term of up to $343,997,344.",approval,numbered,34399734400.0,343997344.0,"$343,997,344",28327991000.0,"$283,279,910",6071743400.0,"$60,717,434",34399734400.0,separate_payment_term,True,False,False,,,,,,https://www.medicaid.gov/medicaid/managed-care/downloads/wv-fee-iph.oph.amc-renewal-20220701-20230630.pdf,9ae3b9d74e08df89cb0c65bb397185255cdda30df87d81f7c5f545d6b907835b,2026-09-30T17:04:44Z,,0.1.0
WV_Fee_IPH.OPH.AMC_Renewal_20250701-20260630,WV,West Virginia,Fee,FEE,IPH.OPH.AMC,Renewal,Renewal,2025-07-01,2026-06-30,,"The Uniform Increase for eligible Acute Care Hospitals established by the state for Inpatient, Outpatient, and Physician Services for the rating period covering July 1, 2025 through June 30, 2026, incorporated in the capitation rates through a separate payment term up to $1,963,638,753.",phase_down_determination,prose,,,,,,,,196363875300.0,separate_payment_term,False,False,False,not read,,,,,https://www.medicaid.gov/medicaid/managed-care/downloads/WV_Fee_IPH.OPH.AMC_Renewal_20250701-20260630.pdf,598877bc0ee58285440b0f88c352521af548b55b05235d9be13a5ad94e467af6,2026-09-30T17:04:46Z,,0.1.0
WV_Fee_OTH1_Renewal_20220701-20230630,WV,West Virginia,Fee,FEE,OTH1,Renewal,Renewal,2022-07-01,2023-06-30,,"Uniform Increase for eligible Acute Care Hospitals established by the state for Physician and Specialty Physician Services for the rating period covering July 1, 2022 through June 30, 2023, incorporated in the capitation rates through a separate payment term of up to $35,413,059.",approval,numbered,3541305900.0,35413059.0,"$35,413,059",2916245800.0,"$29,162,458",625060100.0,"$6,250,601",3541305900.0,separate_payment_term,True,False,False,,,,,,https://www.medicaid.gov/medicaid/managed-care/downloads/wv-fee-oth1-renewal-20220701-20230630.pdf,b0de1a2940d37867f4d6cf1be7830d62b87cd738b9edc29a25b00b91cbc93032,2026-09-30T17:04:47Z,,0.1.0
WV_Fee_OTH1_Renewal_20240701-20250630,WV,West Virginia,Fee,FEE,OTH1,Renewal,Renewal,2024-07-01,2025-06-30,,"The Uniform Increase for eligible Acute Care Hospitals established by the state for Specialty Physician Services for the rating period covering July 1, 2024 through June 30, 2025, incorporated in the capitation rates through a separate payment term of up to $40,347,612.",form_only_no_letter,numbered,4034761200.0,40347612.0,"$40,347,612",3279260300.0,"$32,792,603",755501000.0,"$7,555,010",,,True,False,False,,,,,,https://www.medicaid.gov/medicaid/managed-care/downloads/WV_Fee_Oth1_Renewal_20240701-20250630.pdf,1897aabae254d42ca3d9f84183bbbd06ba284670e5687abfcc05dab6c61d70f5,2026-09-30T17:04:48Z,,0.1.0
WV_Fee_Oth1_Renewal_20230701-20240630,WV,West Virginia,Fee,FEE,Oth1,Renewal,Renewal,2023-07-01,2024-06-30,,Uniform Increase for eligible Acute Care Hospitals established by the state for Physician,form_only_no_letter,numbered,7107095500.0,71070955.0,"$71,070,955",5725149200.0,"$57,251,492",1381946300.0,"$13,819,463",,,True,False,False,,WV_Fee_OTH1_Renewa,filename says 'WV_Fee_Oth1_Renewal_20230701-20240630'; document says 'WV_Fee_OTH1_Renewa',,,https://www.medicaid.gov/medicaid/managed-care/downloads/WV_Fee_Oth1_Renewal_20230701-20240630.pdf,3a0f85a2709f3b683d95bc17f4e97ef3ff8d4368e63437388bb73ad7fa3c3a09,2026-09-30T17:04:50Z,,0.1.0
WV_Fee_Oth1_Renewal_20250701-20260630,WV,West Virginia,Fee,FEE,Oth1,Renewal,Renewal,2025-07-01,2026-06-30,,"The Uniform Increase for eligible Acute Care Hospitals established by the state for Specialty Physician Services for the rating period covering July 1, 2025 through June 30, 2026, incorporated in the capitation rates through a separate payment term up to$47,949,316.",form_only_no_letter,minimal,,,,,,,,,,False,False,False,not read,,,,,https://www.medicaid.gov/medicaid/managed-care/downloads/WV_Fee_Oth1_Renewal_20250701-20260630.pdf,221b834d05c6fba21d85746669dc02289243c0200b42bddff96ac085dbeaa74b,2026-09-30T17:04:51Z,,0.1.0
\GA_Fee_IPH.OPH2_Amend_20230701-20240630,GA,Georgia,Fee,FEE,IPH.OPH2,Amend,Amendment,2023-07-01,2024-06-30,,"The uniform percentage increase for inpatient and outpatient hospital services furnished by eligible teaching hospitals established by the state for the rating period covering July 1, 2023 through June 30, 2024, incorporated in the capitation rates through a separate payment term of up to $936,920,135.",form_only_no_letter,numbered,93692013500.0,936920135.0,"$936,920,135",61733667700.0,"$617,336,677",31958345800.0,"$319,583,458",,,True,False,False,,,,leading stray character removed from the identifier,,https://www.medicaid.gov/medicaid/managed-care/downloads/GA_Fee_IPH.OPH2_Amend_20230701-20240630.pdf,f93a004379597e3af5fd2a13d2091f483743386bdc2fe2ffa4dc3dcbdedd6dfd,2026-09-30T17:04:52Z,,0.1.0
vt-vbp-bho.oth-new-20230101-20231231,VT,Vermont,vbp,VBP,bho.oth,new,New,2023-01-01,2023-12-31,,"Value-based payment arrangement for Vermont’s Northeastern Family Institute for the rating period covering January 1, 2023 through December 31, 2023, incorporated in the capitation rates through a risk-based rate adjustment.",approval,numbered,467680300.0,4676803.0,"$4,676,803.00",261807400.0,"$2,618,074.00",205872900.0,"$2,058,729.00",,,True,False,False,,VT_VBP_BHO.Oth_New_20230101-20251231,filename says 'vt-vbp-bho.oth-new-20230101-20231231'; document says 'VT_VBP_BHO.Oth_New_20230101-20251231',state code was not upper case; fields were hyphen separated,,https://www.medicaid.gov/medicaid/managed-care/downloads/vt-vbp-bho.oth-new-20230101-20231231.pdf,cde2ffa98d25cce554423a170292acc14fd078baa891732c54931df372d3a846,2026-09-30T17:04:54Z,,0.1.0
